block_count,block_state,model_impl,rank,run_id,runtime_mode,size_bin_bytes,snapshot_phase
1,active_allocated,CoLA,0,memlive_3b_cola_distopt,DistOpt,"[1,2)",post_backward
2,active_allocated,CoLA,0,memlive_3b_cola_distopt,DistOpt,"[1048576,2097152)",post_backward
1,active_allocated,CoLA,0,memlive_3b_cola_distopt,DistOpt,"[128,256)",post_backward
25,active_allocated,CoLA,0,memlive_3b_cola_distopt,DistOpt,"[16777216,33554432)",post_backward
1,active_allocated,CoLA,0,memlive_3b_cola_distopt,DistOpt,"[2147483648,4294967296)",post_backward
1,active_allocated,CoLA,0,memlive_3b_cola_distopt,DistOpt,"[262144,524288)",post_backward
1,active_allocated,CoLA,0,memlive_3b_cola_distopt,DistOpt,"[268435456,536870912)",post_backward
2,active_allocated,CoLA,0,memlive_3b_cola_distopt,DistOpt,"[4,8)",post_backward
1,active_allocated,CoLA,0,memlive_3b_cola_distopt,DistOpt,"[4096,8192)",post_backward
1,active_allocated,CoLA,0,memlive_3b_cola_distopt,DistOpt,"[4294967296,8589934592)",post_backward
1,active_allocated,CoLA,0,memlive_3b_cola_distopt,DistOpt,"[67108864,134217728)",post_backward
2,active_allocated,CoLA,0,memlive_3b_cola_distopt,DistOpt,"[8,16)",post_backward
13,active_allocated,CoLA,0,memlive_3b_cola_distopt,DistOpt,"[8192,16384)",post_backward
31,active_allocated,CoLA,0,memlive_3b_cola_distopt,DistOpt,"[8388608,16777216)",post_backward
1,active_allocated,CoLA,0,memlive_3b_cola_distopt,DistOpt,"[1,2)",post_backward
4,active_allocated,CoLA,0,memlive_3b_cola_distopt,DistOpt,"[1048576,2097152)",post_backward
1,active_allocated,CoLA,0,memlive_3b_cola_distopt,DistOpt,"[128,256)",post_backward
75,active_allocated,CoLA,0,memlive_3b_cola_distopt,DistOpt,"[16777216,33554432)",post_backward
1,active_allocated,CoLA,0,memlive_3b_cola_distopt,DistOpt,"[2147483648,4294967296)",post_backward
1,active_allocated,CoLA,0,memlive_3b_cola_distopt,DistOpt,"[262144,524288)",post_backward
3,active_allocated,CoLA,0,memlive_3b_cola_distopt,DistOpt,"[268435456,536870912)",post_backward
4,active_allocated,CoLA,0,memlive_3b_cola_distopt,DistOpt,"[4,8)",post_backward
1,active_allocated,CoLA,0,memlive_3b_cola_distopt,DistOpt,"[4096,8192)",post_backward
1,active_allocated,CoLA,0,memlive_3b_cola_distopt,DistOpt,"[4294967296,8589934592)",post_backward
1,active_allocated,CoLA,0,memlive_3b_cola_distopt,DistOpt,"[67108864,134217728)",post_backward
2,active_allocated,CoLA,0,memlive_3b_cola_distopt,DistOpt,"[8,16)",post_backward
33,active_allocated,CoLA,0,memlive_3b_cola_distopt,DistOpt,"[8192,16384)",post_backward
89,active_allocated,CoLA,0,memlive_3b_cola_distopt,DistOpt,"[8388608,16777216)",post_backward
1,active_allocated,CoLA,0,memlive_3b_cola_distopt,DistOpt,"[1,2)",post_backward
4,active_allocated,CoLA,0,memlive_3b_cola_distopt,DistOpt,"[1048576,2097152)",post_backward
1,active_allocated,CoLA,0,memlive_3b_cola_distopt,DistOpt,"[128,256)",post_backward
75,active_allocated,CoLA,0,memlive_3b_cola_distopt,DistOpt,"[16777216,33554432)",post_backward
1,active_allocated,CoLA,0,memlive_3b_cola_distopt,DistOpt,"[2147483648,4294967296)",post_backward
1,active_allocated,CoLA,0,memlive_3b_cola_distopt,DistOpt,"[262144,524288)",post_backward
3,active_allocated,CoLA,0,memlive_3b_cola_distopt,DistOpt,"[268435456,536870912)",post_backward
4,active_allocated,CoLA,0,memlive_3b_cola_distopt,DistOpt,"[4,8)",post_backward
1,active_allocated,CoLA,0,memlive_3b_cola_distopt,DistOpt,"[4096,8192)",post_backward
1,active_allocated,CoLA,0,memlive_3b_cola_distopt,DistOpt,"[4294967296,8589934592)",post_backward
1,active_allocated,CoLA,0,memlive_3b_cola_distopt,DistOpt,"[67108864,134217728)",post_backward
2,active_allocated,CoLA,0,memlive_3b_cola_distopt,DistOpt,"[8,16)",post_backward
33,active_allocated,CoLA,0,memlive_3b_cola_distopt,DistOpt,"[8192,16384)",post_backward
89,active_allocated,CoLA,0,memlive_3b_cola_distopt,DistOpt,"[8388608,16777216)",post_backward
1,active_allocated,CoLA,0,memlive_3b_cola_distopt,DistOpt,"[1,2)",post_backward
4,active_allocated,CoLA,0,memlive_3b_cola_distopt,DistOpt,"[1048576,2097152)",post_backward
1,active_allocated,CoLA,0,memlive_3b_cola_distopt,DistOpt,"[128,256)",post_backward
75,active_allocated,CoLA,0,memlive_3b_cola_distopt,DistOpt,"[16777216,33554432)",post_backward
1,active_allocated,CoLA,0,memlive_3b_cola_distopt,DistOpt,"[2147483648,4294967296)",post_backward
1,active_allocated,CoLA,0,memlive_3b_cola_distopt,DistOpt,"[262144,524288)",post_backward
3,active_allocated,CoLA,0,memlive_3b_cola_distopt,DistOpt,"[268435456,536870912)",post_backward
4,active_allocated,CoLA,0,memlive_3b_cola_distopt,DistOpt,"[4,8)",post_backward
1,active_allocated,CoLA,0,memlive_3b_cola_distopt,DistOpt,"[4096,8192)",post_backward
1,active_allocated,CoLA,0,memlive_3b_cola_distopt,DistOpt,"[4294967296,8589934592)",post_backward
1,active_allocated,CoLA,0,memlive_3b_cola_distopt,DistOpt,"[67108864,134217728)",post_backward
2,active_allocated,CoLA,0,memlive_3b_cola_distopt,DistOpt,"[8,16)",post_backward
33,active_allocated,CoLA,0,memlive_3b_cola_distopt,DistOpt,"[8192,16384)",post_backward
89,active_allocated,CoLA,0,memlive_3b_cola_distopt,DistOpt,"[8388608,16777216)",post_backward
1,active_allocated,CoLA,0,memlive_3b_cola_distopt,DistOpt,"[1,2)",post_backward
4,active_allocated,CoLA,0,memlive_3b_cola_distopt,DistOpt,"[1048576,2097152)",post_backward
1,active_allocated,CoLA,0,memlive_3b_cola_distopt,DistOpt,"[128,256)",post_backward
75,active_allocated,CoLA,0,memlive_3b_cola_distopt,DistOpt,"[16777216,33554432)",post_backward
1,active_allocated,CoLA,0,memlive_3b_cola_distopt,DistOpt,"[2147483648,4294967296)",post_backward
1,active_allocated,CoLA,0,memlive_3b_cola_distopt,DistOpt,"[262144,524288)",post_backward
3,active_allocated,CoLA,0,memlive_3b_cola_distopt,DistOpt,"[268435456,536870912)",post_backward
4,active_allocated,CoLA,0,memlive_3b_cola_distopt,DistOpt,"[4,8)",post_backward
1,active_allocated,CoLA,0,memlive_3b_cola_distopt,DistOpt,"[4096,8192)",post_backward
1,active_allocated,CoLA,0,memlive_3b_cola_distopt,DistOpt,"[4294967296,8589934592)",post_backward
1,active_allocated,CoLA,0,memlive_3b_cola_distopt,DistOpt,"[67108864,134217728)",post_backward
2,active_allocated,CoLA,0,memlive_3b_cola_distopt,DistOpt,"[8,16)",post_backward
33,active_allocated,CoLA,0,memlive_3b_cola_distopt,DistOpt,"[8192,16384)",post_backward
89,active_allocated,CoLA,0,memlive_3b_cola_distopt,DistOpt,"[8388608,16777216)",post_backward
1,active_allocated,CoLA,0,memlive_3b_cola_distopt,DistOpt,"[1,2)",post_backward
4,active_allocated,CoLA,0,memlive_3b_cola_distopt,DistOpt,"[1048576,2097152)",post_backward
1,active_allocated,CoLA,0,memlive_3b_cola_distopt,DistOpt,"[128,256)",post_backward
75,active_allocated,CoLA,0,memlive_3b_cola_distopt,DistOpt,"[16777216,33554432)",post_backward
1,active_allocated,CoLA,0,memlive_3b_cola_distopt,DistOpt,"[2147483648,4294967296)",post_backward
1,active_allocated,CoLA,0,memlive_3b_cola_distopt,DistOpt,"[262144,524288)",post_backward
3,active_allocated,CoLA,0,memlive_3b_cola_distopt,DistOpt,"[268435456,536870912)",post_backward
4,active_allocated,CoLA,0,memlive_3b_cola_distopt,DistOpt,"[4,8)",post_backward
1,active_allocated,CoLA,0,memlive_3b_cola_distopt,DistOpt,"[4096,8192)",post_backward
1,active_allocated,CoLA,0,memlive_3b_cola_distopt,DistOpt,"[4294967296,8589934592)",post_backward
1,active_allocated,CoLA,0,memlive_3b_cola_distopt,DistOpt,"[67108864,134217728)",post_backward
2,active_allocated,CoLA,0,memlive_3b_cola_distopt,DistOpt,"[8,16)",post_backward
33,active_allocated,CoLA,0,memlive_3b_cola_distopt,DistOpt,"[8192,16384)",post_backward
89,active_allocated,CoLA,0,memlive_3b_cola_distopt,DistOpt,"[8388608,16777216)",post_backward
1,active_allocated,CoLA,0,memlive_3b_cola_distopt,DistOpt,"[1,2)",post_backward
4,active_allocated,CoLA,0,memlive_3b_cola_distopt,DistOpt,"[1048576,2097152)",post_backward
1,active_allocated,CoLA,0,memlive_3b_cola_distopt,DistOpt,"[128,256)",post_backward
75,active_allocated,CoLA,0,memlive_3b_cola_distopt,DistOpt,"[16777216,33554432)",post_backward
1,active_allocated,CoLA,0,memlive_3b_cola_distopt,DistOpt,"[2147483648,4294967296)",post_backward
1,active_allocated,CoLA,0,memlive_3b_cola_distopt,DistOpt,"[262144,524288)",post_backward
3,active_allocated,CoLA,0,memlive_3b_cola_distopt,DistOpt,"[268435456,536870912)",post_backward
4,active_allocated,CoLA,0,memlive_3b_cola_distopt,DistOpt,"[4,8)",post_backward
1,active_allocated,CoLA,0,memlive_3b_cola_distopt,DistOpt,"[4096,8192)",post_backward
1,active_allocated,CoLA,0,memlive_3b_cola_distopt,DistOpt,"[4294967296,8589934592)",post_backward
1,active_allocated,CoLA,0,memlive_3b_cola_distopt,DistOpt,"[67108864,134217728)",post_backward
2,active_allocated,CoLA,0,memlive_3b_cola_distopt,DistOpt,"[8,16)",post_backward
33,active_allocated,CoLA,0,memlive_3b_cola_distopt,DistOpt,"[8192,16384)",post_backward
89,active_allocated,CoLA,0,memlive_3b_cola_distopt,DistOpt,"[8388608,16777216)",post_backward
1,active_allocated,CoLA,0,memlive_3b_cola_distopt,DistOpt,"[1,2)",post_backward
4,active_allocated,CoLA,0,memlive_3b_cola_distopt,DistOpt,"[1048576,2097152)",post_backward
1,active_allocated,CoLA,0,memlive_3b_cola_distopt,DistOpt,"[128,256)",post_backward
75,active_allocated,CoLA,0,memlive_3b_cola_distopt,DistOpt,"[16777216,33554432)",post_backward
1,active_allocated,CoLA,0,memlive_3b_cola_distopt,DistOpt,"[2147483648,4294967296)",post_backward
1,active_allocated,CoLA,0,memlive_3b_cola_distopt,DistOpt,"[262144,524288)",post_backward
3,active_allocated,CoLA,0,memlive_3b_cola_distopt,DistOpt,"[268435456,536870912)",post_backward
4,active_allocated,CoLA,0,memlive_3b_cola_distopt,DistOpt,"[4,8)",post_backward
1,active_allocated,CoLA,0,memlive_3b_cola_distopt,DistOpt,"[4096,8192)",post_backward
1,active_allocated,CoLA,0,memlive_3b_cola_distopt,DistOpt,"[4294967296,8589934592)",post_backward
1,active_allocated,CoLA,0,memlive_3b_cola_distopt,DistOpt,"[67108864,134217728)",post_backward
2,active_allocated,CoLA,0,memlive_3b_cola_distopt,DistOpt,"[8,16)",post_backward
33,active_allocated,CoLA,0,memlive_3b_cola_distopt,DistOpt,"[8192,16384)",post_backward
89,active_allocated,CoLA,0,memlive_3b_cola_distopt,DistOpt,"[8388608,16777216)",post_backward
1,active_allocated,CoLA,0,memlive_3b_cola_distopt,DistOpt,"[1,2)",post_backward
4,active_allocated,CoLA,0,memlive_3b_cola_distopt,DistOpt,"[1048576,2097152)",post_backward
1,active_allocated,CoLA,0,memlive_3b_cola_distopt,DistOpt,"[128,256)",post_backward
75,active_allocated,CoLA,0,memlive_3b_cola_distopt,DistOpt,"[16777216,33554432)",post_backward
1,active_allocated,CoLA,0,memlive_3b_cola_distopt,DistOpt,"[2147483648,4294967296)",post_backward
1,active_allocated,CoLA,0,memlive_3b_cola_distopt,DistOpt,"[262144,524288)",post_backward
3,active_allocated,CoLA,0,memlive_3b_cola_distopt,DistOpt,"[268435456,536870912)",post_backward
4,active_allocated,CoLA,0,memlive_3b_cola_distopt,DistOpt,"[4,8)",post_backward
1,active_allocated,CoLA,0,memlive_3b_cola_distopt,DistOpt,"[4096,8192)",post_backward
1,active_allocated,CoLA,0,memlive_3b_cola_distopt,DistOpt,"[4294967296,8589934592)",post_backward
1,active_allocated,CoLA,0,memlive_3b_cola_distopt,DistOpt,"[67108864,134217728)",post_backward
2,active_allocated,CoLA,0,memlive_3b_cola_distopt,DistOpt,"[8,16)",post_backward
33,active_allocated,CoLA,0,memlive_3b_cola_distopt,DistOpt,"[8192,16384)",post_backward
89,active_allocated,CoLA,0,memlive_3b_cola_distopt,DistOpt,"[8388608,16777216)",post_backward
1,active_allocated,CoLA,0,memlive_3b_cola_distopt,DistOpt,"[1,2)",post_backward
4,active_allocated,CoLA,0,memlive_3b_cola_distopt,DistOpt,"[1048576,2097152)",post_backward
1,active_allocated,CoLA,0,memlive_3b_cola_distopt,DistOpt,"[128,256)",post_backward
75,active_allocated,CoLA,0,memlive_3b_cola_distopt,DistOpt,"[16777216,33554432)",post_backward
1,active_allocated,CoLA,0,memlive_3b_cola_distopt,DistOpt,"[2147483648,4294967296)",post_backward
1,active_allocated,CoLA,0,memlive_3b_cola_distopt,DistOpt,"[262144,524288)",post_backward
3,active_allocated,CoLA,0,memlive_3b_cola_distopt,DistOpt,"[268435456,536870912)",post_backward
4,active_allocated,CoLA,0,memlive_3b_cola_distopt,DistOpt,"[4,8)",post_backward
1,active_allocated,CoLA,0,memlive_3b_cola_distopt,DistOpt,"[4096,8192)",post_backward
1,active_allocated,CoLA,0,memlive_3b_cola_distopt,DistOpt,"[4294967296,8589934592)",post_backward
1,active_allocated,CoLA,0,memlive_3b_cola_distopt,DistOpt,"[67108864,134217728)",post_backward
2,active_allocated,CoLA,0,memlive_3b_cola_distopt,DistOpt,"[8,16)",post_backward
33,active_allocated,CoLA,0,memlive_3b_cola_distopt,DistOpt,"[8192,16384)",post_backward
89,active_allocated,CoLA,0,memlive_3b_cola_distopt,DistOpt,"[8388608,16777216)",post_backward
1,active_allocated,CoLA,0,memlive_3b_cola_distopt,DistOpt,"[1,2)",post_backward
4,active_allocated,CoLA,0,memlive_3b_cola_distopt,DistOpt,"[1048576,2097152)",post_backward
1,active_allocated,CoLA,0,memlive_3b_cola_distopt,DistOpt,"[128,256)",post_backward
75,active_allocated,CoLA,0,memlive_3b_cola_distopt,DistOpt,"[16777216,33554432)",post_backward
1,active_allocated,CoLA,0,memlive_3b_cola_distopt,DistOpt,"[2147483648,4294967296)",post_backward
1,active_allocated,CoLA,0,memlive_3b_cola_distopt,DistOpt,"[262144,524288)",post_backward
3,active_allocated,CoLA,0,memlive_3b_cola_distopt,DistOpt,"[268435456,536870912)",post_backward
4,active_allocated,CoLA,0,memlive_3b_cola_distopt,DistOpt,"[4,8)",post_backward
1,active_allocated,CoLA,0,memlive_3b_cola_distopt,DistOpt,"[4096,8192)",post_backward
1,active_allocated,CoLA,0,memlive_3b_cola_distopt,DistOpt,"[4294967296,8589934592)",post_backward
1,active_allocated,CoLA,0,memlive_3b_cola_distopt,DistOpt,"[67108864,134217728)",post_backward
2,active_allocated,CoLA,0,memlive_3b_cola_distopt,DistOpt,"[8,16)",post_backward
33,active_allocated,CoLA,0,memlive_3b_cola_distopt,DistOpt,"[8192,16384)",post_backward
89,active_allocated,CoLA,0,memlive_3b_cola_distopt,DistOpt,"[8388608,16777216)",post_backward
1,active_allocated,CoLA,0,memlive_3b_cola_distopt,DistOpt,"[1,2)",post_backward
4,active_allocated,CoLA,0,memlive_3b_cola_distopt,DistOpt,"[1048576,2097152)",post_backward
1,active_allocated,CoLA,0,memlive_3b_cola_distopt,DistOpt,"[128,256)",post_backward
75,active_allocated,CoLA,0,memlive_3b_cola_distopt,DistOpt,"[16777216,33554432)",post_backward
1,active_allocated,CoLA,0,memlive_3b_cola_distopt,DistOpt,"[2147483648,4294967296)",post_backward
1,active_allocated,CoLA,0,memlive_3b_cola_distopt,DistOpt,"[262144,524288)",post_backward
3,active_allocated,CoLA,0,memlive_3b_cola_distopt,DistOpt,"[268435456,536870912)",post_backward
4,active_allocated,CoLA,0,memlive_3b_cola_distopt,DistOpt,"[4,8)",post_backward
1,active_allocated,CoLA,0,memlive_3b_cola_distopt,DistOpt,"[4096,8192)",post_backward
1,active_allocated,CoLA,0,memlive_3b_cola_distopt,DistOpt,"[4294967296,8589934592)",post_backward
1,active_allocated,CoLA,0,memlive_3b_cola_distopt,DistOpt,"[67108864,134217728)",post_backward
2,active_allocated,CoLA,0,memlive_3b_cola_distopt,DistOpt,"[8,16)",post_backward
33,active_allocated,CoLA,0,memlive_3b_cola_distopt,DistOpt,"[8192,16384)",post_backward
89,active_allocated,CoLA,0,memlive_3b_cola_distopt,DistOpt,"[8388608,16777216)",post_backward
1,active_allocated,CoLA,0,memlive_3b_cola_distopt,DistOpt,"[1,2)",post_init
1,active_allocated,CoLA,0,memlive_3b_cola_distopt,DistOpt,"[1048576,2097152)",post_init
1,active_allocated,CoLA,0,memlive_3b_cola_distopt,DistOpt,"[128,256)",post_init
25,active_allocated,CoLA,0,memlive_3b_cola_distopt,DistOpt,"[16777216,33554432)",post_init
1,active_allocated,CoLA,0,memlive_3b_cola_distopt,DistOpt,"[2147483648,4294967296)",post_init
1,active_allocated,CoLA,0,memlive_3b_cola_distopt,DistOpt,"[268435456,536870912)",post_init
2,active_allocated,CoLA,0,memlive_3b_cola_distopt,DistOpt,"[4,8)",post_init
1,active_allocated,CoLA,0,memlive_3b_cola_distopt,DistOpt,"[4294967296,8589934592)",post_init
1,active_allocated,CoLA,0,memlive_3b_cola_distopt,DistOpt,"[8,16)",post_init
10,active_allocated,CoLA,0,memlive_3b_cola_distopt,DistOpt,"[8192,16384)",post_init
29,active_allocated,CoLA,0,memlive_3b_cola_distopt,DistOpt,"[8388608,16777216)",post_init
1,active_allocated,CoLA,0,memlive_3b_cola_distopt,DistOpt,"[1,2)",post_optimizer_step
4,active_allocated,CoLA,0,memlive_3b_cola_distopt,DistOpt,"[1048576,2097152)",post_optimizer_step
1,active_allocated,CoLA,0,memlive_3b_cola_distopt,DistOpt,"[128,256)",post_optimizer_step
75,active_allocated,CoLA,0,memlive_3b_cola_distopt,DistOpt,"[16777216,33554432)",post_optimizer_step
1,active_allocated,CoLA,0,memlive_3b_cola_distopt,DistOpt,"[2147483648,4294967296)",post_optimizer_step
1,active_allocated,CoLA,0,memlive_3b_cola_distopt,DistOpt,"[262144,524288)",post_optimizer_step
3,active_allocated,CoLA,0,memlive_3b_cola_distopt,DistOpt,"[268435456,536870912)",post_optimizer_step
2,active_allocated,CoLA,0,memlive_3b_cola_distopt,DistOpt,"[4,8)",post_optimizer_step
1,active_allocated,CoLA,0,memlive_3b_cola_distopt,DistOpt,"[4096,8192)",post_optimizer_step
1,active_allocated,CoLA,0,memlive_3b_cola_distopt,DistOpt,"[4294967296,8589934592)",post_optimizer_step
1,active_allocated,CoLA,0,memlive_3b_cola_distopt,DistOpt,"[67108864,134217728)",post_optimizer_step
2,active_allocated,CoLA,0,memlive_3b_cola_distopt,DistOpt,"[8,16)",post_optimizer_step
33,active_allocated,CoLA,0,memlive_3b_cola_distopt,DistOpt,"[8192,16384)",post_optimizer_step
89,active_allocated,CoLA,0,memlive_3b_cola_distopt,DistOpt,"[8388608,16777216)",post_optimizer_step
1,active_allocated,CoLA,0,memlive_3b_cola_distopt,DistOpt,"[1,2)",post_optimizer_step
4,active_allocated,CoLA,0,memlive_3b_cola_distopt,DistOpt,"[1048576,2097152)",post_optimizer_step
1,active_allocated,CoLA,0,memlive_3b_cola_distopt,DistOpt,"[128,256)",post_optimizer_step
75,active_allocated,CoLA,0,memlive_3b_cola_distopt,DistOpt,"[16777216,33554432)",post_optimizer_step
1,active_allocated,CoLA,0,memlive_3b_cola_distopt,DistOpt,"[2147483648,4294967296)",post_optimizer_step
1,active_allocated,CoLA,0,memlive_3b_cola_distopt,DistOpt,"[262144,524288)",post_optimizer_step
3,active_allocated,CoLA,0,memlive_3b_cola_distopt,DistOpt,"[268435456,536870912)",post_optimizer_step
4,active_allocated,CoLA,0,memlive_3b_cola_distopt,DistOpt,"[4,8)",post_optimizer_step
1,active_allocated,CoLA,0,memlive_3b_cola_distopt,DistOpt,"[4096,8192)",post_optimizer_step
1,active_allocated,CoLA,0,memlive_3b_cola_distopt,DistOpt,"[4294967296,8589934592)",post_optimizer_step
1,active_allocated,CoLA,0,memlive_3b_cola_distopt,DistOpt,"[67108864,134217728)",post_optimizer_step
2,active_allocated,CoLA,0,memlive_3b_cola_distopt,DistOpt,"[8,16)",post_optimizer_step
33,active_allocated,CoLA,0,memlive_3b_cola_distopt,DistOpt,"[8192,16384)",post_optimizer_step
89,active_allocated,CoLA,0,memlive_3b_cola_distopt,DistOpt,"[8388608,16777216)",post_optimizer_step
1,active_allocated,CoLA,0,memlive_3b_cola_distopt,DistOpt,"[1,2)",post_optimizer_step
4,active_allocated,CoLA,0,memlive_3b_cola_distopt,DistOpt,"[1048576,2097152)",post_optimizer_step
1,active_allocated,CoLA,0,memlive_3b_cola_distopt,DistOpt,"[128,256)",post_optimizer_step
75,active_allocated,CoLA,0,memlive_3b_cola_distopt,DistOpt,"[16777216,33554432)",post_optimizer_step
1,active_allocated,CoLA,0,memlive_3b_cola_distopt,DistOpt,"[2147483648,4294967296)",post_optimizer_step
1,active_allocated,CoLA,0,memlive_3b_cola_distopt,DistOpt,"[262144,524288)",post_optimizer_step
3,active_allocated,CoLA,0,memlive_3b_cola_distopt,DistOpt,"[268435456,536870912)",post_optimizer_step
4,active_allocated,CoLA,0,memlive_3b_cola_distopt,DistOpt,"[4,8)",post_optimizer_step
1,active_allocated,CoLA,0,memlive_3b_cola_distopt,DistOpt,"[4096,8192)",post_optimizer_step
1,active_allocated,CoLA,0,memlive_3b_cola_distopt,DistOpt,"[4294967296,8589934592)",post_optimizer_step
1,active_allocated,CoLA,0,memlive_3b_cola_distopt,DistOpt,"[67108864,134217728)",post_optimizer_step
2,active_allocated,CoLA,0,memlive_3b_cola_distopt,DistOpt,"[8,16)",post_optimizer_step
33,active_allocated,CoLA,0,memlive_3b_cola_distopt,DistOpt,"[8192,16384)",post_optimizer_step
89,active_allocated,CoLA,0,memlive_3b_cola_distopt,DistOpt,"[8388608,16777216)",post_optimizer_step
1,active_allocated,CoLA,0,memlive_3b_cola_distopt,DistOpt,"[1,2)",post_optimizer_step
4,active_allocated,CoLA,0,memlive_3b_cola_distopt,DistOpt,"[1048576,2097152)",post_optimizer_step
1,active_allocated,CoLA,0,memlive_3b_cola_distopt,DistOpt,"[128,256)",post_optimizer_step
75,active_allocated,CoLA,0,memlive_3b_cola_distopt,DistOpt,"[16777216,33554432)",post_optimizer_step
1,active_allocated,CoLA,0,memlive_3b_cola_distopt,DistOpt,"[2147483648,4294967296)",post_optimizer_step
1,active_allocated,CoLA,0,memlive_3b_cola_distopt,DistOpt,"[262144,524288)",post_optimizer_step
3,active_allocated,CoLA,0,memlive_3b_cola_distopt,DistOpt,"[268435456,536870912)",post_optimizer_step
4,active_allocated,CoLA,0,memlive_3b_cola_distopt,DistOpt,"[4,8)",post_optimizer_step
1,active_allocated,CoLA,0,memlive_3b_cola_distopt,DistOpt,"[4096,8192)",post_optimizer_step
1,active_allocated,CoLA,0,memlive_3b_cola_distopt,DistOpt,"[4294967296,8589934592)",post_optimizer_step
1,active_allocated,CoLA,0,memlive_3b_cola_distopt,DistOpt,"[67108864,134217728)",post_optimizer_step
2,active_allocated,CoLA,0,memlive_3b_cola_distopt,DistOpt,"[8,16)",post_optimizer_step
33,active_allocated,CoLA,0,memlive_3b_cola_distopt,DistOpt,"[8192,16384)",post_optimizer_step
89,active_allocated,CoLA,0,memlive_3b_cola_distopt,DistOpt,"[8388608,16777216)",post_optimizer_step
1,active_allocated,CoLA,0,memlive_3b_cola_distopt,DistOpt,"[1,2)",post_optimizer_step
4,active_allocated,CoLA,0,memlive_3b_cola_distopt,DistOpt,"[1048576,2097152)",post_optimizer_step
1,active_allocated,CoLA,0,memlive_3b_cola_distopt,DistOpt,"[128,256)",post_optimizer_step
75,active_allocated,CoLA,0,memlive_3b_cola_distopt,DistOpt,"[16777216,33554432)",post_optimizer_step
1,active_allocated,CoLA,0,memlive_3b_cola_distopt,DistOpt,"[2147483648,4294967296)",post_optimizer_step
1,active_allocated,CoLA,0,memlive_3b_cola_distopt,DistOpt,"[262144,524288)",post_optimizer_step
3,active_allocated,CoLA,0,memlive_3b_cola_distopt,DistOpt,"[268435456,536870912)",post_optimizer_step
4,active_allocated,CoLA,0,memlive_3b_cola_distopt,DistOpt,"[4,8)",post_optimizer_step
1,active_allocated,CoLA,0,memlive_3b_cola_distopt,DistOpt,"[4096,8192)",post_optimizer_step
1,active_allocated,CoLA,0,memlive_3b_cola_distopt,DistOpt,"[4294967296,8589934592)",post_optimizer_step
1,active_allocated,CoLA,0,memlive_3b_cola_distopt,DistOpt,"[67108864,134217728)",post_optimizer_step
2,active_allocated,CoLA,0,memlive_3b_cola_distopt,DistOpt,"[8,16)",post_optimizer_step
33,active_allocated,CoLA,0,memlive_3b_cola_distopt,DistOpt,"[8192,16384)",post_optimizer_step
89,active_allocated,CoLA,0,memlive_3b_cola_distopt,DistOpt,"[8388608,16777216)",post_optimizer_step
1,active_allocated,CoLA,0,memlive_3b_cola_distopt,DistOpt,"[1,2)",post_optimizer_step
4,active_allocated,CoLA,0,memlive_3b_cola_distopt,DistOpt,"[1048576,2097152)",post_optimizer_step
1,active_allocated,CoLA,0,memlive_3b_cola_distopt,DistOpt,"[128,256)",post_optimizer_step
75,active_allocated,CoLA,0,memlive_3b_cola_distopt,DistOpt,"[16777216,33554432)",post_optimizer_step
1,active_allocated,CoLA,0,memlive_3b_cola_distopt,DistOpt,"[2147483648,4294967296)",post_optimizer_step
1,active_allocated,CoLA,0,memlive_3b_cola_distopt,DistOpt,"[262144,524288)",post_optimizer_step
3,active_allocated,CoLA,0,memlive_3b_cola_distopt,DistOpt,"[268435456,536870912)",post_optimizer_step
4,active_allocated,CoLA,0,memlive_3b_cola_distopt,DistOpt,"[4,8)",post_optimizer_step
1,active_allocated,CoLA,0,memlive_3b_cola_distopt,DistOpt,"[4096,8192)",post_optimizer_step
1,active_allocated,CoLA,0,memlive_3b_cola_distopt,DistOpt,"[4294967296,8589934592)",post_optimizer_step
1,active_allocated,CoLA,0,memlive_3b_cola_distopt,DistOpt,"[67108864,134217728)",post_optimizer_step
2,active_allocated,CoLA,0,memlive_3b_cola_distopt,DistOpt,"[8,16)",post_optimizer_step
33,active_allocated,CoLA,0,memlive_3b_cola_distopt,DistOpt,"[8192,16384)",post_optimizer_step
89,active_allocated,CoLA,0,memlive_3b_cola_distopt,DistOpt,"[8388608,16777216)",post_optimizer_step
1,active_allocated,CoLA,0,memlive_3b_cola_distopt,DistOpt,"[1,2)",post_optimizer_step
4,active_allocated,CoLA,0,memlive_3b_cola_distopt,DistOpt,"[1048576,2097152)",post_optimizer_step
1,active_allocated,CoLA,0,memlive_3b_cola_distopt,DistOpt,"[128,256)",post_optimizer_step
75,active_allocated,CoLA,0,memlive_3b_cola_distopt,DistOpt,"[16777216,33554432)",post_optimizer_step
1,active_allocated,CoLA,0,memlive_3b_cola_distopt,DistOpt,"[2147483648,4294967296)",post_optimizer_step
1,active_allocated,CoLA,0,memlive_3b_cola_distopt,DistOpt,"[262144,524288)",post_optimizer_step
3,active_allocated,CoLA,0,memlive_3b_cola_distopt,DistOpt,"[268435456,536870912)",post_optimizer_step
4,active_allocated,CoLA,0,memlive_3b_cola_distopt,DistOpt,"[4,8)",post_optimizer_step
1,active_allocated,CoLA,0,memlive_3b_cola_distopt,DistOpt,"[4096,8192)",post_optimizer_step
1,active_allocated,CoLA,0,memlive_3b_cola_distopt,DistOpt,"[4294967296,8589934592)",post_optimizer_step
1,active_allocated,CoLA,0,memlive_3b_cola_distopt,DistOpt,"[67108864,134217728)",post_optimizer_step
2,active_allocated,CoLA,0,memlive_3b_cola_distopt,DistOpt,"[8,16)",post_optimizer_step
33,active_allocated,CoLA,0,memlive_3b_cola_distopt,DistOpt,"[8192,16384)",post_optimizer_step
89,active_allocated,CoLA,0,memlive_3b_cola_distopt,DistOpt,"[8388608,16777216)",post_optimizer_step
1,active_allocated,CoLA,0,memlive_3b_cola_distopt,DistOpt,"[1,2)",post_optimizer_step
4,active_allocated,CoLA,0,memlive_3b_cola_distopt,DistOpt,"[1048576,2097152)",post_optimizer_step
1,active_allocated,CoLA,0,memlive_3b_cola_distopt,DistOpt,"[128,256)",post_optimizer_step
75,active_allocated,CoLA,0,memlive_3b_cola_distopt,DistOpt,"[16777216,33554432)",post_optimizer_step
1,active_allocated,CoLA,0,memlive_3b_cola_distopt,DistOpt,"[2147483648,4294967296)",post_optimizer_step
1,active_allocated,CoLA,0,memlive_3b_cola_distopt,DistOpt,"[262144,524288)",post_optimizer_step
3,active_allocated,CoLA,0,memlive_3b_cola_distopt,DistOpt,"[268435456,536870912)",post_optimizer_step
4,active_allocated,CoLA,0,memlive_3b_cola_distopt,DistOpt,"[4,8)",post_optimizer_step
1,active_allocated,CoLA,0,memlive_3b_cola_distopt,DistOpt,"[4096,8192)",post_optimizer_step
1,active_allocated,CoLA,0,memlive_3b_cola_distopt,DistOpt,"[4294967296,8589934592)",post_optimizer_step
1,active_allocated,CoLA,0,memlive_3b_cola_distopt,DistOpt,"[67108864,134217728)",post_optimizer_step
2,active_allocated,CoLA,0,memlive_3b_cola_distopt,DistOpt,"[8,16)",post_optimizer_step
33,active_allocated,CoLA,0,memlive_3b_cola_distopt,DistOpt,"[8192,16384)",post_optimizer_step
89,active_allocated,CoLA,0,memlive_3b_cola_distopt,DistOpt,"[8388608,16777216)",post_optimizer_step
1,active_allocated,CoLA,0,memlive_3b_cola_distopt,DistOpt,"[1,2)",post_optimizer_step
4,active_allocated,CoLA,0,memlive_3b_cola_distopt,DistOpt,"[1048576,2097152)",post_optimizer_step
1,active_allocated,CoLA,0,memlive_3b_cola_distopt,DistOpt,"[128,256)",post_optimizer_step
75,active_allocated,CoLA,0,memlive_3b_cola_distopt,DistOpt,"[16777216,33554432)",post_optimizer_step
1,active_allocated,CoLA,0,memlive_3b_cola_distopt,DistOpt,"[2147483648,4294967296)",post_optimizer_step
1,active_allocated,CoLA,0,memlive_3b_cola_distopt,DistOpt,"[262144,524288)",post_optimizer_step
3,active_allocated,CoLA,0,memlive_3b_cola_distopt,DistOpt,"[268435456,536870912)",post_optimizer_step
4,active_allocated,CoLA,0,memlive_3b_cola_distopt,DistOpt,"[4,8)",post_optimizer_step
1,active_allocated,CoLA,0,memlive_3b_cola_distopt,DistOpt,"[4096,8192)",post_optimizer_step
1,active_allocated,CoLA,0,memlive_3b_cola_distopt,DistOpt,"[4294967296,8589934592)",post_optimizer_step
1,active_allocated,CoLA,0,memlive_3b_cola_distopt,DistOpt,"[67108864,134217728)",post_optimizer_step
2,active_allocated,CoLA,0,memlive_3b_cola_distopt,DistOpt,"[8,16)",post_optimizer_step
33,active_allocated,CoLA,0,memlive_3b_cola_distopt,DistOpt,"[8192,16384)",post_optimizer_step
89,active_allocated,CoLA,0,memlive_3b_cola_distopt,DistOpt,"[8388608,16777216)",post_optimizer_step
1,active_allocated,CoLA,0,memlive_3b_cola_distopt,DistOpt,"[1,2)",post_optimizer_step
4,active_allocated,CoLA,0,memlive_3b_cola_distopt,DistOpt,"[1048576,2097152)",post_optimizer_step
1,active_allocated,CoLA,0,memlive_3b_cola_distopt,DistOpt,"[128,256)",post_optimizer_step
75,active_allocated,CoLA,0,memlive_3b_cola_distopt,DistOpt,"[16777216,33554432)",post_optimizer_step
1,active_allocated,CoLA,0,memlive_3b_cola_distopt,DistOpt,"[2147483648,4294967296)",post_optimizer_step
1,active_allocated,CoLA,0,memlive_3b_cola_distopt,DistOpt,"[262144,524288)",post_optimizer_step
3,active_allocated,CoLA,0,memlive_3b_cola_distopt,DistOpt,"[268435456,536870912)",post_optimizer_step
4,active_allocated,CoLA,0,memlive_3b_cola_distopt,DistOpt,"[4,8)",post_optimizer_step
1,active_allocated,CoLA,0,memlive_3b_cola_distopt,DistOpt,"[4096,8192)",post_optimizer_step
1,active_allocated,CoLA,0,memlive_3b_cola_distopt,DistOpt,"[4294967296,8589934592)",post_optimizer_step
1,active_allocated,CoLA,0,memlive_3b_cola_distopt,DistOpt,"[67108864,134217728)",post_optimizer_step
2,active_allocated,CoLA,0,memlive_3b_cola_distopt,DistOpt,"[8,16)",post_optimizer_step
33,active_allocated,CoLA,0,memlive_3b_cola_distopt,DistOpt,"[8192,16384)",post_optimizer_step
89,active_allocated,CoLA,0,memlive_3b_cola_distopt,DistOpt,"[8388608,16777216)",post_optimizer_step
1,active_allocated,CoLA,0,memlive_3b_cola_distopt,DistOpt,"[1,2)",post_optimizer_step
4,active_allocated,CoLA,0,memlive_3b_cola_distopt,DistOpt,"[1048576,2097152)",post_optimizer_step
1,active_allocated,CoLA,0,memlive_3b_cola_distopt,DistOpt,"[128,256)",post_optimizer_step
75,active_allocated,CoLA,0,memlive_3b_cola_distopt,DistOpt,"[16777216,33554432)",post_optimizer_step
1,active_allocated,CoLA,0,memlive_3b_cola_distopt,DistOpt,"[2147483648,4294967296)",post_optimizer_step
1,active_allocated,CoLA,0,memlive_3b_cola_distopt,DistOpt,"[262144,524288)",post_optimizer_step
3,active_allocated,CoLA,0,memlive_3b_cola_distopt,DistOpt,"[268435456,536870912)",post_optimizer_step
4,active_allocated,CoLA,0,memlive_3b_cola_distopt,DistOpt,"[4,8)",post_optimizer_step
1,active_allocated,CoLA,0,memlive_3b_cola_distopt,DistOpt,"[4096,8192)",post_optimizer_step
1,active_allocated,CoLA,0,memlive_3b_cola_distopt,DistOpt,"[4294967296,8589934592)",post_optimizer_step
1,active_allocated,CoLA,0,memlive_3b_cola_distopt,DistOpt,"[67108864,134217728)",post_optimizer_step
2,active_allocated,CoLA,0,memlive_3b_cola_distopt,DistOpt,"[8,16)",post_optimizer_step
33,active_allocated,CoLA,0,memlive_3b_cola_distopt,DistOpt,"[8192,16384)",post_optimizer_step
89,active_allocated,CoLA,0,memlive_3b_cola_distopt,DistOpt,"[8388608,16777216)",post_optimizer_step
1,active_allocated,CoLA,0,memlive_3b_cola_distopt,DistOpt,"[1,2)",post_optimizer_step
4,active_allocated,CoLA,0,memlive_3b_cola_distopt,DistOpt,"[1048576,2097152)",post_optimizer_step
1,active_allocated,CoLA,0,memlive_3b_cola_distopt,DistOpt,"[128,256)",post_optimizer_step
75,active_allocated,CoLA,0,memlive_3b_cola_distopt,DistOpt,"[16777216,33554432)",post_optimizer_step
1,active_allocated,CoLA,0,memlive_3b_cola_distopt,DistOpt,"[2147483648,4294967296)",post_optimizer_step
1,active_allocated,CoLA,0,memlive_3b_cola_distopt,DistOpt,"[262144,524288)",post_optimizer_step
3,active_allocated,CoLA,0,memlive_3b_cola_distopt,DistOpt,"[268435456,536870912)",post_optimizer_step
4,active_allocated,CoLA,0,memlive_3b_cola_distopt,DistOpt,"[4,8)",post_optimizer_step
1,active_allocated,CoLA,0,memlive_3b_cola_distopt,DistOpt,"[4096,8192)",post_optimizer_step
1,active_allocated,CoLA,0,memlive_3b_cola_distopt,DistOpt,"[4294967296,8589934592)",post_optimizer_step
1,active_allocated,CoLA,0,memlive_3b_cola_distopt,DistOpt,"[67108864,134217728)",post_optimizer_step
2,active_allocated,CoLA,0,memlive_3b_cola_distopt,DistOpt,"[8,16)",post_optimizer_step
33,active_allocated,CoLA,0,memlive_3b_cola_distopt,DistOpt,"[8192,16384)",post_optimizer_step
89,active_allocated,CoLA,0,memlive_3b_cola_distopt,DistOpt,"[8388608,16777216)",post_optimizer_step
1,active_allocated,CoLA,0,memlive_3b_cola_distopt,DistOpt,"[1,2)",steady_state_after_iter_10
4,active_allocated,CoLA,0,memlive_3b_cola_distopt,DistOpt,"[1048576,2097152)",steady_state_after_iter_10
1,active_allocated,CoLA,0,memlive_3b_cola_distopt,DistOpt,"[128,256)",steady_state_after_iter_10
75,active_allocated,CoLA,0,memlive_3b_cola_distopt,DistOpt,"[16777216,33554432)",steady_state_after_iter_10
1,active_allocated,CoLA,0,memlive_3b_cola_distopt,DistOpt,"[2147483648,4294967296)",steady_state_after_iter_10
1,active_allocated,CoLA,0,memlive_3b_cola_distopt,DistOpt,"[262144,524288)",steady_state_after_iter_10
3,active_allocated,CoLA,0,memlive_3b_cola_distopt,DistOpt,"[268435456,536870912)",steady_state_after_iter_10
4,active_allocated,CoLA,0,memlive_3b_cola_distopt,DistOpt,"[4,8)",steady_state_after_iter_10
1,active_allocated,CoLA,0,memlive_3b_cola_distopt,DistOpt,"[4096,8192)",steady_state_after_iter_10
1,active_allocated,CoLA,0,memlive_3b_cola_distopt,DistOpt,"[4294967296,8589934592)",steady_state_after_iter_10
1,active_allocated,CoLA,0,memlive_3b_cola_distopt,DistOpt,"[67108864,134217728)",steady_state_after_iter_10
1,active_allocated,CoLA,0,memlive_3b_cola_distopt,DistOpt,"[8,16)",steady_state_after_iter_10
33,active_allocated,CoLA,0,memlive_3b_cola_distopt,DistOpt,"[8192,16384)",steady_state_after_iter_10
89,active_allocated,CoLA,0,memlive_3b_cola_distopt,DistOpt,"[8388608,16777216)",steady_state_after_iter_10
1,active_allocated,CoLA,0,memlive_3b_cola_distopt_offload,DistOpt+offload,"[1,2)",post_backward
1,active_allocated,CoLA,0,memlive_3b_cola_distopt_offload,DistOpt+offload,"[1048576,2097152)",post_backward
1,active_allocated,CoLA,0,memlive_3b_cola_distopt_offload,DistOpt+offload,"[128,256)",post_backward
1,active_allocated,CoLA,0,memlive_3b_cola_distopt_offload,DistOpt+offload,"[2147483648,4294967296)",post_backward
1,active_allocated,CoLA,0,memlive_3b_cola_distopt_offload,DistOpt+offload,"[262144,524288)",post_backward
1,active_allocated,CoLA,0,memlive_3b_cola_distopt_offload,DistOpt+offload,"[4,8)",post_backward
1,active_allocated,CoLA,0,memlive_3b_cola_distopt_offload,DistOpt+offload,"[4096,8192)",post_backward
1,active_allocated,CoLA,0,memlive_3b_cola_distopt_offload,DistOpt+offload,"[4294967296,8589934592)",post_backward
1,active_allocated,CoLA,0,memlive_3b_cola_distopt_offload,DistOpt+offload,"[67108864,134217728)",post_backward
2,active_allocated,CoLA,0,memlive_3b_cola_distopt_offload,DistOpt+offload,"[8,16)",post_backward
3,active_allocated,CoLA,0,memlive_3b_cola_distopt_offload,DistOpt+offload,"[8192,16384)",post_backward
2,active_allocated,CoLA,0,memlive_3b_cola_distopt_offload,DistOpt+offload,"[8388608,16777216)",post_backward
1,active_allocated,CoLA,0,memlive_3b_cola_distopt_offload,DistOpt+offload,"[1,2)",post_backward
1,active_allocated,CoLA,0,memlive_3b_cola_distopt_offload,DistOpt+offload,"[1048576,2097152)",post_backward
1,active_allocated,CoLA,0,memlive_3b_cola_distopt_offload,DistOpt+offload,"[128,256)",post_backward
1,active_allocated,CoLA,0,memlive_3b_cola_distopt_offload,DistOpt+offload,"[2147483648,4294967296)",post_backward
1,active_allocated,CoLA,0,memlive_3b_cola_distopt_offload,DistOpt+offload,"[262144,524288)",post_backward
3,active_allocated,CoLA,0,memlive_3b_cola_distopt_offload,DistOpt+offload,"[4,8)",post_backward
1,active_allocated,CoLA,0,memlive_3b_cola_distopt_offload,DistOpt+offload,"[4096,8192)",post_backward
1,active_allocated,CoLA,0,memlive_3b_cola_distopt_offload,DistOpt+offload,"[4294967296,8589934592)",post_backward
1,active_allocated,CoLA,0,memlive_3b_cola_distopt_offload,DistOpt+offload,"[67108864,134217728)",post_backward
2,active_allocated,CoLA,0,memlive_3b_cola_distopt_offload,DistOpt+offload,"[8,16)",post_backward
3,active_allocated,CoLA,0,memlive_3b_cola_distopt_offload,DistOpt+offload,"[8192,16384)",post_backward
2,active_allocated,CoLA,0,memlive_3b_cola_distopt_offload,DistOpt+offload,"[8388608,16777216)",post_backward
1,active_allocated,CoLA,0,memlive_3b_cola_distopt_offload,DistOpt+offload,"[1,2)",post_backward
1,active_allocated,CoLA,0,memlive_3b_cola_distopt_offload,DistOpt+offload,"[1048576,2097152)",post_backward
1,active_allocated,CoLA,0,memlive_3b_cola_distopt_offload,DistOpt+offload,"[128,256)",post_backward
1,active_allocated,CoLA,0,memlive_3b_cola_distopt_offload,DistOpt+offload,"[2147483648,4294967296)",post_backward
1,active_allocated,CoLA,0,memlive_3b_cola_distopt_offload,DistOpt+offload,"[262144,524288)",post_backward
3,active_allocated,CoLA,0,memlive_3b_cola_distopt_offload,DistOpt+offload,"[4,8)",post_backward
1,active_allocated,CoLA,0,memlive_3b_cola_distopt_offload,DistOpt+offload,"[4096,8192)",post_backward
1,active_allocated,CoLA,0,memlive_3b_cola_distopt_offload,DistOpt+offload,"[4294967296,8589934592)",post_backward
1,active_allocated,CoLA,0,memlive_3b_cola_distopt_offload,DistOpt+offload,"[67108864,134217728)",post_backward
2,active_allocated,CoLA,0,memlive_3b_cola_distopt_offload,DistOpt+offload,"[8,16)",post_backward
3,active_allocated,CoLA,0,memlive_3b_cola_distopt_offload,DistOpt+offload,"[8192,16384)",post_backward
2,active_allocated,CoLA,0,memlive_3b_cola_distopt_offload,DistOpt+offload,"[8388608,16777216)",post_backward
1,active_allocated,CoLA,0,memlive_3b_cola_distopt_offload,DistOpt+offload,"[1,2)",post_backward
1,active_allocated,CoLA,0,memlive_3b_cola_distopt_offload,DistOpt+offload,"[1048576,2097152)",post_backward
1,active_allocated,CoLA,0,memlive_3b_cola_distopt_offload,DistOpt+offload,"[128,256)",post_backward
1,active_allocated,CoLA,0,memlive_3b_cola_distopt_offload,DistOpt+offload,"[2147483648,4294967296)",post_backward
1,active_allocated,CoLA,0,memlive_3b_cola_distopt_offload,DistOpt+offload,"[262144,524288)",post_backward
3,active_allocated,CoLA,0,memlive_3b_cola_distopt_offload,DistOpt+offload,"[4,8)",post_backward
1,active_allocated,CoLA,0,memlive_3b_cola_distopt_offload,DistOpt+offload,"[4096,8192)",post_backward
1,active_allocated,CoLA,0,memlive_3b_cola_distopt_offload,DistOpt+offload,"[4294967296,8589934592)",post_backward
1,active_allocated,CoLA,0,memlive_3b_cola_distopt_offload,DistOpt+offload,"[67108864,134217728)",post_backward
2,active_allocated,CoLA,0,memlive_3b_cola_distopt_offload,DistOpt+offload,"[8,16)",post_backward
3,active_allocated,CoLA,0,memlive_3b_cola_distopt_offload,DistOpt+offload,"[8192,16384)",post_backward
2,active_allocated,CoLA,0,memlive_3b_cola_distopt_offload,DistOpt+offload,"[8388608,16777216)",post_backward
1,active_allocated,CoLA,0,memlive_3b_cola_distopt_offload,DistOpt+offload,"[1,2)",post_backward
1,active_allocated,CoLA,0,memlive_3b_cola_distopt_offload,DistOpt+offload,"[1048576,2097152)",post_backward
1,active_allocated,CoLA,0,memlive_3b_cola_distopt_offload,DistOpt+offload,"[128,256)",post_backward
1,active_allocated,CoLA,0,memlive_3b_cola_distopt_offload,DistOpt+offload,"[2147483648,4294967296)",post_backward
1,active_allocated,CoLA,0,memlive_3b_cola_distopt_offload,DistOpt+offload,"[262144,524288)",post_backward
3,active_allocated,CoLA,0,memlive_3b_cola_distopt_offload,DistOpt+offload,"[4,8)",post_backward
1,active_allocated,CoLA,0,memlive_3b_cola_distopt_offload,DistOpt+offload,"[4096,8192)",post_backward
1,active_allocated,CoLA,0,memlive_3b_cola_distopt_offload,DistOpt+offload,"[4294967296,8589934592)",post_backward
1,active_allocated,CoLA,0,memlive_3b_cola_distopt_offload,DistOpt+offload,"[67108864,134217728)",post_backward
2,active_allocated,CoLA,0,memlive_3b_cola_distopt_offload,DistOpt+offload,"[8,16)",post_backward
3,active_allocated,CoLA,0,memlive_3b_cola_distopt_offload,DistOpt+offload,"[8192,16384)",post_backward
2,active_allocated,CoLA,0,memlive_3b_cola_distopt_offload,DistOpt+offload,"[8388608,16777216)",post_backward
1,active_allocated,CoLA,0,memlive_3b_cola_distopt_offload,DistOpt+offload,"[1,2)",post_backward
1,active_allocated,CoLA,0,memlive_3b_cola_distopt_offload,DistOpt+offload,"[1048576,2097152)",post_backward
1,active_allocated,CoLA,0,memlive_3b_cola_distopt_offload,DistOpt+offload,"[128,256)",post_backward
1,active_allocated,CoLA,0,memlive_3b_cola_distopt_offload,DistOpt+offload,"[2147483648,4294967296)",post_backward
1,active_allocated,CoLA,0,memlive_3b_cola_distopt_offload,DistOpt+offload,"[262144,524288)",post_backward
3,active_allocated,CoLA,0,memlive_3b_cola_distopt_offload,DistOpt+offload,"[4,8)",post_backward
1,active_allocated,CoLA,0,memlive_3b_cola_distopt_offload,DistOpt+offload,"[4096,8192)",post_backward
1,active_allocated,CoLA,0,memlive_3b_cola_distopt_offload,DistOpt+offload,"[4294967296,8589934592)",post_backward
1,active_allocated,CoLA,0,memlive_3b_cola_distopt_offload,DistOpt+offload,"[67108864,134217728)",post_backward
2,active_allocated,CoLA,0,memlive_3b_cola_distopt_offload,DistOpt+offload,"[8,16)",post_backward
3,active_allocated,CoLA,0,memlive_3b_cola_distopt_offload,DistOpt+offload,"[8192,16384)",post_backward
2,active_allocated,CoLA,0,memlive_3b_cola_distopt_offload,DistOpt+offload,"[8388608,16777216)",post_backward
1,active_allocated,CoLA,0,memlive_3b_cola_distopt_offload,DistOpt+offload,"[1,2)",post_backward
1,active_allocated,CoLA,0,memlive_3b_cola_distopt_offload,DistOpt+offload,"[1048576,2097152)",post_backward
1,active_allocated,CoLA,0,memlive_3b_cola_distopt_offload,DistOpt+offload,"[128,256)",post_backward
1,active_allocated,CoLA,0,memlive_3b_cola_distopt_offload,DistOpt+offload,"[2147483648,4294967296)",post_backward
1,active_allocated,CoLA,0,memlive_3b_cola_distopt_offload,DistOpt+offload,"[262144,524288)",post_backward
3,active_allocated,CoLA,0,memlive_3b_cola_distopt_offload,DistOpt+offload,"[4,8)",post_backward
1,active_allocated,CoLA,0,memlive_3b_cola_distopt_offload,DistOpt+offload,"[4096,8192)",post_backward
1,active_allocated,CoLA,0,memlive_3b_cola_distopt_offload,DistOpt+offload,"[4294967296,8589934592)",post_backward
1,active_allocated,CoLA,0,memlive_3b_cola_distopt_offload,DistOpt+offload,"[67108864,134217728)",post_backward
2,active_allocated,CoLA,0,memlive_3b_cola_distopt_offload,DistOpt+offload,"[8,16)",post_backward
3,active_allocated,CoLA,0,memlive_3b_cola_distopt_offload,DistOpt+offload,"[8192,16384)",post_backward
2,active_allocated,CoLA,0,memlive_3b_cola_distopt_offload,DistOpt+offload,"[8388608,16777216)",post_backward
1,active_allocated,CoLA,0,memlive_3b_cola_distopt_offload,DistOpt+offload,"[1,2)",post_backward
1,active_allocated,CoLA,0,memlive_3b_cola_distopt_offload,DistOpt+offload,"[1048576,2097152)",post_backward
1,active_allocated,CoLA,0,memlive_3b_cola_distopt_offload,DistOpt+offload,"[128,256)",post_backward
1,active_allocated,CoLA,0,memlive_3b_cola_distopt_offload,DistOpt+offload,"[2147483648,4294967296)",post_backward
1,active_allocated,CoLA,0,memlive_3b_cola_distopt_offload,DistOpt+offload,"[262144,524288)",post_backward
3,active_allocated,CoLA,0,memlive_3b_cola_distopt_offload,DistOpt+offload,"[4,8)",post_backward
1,active_allocated,CoLA,0,memlive_3b_cola_distopt_offload,DistOpt+offload,"[4096,8192)",post_backward
1,active_allocated,CoLA,0,memlive_3b_cola_distopt_offload,DistOpt+offload,"[4294967296,8589934592)",post_backward
1,active_allocated,CoLA,0,memlive_3b_cola_distopt_offload,DistOpt+offload,"[67108864,134217728)",post_backward
2,active_allocated,CoLA,0,memlive_3b_cola_distopt_offload,DistOpt+offload,"[8,16)",post_backward
3,active_allocated,CoLA,0,memlive_3b_cola_distopt_offload,DistOpt+offload,"[8192,16384)",post_backward
2,active_allocated,CoLA,0,memlive_3b_cola_distopt_offload,DistOpt+offload,"[8388608,16777216)",post_backward
1,active_allocated,CoLA,0,memlive_3b_cola_distopt_offload,DistOpt+offload,"[1,2)",post_backward
1,active_allocated,CoLA,0,memlive_3b_cola_distopt_offload,DistOpt+offload,"[1048576,2097152)",post_backward
1,active_allocated,CoLA,0,memlive_3b_cola_distopt_offload,DistOpt+offload,"[128,256)",post_backward
1,active_allocated,CoLA,0,memlive_3b_cola_distopt_offload,DistOpt+offload,"[2147483648,4294967296)",post_backward
1,active_allocated,CoLA,0,memlive_3b_cola_distopt_offload,DistOpt+offload,"[262144,524288)",post_backward
3,active_allocated,CoLA,0,memlive_3b_cola_distopt_offload,DistOpt+offload,"[4,8)",post_backward
1,active_allocated,CoLA,0,memlive_3b_cola_distopt_offload,DistOpt+offload,"[4096,8192)",post_backward
1,active_allocated,CoLA,0,memlive_3b_cola_distopt_offload,DistOpt+offload,"[4294967296,8589934592)",post_backward
1,active_allocated,CoLA,0,memlive_3b_cola_distopt_offload,DistOpt+offload,"[67108864,134217728)",post_backward
2,active_allocated,CoLA,0,memlive_3b_cola_distopt_offload,DistOpt+offload,"[8,16)",post_backward
3,active_allocated,CoLA,0,memlive_3b_cola_distopt_offload,DistOpt+offload,"[8192,16384)",post_backward
2,active_allocated,CoLA,0,memlive_3b_cola_distopt_offload,DistOpt+offload,"[8388608,16777216)",post_backward
1,active_allocated,CoLA,0,memlive_3b_cola_distopt_offload,DistOpt+offload,"[1,2)",post_backward
1,active_allocated,CoLA,0,memlive_3b_cola_distopt_offload,DistOpt+offload,"[1048576,2097152)",post_backward
1,active_allocated,CoLA,0,memlive_3b_cola_distopt_offload,DistOpt+offload,"[128,256)",post_backward
1,active_allocated,CoLA,0,memlive_3b_cola_distopt_offload,DistOpt+offload,"[2147483648,4294967296)",post_backward
1,active_allocated,CoLA,0,memlive_3b_cola_distopt_offload,DistOpt+offload,"[262144,524288)",post_backward
3,active_allocated,CoLA,0,memlive_3b_cola_distopt_offload,DistOpt+offload,"[4,8)",post_backward
1,active_allocated,CoLA,0,memlive_3b_cola_distopt_offload,DistOpt+offload,"[4096,8192)",post_backward
1,active_allocated,CoLA,0,memlive_3b_cola_distopt_offload,DistOpt+offload,"[4294967296,8589934592)",post_backward
1,active_allocated,CoLA,0,memlive_3b_cola_distopt_offload,DistOpt+offload,"[67108864,134217728)",post_backward
2,active_allocated,CoLA,0,memlive_3b_cola_distopt_offload,DistOpt+offload,"[8,16)",post_backward
3,active_allocated,CoLA,0,memlive_3b_cola_distopt_offload,DistOpt+offload,"[8192,16384)",post_backward
2,active_allocated,CoLA,0,memlive_3b_cola_distopt_offload,DistOpt+offload,"[8388608,16777216)",post_backward
1,active_allocated,CoLA,0,memlive_3b_cola_distopt_offload,DistOpt+offload,"[1,2)",post_backward
1,active_allocated,CoLA,0,memlive_3b_cola_distopt_offload,DistOpt+offload,"[1048576,2097152)",post_backward
1,active_allocated,CoLA,0,memlive_3b_cola_distopt_offload,DistOpt+offload,"[128,256)",post_backward
1,active_allocated,CoLA,0,memlive_3b_cola_distopt_offload,DistOpt+offload,"[2147483648,4294967296)",post_backward
1,active_allocated,CoLA,0,memlive_3b_cola_distopt_offload,DistOpt+offload,"[262144,524288)",post_backward
3,active_allocated,CoLA,0,memlive_3b_cola_distopt_offload,DistOpt+offload,"[4,8)",post_backward
1,active_allocated,CoLA,0,memlive_3b_cola_distopt_offload,DistOpt+offload,"[4096,8192)",post_backward
1,active_allocated,CoLA,0,memlive_3b_cola_distopt_offload,DistOpt+offload,"[4294967296,8589934592)",post_backward
1,active_allocated,CoLA,0,memlive_3b_cola_distopt_offload,DistOpt+offload,"[67108864,134217728)",post_backward
2,active_allocated,CoLA,0,memlive_3b_cola_distopt_offload,DistOpt+offload,"[8,16)",post_backward
3,active_allocated,CoLA,0,memlive_3b_cola_distopt_offload,DistOpt+offload,"[8192,16384)",post_backward
2,active_allocated,CoLA,0,memlive_3b_cola_distopt_offload,DistOpt+offload,"[8388608,16777216)",post_backward
1,active_allocated,CoLA,0,memlive_3b_cola_distopt_offload,DistOpt+offload,"[1,2)",post_backward
1,active_allocated,CoLA,0,memlive_3b_cola_distopt_offload,DistOpt+offload,"[1048576,2097152)",post_backward
1,active_allocated,CoLA,0,memlive_3b_cola_distopt_offload,DistOpt+offload,"[128,256)",post_backward
1,active_allocated,CoLA,0,memlive_3b_cola_distopt_offload,DistOpt+offload,"[2147483648,4294967296)",post_backward
1,active_allocated,CoLA,0,memlive_3b_cola_distopt_offload,DistOpt+offload,"[262144,524288)",post_backward
3,active_allocated,CoLA,0,memlive_3b_cola_distopt_offload,DistOpt+offload,"[4,8)",post_backward
1,active_allocated,CoLA,0,memlive_3b_cola_distopt_offload,DistOpt+offload,"[4096,8192)",post_backward
1,active_allocated,CoLA,0,memlive_3b_cola_distopt_offload,DistOpt+offload,"[4294967296,8589934592)",post_backward
1,active_allocated,CoLA,0,memlive_3b_cola_distopt_offload,DistOpt+offload,"[67108864,134217728)",post_backward
2,active_allocated,CoLA,0,memlive_3b_cola_distopt_offload,DistOpt+offload,"[8,16)",post_backward
3,active_allocated,CoLA,0,memlive_3b_cola_distopt_offload,DistOpt+offload,"[8192,16384)",post_backward
2,active_allocated,CoLA,0,memlive_3b_cola_distopt_offload,DistOpt+offload,"[8388608,16777216)",post_backward
1,active_allocated,CoLA,0,memlive_3b_cola_distopt_offload,DistOpt+offload,"[1,2)",post_init
1,active_allocated,CoLA,0,memlive_3b_cola_distopt_offload,DistOpt+offload,"[128,256)",post_init
1,active_allocated,CoLA,0,memlive_3b_cola_distopt_offload,DistOpt+offload,"[2147483648,4294967296)",post_init
1,active_allocated,CoLA,0,memlive_3b_cola_distopt_offload,DistOpt+offload,"[4,8)",post_init
1,active_allocated,CoLA,0,memlive_3b_cola_distopt_offload,DistOpt+offload,"[4294967296,8589934592)",post_init
1,active_allocated,CoLA,0,memlive_3b_cola_distopt_offload,DistOpt+offload,"[8,16)",post_init
1,active_allocated,CoLA,0,memlive_3b_cola_distopt_offload,DistOpt+offload,"[1,2)",post_optimizer_step
1,active_allocated,CoLA,0,memlive_3b_cola_distopt_offload,DistOpt+offload,"[1048576,2097152)",post_optimizer_step
1,active_allocated,CoLA,0,memlive_3b_cola_distopt_offload,DistOpt+offload,"[128,256)",post_optimizer_step
1,active_allocated,CoLA,0,memlive_3b_cola_distopt_offload,DistOpt+offload,"[2147483648,4294967296)",post_optimizer_step
1,active_allocated,CoLA,0,memlive_3b_cola_distopt_offload,DistOpt+offload,"[262144,524288)",post_optimizer_step
1,active_allocated,CoLA,0,memlive_3b_cola_distopt_offload,DistOpt+offload,"[4,8)",post_optimizer_step
1,active_allocated,CoLA,0,memlive_3b_cola_distopt_offload,DistOpt+offload,"[4096,8192)",post_optimizer_step
1,active_allocated,CoLA,0,memlive_3b_cola_distopt_offload,DistOpt+offload,"[4294967296,8589934592)",post_optimizer_step
1,active_allocated,CoLA,0,memlive_3b_cola_distopt_offload,DistOpt+offload,"[67108864,134217728)",post_optimizer_step
2,active_allocated,CoLA,0,memlive_3b_cola_distopt_offload,DistOpt+offload,"[8,16)",post_optimizer_step
3,active_allocated,CoLA,0,memlive_3b_cola_distopt_offload,DistOpt+offload,"[8192,16384)",post_optimizer_step
2,active_allocated,CoLA,0,memlive_3b_cola_distopt_offload,DistOpt+offload,"[8388608,16777216)",post_optimizer_step
1,active_allocated,CoLA,0,memlive_3b_cola_distopt_offload,DistOpt+offload,"[1,2)",post_optimizer_step
1,active_allocated,CoLA,0,memlive_3b_cola_distopt_offload,DistOpt+offload,"[1048576,2097152)",post_optimizer_step
1,active_allocated,CoLA,0,memlive_3b_cola_distopt_offload,DistOpt+offload,"[128,256)",post_optimizer_step
1,active_allocated,CoLA,0,memlive_3b_cola_distopt_offload,DistOpt+offload,"[2147483648,4294967296)",post_optimizer_step
1,active_allocated,CoLA,0,memlive_3b_cola_distopt_offload,DistOpt+offload,"[262144,524288)",post_optimizer_step
3,active_allocated,CoLA,0,memlive_3b_cola_distopt_offload,DistOpt+offload,"[4,8)",post_optimizer_step
1,active_allocated,CoLA,0,memlive_3b_cola_distopt_offload,DistOpt+offload,"[4096,8192)",post_optimizer_step
1,active_allocated,CoLA,0,memlive_3b_cola_distopt_offload,DistOpt+offload,"[4294967296,8589934592)",post_optimizer_step
1,active_allocated,CoLA,0,memlive_3b_cola_distopt_offload,DistOpt+offload,"[67108864,134217728)",post_optimizer_step
2,active_allocated,CoLA,0,memlive_3b_cola_distopt_offload,DistOpt+offload,"[8,16)",post_optimizer_step
3,active_allocated,CoLA,0,memlive_3b_cola_distopt_offload,DistOpt+offload,"[8192,16384)",post_optimizer_step
2,active_allocated,CoLA,0,memlive_3b_cola_distopt_offload,DistOpt+offload,"[8388608,16777216)",post_optimizer_step
1,active_allocated,CoLA,0,memlive_3b_cola_distopt_offload,DistOpt+offload,"[1,2)",post_optimizer_step
1,active_allocated,CoLA,0,memlive_3b_cola_distopt_offload,DistOpt+offload,"[1048576,2097152)",post_optimizer_step
1,active_allocated,CoLA,0,memlive_3b_cola_distopt_offload,DistOpt+offload,"[128,256)",post_optimizer_step
1,active_allocated,CoLA,0,memlive_3b_cola_distopt_offload,DistOpt+offload,"[2147483648,4294967296)",post_optimizer_step
1,active_allocated,CoLA,0,memlive_3b_cola_distopt_offload,DistOpt+offload,"[262144,524288)",post_optimizer_step
3,active_allocated,CoLA,0,memlive_3b_cola_distopt_offload,DistOpt+offload,"[4,8)",post_optimizer_step
1,active_allocated,CoLA,0,memlive_3b_cola_distopt_offload,DistOpt+offload,"[4096,8192)",post_optimizer_step
1,active_allocated,CoLA,0,memlive_3b_cola_distopt_offload,DistOpt+offload,"[4294967296,8589934592)",post_optimizer_step
1,active_allocated,CoLA,0,memlive_3b_cola_distopt_offload,DistOpt+offload,"[67108864,134217728)",post_optimizer_step
2,active_allocated,CoLA,0,memlive_3b_cola_distopt_offload,DistOpt+offload,"[8,16)",post_optimizer_step
3,active_allocated,CoLA,0,memlive_3b_cola_distopt_offload,DistOpt+offload,"[8192,16384)",post_optimizer_step
2,active_allocated,CoLA,0,memlive_3b_cola_distopt_offload,DistOpt+offload,"[8388608,16777216)",post_optimizer_step
1,active_allocated,CoLA,0,memlive_3b_cola_distopt_offload,DistOpt+offload,"[1,2)",post_optimizer_step
1,active_allocated,CoLA,0,memlive_3b_cola_distopt_offload,DistOpt+offload,"[1048576,2097152)",post_optimizer_step
1,active_allocated,CoLA,0,memlive_3b_cola_distopt_offload,DistOpt+offload,"[128,256)",post_optimizer_step
1,active_allocated,CoLA,0,memlive_3b_cola_distopt_offload,DistOpt+offload,"[2147483648,4294967296)",post_optimizer_step
1,active_allocated,CoLA,0,memlive_3b_cola_distopt_offload,DistOpt+offload,"[262144,524288)",post_optimizer_step
3,active_allocated,CoLA,0,memlive_3b_cola_distopt_offload,DistOpt+offload,"[4,8)",post_optimizer_step
1,active_allocated,CoLA,0,memlive_3b_cola_distopt_offload,DistOpt+offload,"[4096,8192)",post_optimizer_step
1,active_allocated,CoLA,0,memlive_3b_cola_distopt_offload,DistOpt+offload,"[4294967296,8589934592)",post_optimizer_step
1,active_allocated,CoLA,0,memlive_3b_cola_distopt_offload,DistOpt+offload,"[67108864,134217728)",post_optimizer_step
2,active_allocated,CoLA,0,memlive_3b_cola_distopt_offload,DistOpt+offload,"[8,16)",post_optimizer_step
3,active_allocated,CoLA,0,memlive_3b_cola_distopt_offload,DistOpt+offload,"[8192,16384)",post_optimizer_step
2,active_allocated,CoLA,0,memlive_3b_cola_distopt_offload,DistOpt+offload,"[8388608,16777216)",post_optimizer_step
1,active_allocated,CoLA,0,memlive_3b_cola_distopt_offload,DistOpt+offload,"[1,2)",post_optimizer_step
1,active_allocated,CoLA,0,memlive_3b_cola_distopt_offload,DistOpt+offload,"[1048576,2097152)",post_optimizer_step
1,active_allocated,CoLA,0,memlive_3b_cola_distopt_offload,DistOpt+offload,"[128,256)",post_optimizer_step
1,active_allocated,CoLA,0,memlive_3b_cola_distopt_offload,DistOpt+offload,"[2147483648,4294967296)",post_optimizer_step
1,active_allocated,CoLA,0,memlive_3b_cola_distopt_offload,DistOpt+offload,"[262144,524288)",post_optimizer_step
3,active_allocated,CoLA,0,memlive_3b_cola_distopt_offload,DistOpt+offload,"[4,8)",post_optimizer_step
1,active_allocated,CoLA,0,memlive_3b_cola_distopt_offload,DistOpt+offload,"[4096,8192)",post_optimizer_step
1,active_allocated,CoLA,0,memlive_3b_cola_distopt_offload,DistOpt+offload,"[4294967296,8589934592)",post_optimizer_step
1,active_allocated,CoLA,0,memlive_3b_cola_distopt_offload,DistOpt+offload,"[67108864,134217728)",post_optimizer_step
2,active_allocated,CoLA,0,memlive_3b_cola_distopt_offload,DistOpt+offload,"[8,16)",post_optimizer_step
3,active_allocated,CoLA,0,memlive_3b_cola_distopt_offload,DistOpt+offload,"[8192,16384)",post_optimizer_step
2,active_allocated,CoLA,0,memlive_3b_cola_distopt_offload,DistOpt+offload,"[8388608,16777216)",post_optimizer_step
1,active_allocated,CoLA,0,memlive_3b_cola_distopt_offload,DistOpt+offload,"[1,2)",post_optimizer_step
1,active_allocated,CoLA,0,memlive_3b_cola_distopt_offload,DistOpt+offload,"[1048576,2097152)",post_optimizer_step
1,active_allocated,CoLA,0,memlive_3b_cola_distopt_offload,DistOpt+offload,"[128,256)",post_optimizer_step
1,active_allocated,CoLA,0,memlive_3b_cola_distopt_offload,DistOpt+offload,"[2147483648,4294967296)",post_optimizer_step
1,active_allocated,CoLA,0,memlive_3b_cola_distopt_offload,DistOpt+offload,"[262144,524288)",post_optimizer_step
3,active_allocated,CoLA,0,memlive_3b_cola_distopt_offload,DistOpt+offload,"[4,8)",post_optimizer_step
1,active_allocated,CoLA,0,memlive_3b_cola_distopt_offload,DistOpt+offload,"[4096,8192)",post_optimizer_step
1,active_allocated,CoLA,0,memlive_3b_cola_distopt_offload,DistOpt+offload,"[4294967296,8589934592)",post_optimizer_step
1,active_allocated,CoLA,0,memlive_3b_cola_distopt_offload,DistOpt+offload,"[67108864,134217728)",post_optimizer_step
2,active_allocated,CoLA,0,memlive_3b_cola_distopt_offload,DistOpt+offload,"[8,16)",post_optimizer_step
3,active_allocated,CoLA,0,memlive_3b_cola_distopt_offload,DistOpt+offload,"[8192,16384)",post_optimizer_step
2,active_allocated,CoLA,0,memlive_3b_cola_distopt_offload,DistOpt+offload,"[8388608,16777216)",post_optimizer_step
1,active_allocated,CoLA,0,memlive_3b_cola_distopt_offload,DistOpt+offload,"[1,2)",post_optimizer_step
1,active_allocated,CoLA,0,memlive_3b_cola_distopt_offload,DistOpt+offload,"[1048576,2097152)",post_optimizer_step
1,active_allocated,CoLA,0,memlive_3b_cola_distopt_offload,DistOpt+offload,"[128,256)",post_optimizer_step
1,active_allocated,CoLA,0,memlive_3b_cola_distopt_offload,DistOpt+offload,"[2147483648,4294967296)",post_optimizer_step
1,active_allocated,CoLA,0,memlive_3b_cola_distopt_offload,DistOpt+offload,"[262144,524288)",post_optimizer_step
3,active_allocated,CoLA,0,memlive_3b_cola_distopt_offload,DistOpt+offload,"[4,8)",post_optimizer_step
1,active_allocated,CoLA,0,memlive_3b_cola_distopt_offload,DistOpt+offload,"[4096,8192)",post_optimizer_step
1,active_allocated,CoLA,0,memlive_3b_cola_distopt_offload,DistOpt+offload,"[4294967296,8589934592)",post_optimizer_step
1,active_allocated,CoLA,0,memlive_3b_cola_distopt_offload,DistOpt+offload,"[67108864,134217728)",post_optimizer_step
2,active_allocated,CoLA,0,memlive_3b_cola_distopt_offload,DistOpt+offload,"[8,16)",post_optimizer_step
3,active_allocated,CoLA,0,memlive_3b_cola_distopt_offload,DistOpt+offload,"[8192,16384)",post_optimizer_step
2,active_allocated,CoLA,0,memlive_3b_cola_distopt_offload,DistOpt+offload,"[8388608,16777216)",post_optimizer_step
1,active_allocated,CoLA,0,memlive_3b_cola_distopt_offload,DistOpt+offload,"[1,2)",post_optimizer_step
1,active_allocated,CoLA,0,memlive_3b_cola_distopt_offload,DistOpt+offload,"[1048576,2097152)",post_optimizer_step
1,active_allocated,CoLA,0,memlive_3b_cola_distopt_offload,DistOpt+offload,"[128,256)",post_optimizer_step
1,active_allocated,CoLA,0,memlive_3b_cola_distopt_offload,DistOpt+offload,"[2147483648,4294967296)",post_optimizer_step
1,active_allocated,CoLA,0,memlive_3b_cola_distopt_offload,DistOpt+offload,"[262144,524288)",post_optimizer_step
3,active_allocated,CoLA,0,memlive_3b_cola_distopt_offload,DistOpt+offload,"[4,8)",post_optimizer_step
1,active_allocated,CoLA,0,memlive_3b_cola_distopt_offload,DistOpt+offload,"[4096,8192)",post_optimizer_step
1,active_allocated,CoLA,0,memlive_3b_cola_distopt_offload,DistOpt+offload,"[4294967296,8589934592)",post_optimizer_step
1,active_allocated,CoLA,0,memlive_3b_cola_distopt_offload,DistOpt+offload,"[67108864,134217728)",post_optimizer_step
2,active_allocated,CoLA,0,memlive_3b_cola_distopt_offload,DistOpt+offload,"[8,16)",post_optimizer_step
3,active_allocated,CoLA,0,memlive_3b_cola_distopt_offload,DistOpt+offload,"[8192,16384)",post_optimizer_step
2,active_allocated,CoLA,0,memlive_3b_cola_distopt_offload,DistOpt+offload,"[8388608,16777216)",post_optimizer_step
1,active_allocated,CoLA,0,memlive_3b_cola_distopt_offload,DistOpt+offload,"[1,2)",post_optimizer_step
1,active_allocated,CoLA,0,memlive_3b_cola_distopt_offload,DistOpt+offload,"[1048576,2097152)",post_optimizer_step
1,active_allocated,CoLA,0,memlive_3b_cola_distopt_offload,DistOpt+offload,"[128,256)",post_optimizer_step
1,active_allocated,CoLA,0,memlive_3b_cola_distopt_offload,DistOpt+offload,"[2147483648,4294967296)",post_optimizer_step
1,active_allocated,CoLA,0,memlive_3b_cola_distopt_offload,DistOpt+offload,"[262144,524288)",post_optimizer_step
3,active_allocated,CoLA,0,memlive_3b_cola_distopt_offload,DistOpt+offload,"[4,8)",post_optimizer_step
1,active_allocated,CoLA,0,memlive_3b_cola_distopt_offload,DistOpt+offload,"[4096,8192)",post_optimizer_step
1,active_allocated,CoLA,0,memlive_3b_cola_distopt_offload,DistOpt+offload,"[4294967296,8589934592)",post_optimizer_step
1,active_allocated,CoLA,0,memlive_3b_cola_distopt_offload,DistOpt+offload,"[67108864,134217728)",post_optimizer_step
2,active_allocated,CoLA,0,memlive_3b_cola_distopt_offload,DistOpt+offload,"[8,16)",post_optimizer_step
3,active_allocated,CoLA,0,memlive_3b_cola_distopt_offload,DistOpt+offload,"[8192,16384)",post_optimizer_step
2,active_allocated,CoLA,0,memlive_3b_cola_distopt_offload,DistOpt+offload,"[8388608,16777216)",post_optimizer_step
1,active_allocated,CoLA,0,memlive_3b_cola_distopt_offload,DistOpt+offload,"[1,2)",post_optimizer_step
1,active_allocated,CoLA,0,memlive_3b_cola_distopt_offload,DistOpt+offload,"[1048576,2097152)",post_optimizer_step
1,active_allocated,CoLA,0,memlive_3b_cola_distopt_offload,DistOpt+offload,"[128,256)",post_optimizer_step
1,active_allocated,CoLA,0,memlive_3b_cola_distopt_offload,DistOpt+offload,"[2147483648,4294967296)",post_optimizer_step
1,active_allocated,CoLA,0,memlive_3b_cola_distopt_offload,DistOpt+offload,"[262144,524288)",post_optimizer_step
3,active_allocated,CoLA,0,memlive_3b_cola_distopt_offload,DistOpt+offload,"[4,8)",post_optimizer_step
1,active_allocated,CoLA,0,memlive_3b_cola_distopt_offload,DistOpt+offload,"[4096,8192)",post_optimizer_step
1,active_allocated,CoLA,0,memlive_3b_cola_distopt_offload,DistOpt+offload,"[4294967296,8589934592)",post_optimizer_step
1,active_allocated,CoLA,0,memlive_3b_cola_distopt_offload,DistOpt+offload,"[67108864,134217728)",post_optimizer_step
2,active_allocated,CoLA,0,memlive_3b_cola_distopt_offload,DistOpt+offload,"[8,16)",post_optimizer_step
3,active_allocated,CoLA,0,memlive_3b_cola_distopt_offload,DistOpt+offload,"[8192,16384)",post_optimizer_step
2,active_allocated,CoLA,0,memlive_3b_cola_distopt_offload,DistOpt+offload,"[8388608,16777216)",post_optimizer_step
1,active_allocated,CoLA,0,memlive_3b_cola_distopt_offload,DistOpt+offload,"[1,2)",post_optimizer_step
1,active_allocated,CoLA,0,memlive_3b_cola_distopt_offload,DistOpt+offload,"[1048576,2097152)",post_optimizer_step
1,active_allocated,CoLA,0,memlive_3b_cola_distopt_offload,DistOpt+offload,"[128,256)",post_optimizer_step
1,active_allocated,CoLA,0,memlive_3b_cola_distopt_offload,DistOpt+offload,"[2147483648,4294967296)",post_optimizer_step
1,active_allocated,CoLA,0,memlive_3b_cola_distopt_offload,DistOpt+offload,"[262144,524288)",post_optimizer_step
3,active_allocated,CoLA,0,memlive_3b_cola_distopt_offload,DistOpt+offload,"[4,8)",post_optimizer_step
1,active_allocated,CoLA,0,memlive_3b_cola_distopt_offload,DistOpt+offload,"[4096,8192)",post_optimizer_step
1,active_allocated,CoLA,0,memlive_3b_cola_distopt_offload,DistOpt+offload,"[4294967296,8589934592)",post_optimizer_step
1,active_allocated,CoLA,0,memlive_3b_cola_distopt_offload,DistOpt+offload,"[67108864,134217728)",post_optimizer_step
2,active_allocated,CoLA,0,memlive_3b_cola_distopt_offload,DistOpt+offload,"[8,16)",post_optimizer_step
3,active_allocated,CoLA,0,memlive_3b_cola_distopt_offload,DistOpt+offload,"[8192,16384)",post_optimizer_step
2,active_allocated,CoLA,0,memlive_3b_cola_distopt_offload,DistOpt+offload,"[8388608,16777216)",post_optimizer_step
1,active_allocated,CoLA,0,memlive_3b_cola_distopt_offload,DistOpt+offload,"[1,2)",post_optimizer_step
1,active_allocated,CoLA,0,memlive_3b_cola_distopt_offload,DistOpt+offload,"[1048576,2097152)",post_optimizer_step
1,active_allocated,CoLA,0,memlive_3b_cola_distopt_offload,DistOpt+offload,"[128,256)",post_optimizer_step
1,active_allocated,CoLA,0,memlive_3b_cola_distopt_offload,DistOpt+offload,"[2147483648,4294967296)",post_optimizer_step
1,active_allocated,CoLA,0,memlive_3b_cola_distopt_offload,DistOpt+offload,"[262144,524288)",post_optimizer_step
3,active_allocated,CoLA,0,memlive_3b_cola_distopt_offload,DistOpt+offload,"[4,8)",post_optimizer_step
1,active_allocated,CoLA,0,memlive_3b_cola_distopt_offload,DistOpt+offload,"[4096,8192)",post_optimizer_step
1,active_allocated,CoLA,0,memlive_3b_cola_distopt_offload,DistOpt+offload,"[4294967296,8589934592)",post_optimizer_step
1,active_allocated,CoLA,0,memlive_3b_cola_distopt_offload,DistOpt+offload,"[67108864,134217728)",post_optimizer_step
2,active_allocated,CoLA,0,memlive_3b_cola_distopt_offload,DistOpt+offload,"[8,16)",post_optimizer_step
3,active_allocated,CoLA,0,memlive_3b_cola_distopt_offload,DistOpt+offload,"[8192,16384)",post_optimizer_step
2,active_allocated,CoLA,0,memlive_3b_cola_distopt_offload,DistOpt+offload,"[8388608,16777216)",post_optimizer_step
1,active_allocated,CoLA,0,memlive_3b_cola_distopt_offload,DistOpt+offload,"[1,2)",steady_state_after_iter_10
1,active_allocated,CoLA,0,memlive_3b_cola_distopt_offload,DistOpt+offload,"[1048576,2097152)",steady_state_after_iter_10
1,active_allocated,CoLA,0,memlive_3b_cola_distopt_offload,DistOpt+offload,"[128,256)",steady_state_after_iter_10
1,active_allocated,CoLA,0,memlive_3b_cola_distopt_offload,DistOpt+offload,"[2147483648,4294967296)",steady_state_after_iter_10
1,active_allocated,CoLA,0,memlive_3b_cola_distopt_offload,DistOpt+offload,"[262144,524288)",steady_state_after_iter_10
3,active_allocated,CoLA,0,memlive_3b_cola_distopt_offload,DistOpt+offload,"[4,8)",steady_state_after_iter_10
1,active_allocated,CoLA,0,memlive_3b_cola_distopt_offload,DistOpt+offload,"[4096,8192)",steady_state_after_iter_10
1,active_allocated,CoLA,0,memlive_3b_cola_distopt_offload,DistOpt+offload,"[4294967296,8589934592)",steady_state_after_iter_10
1,active_allocated,CoLA,0,memlive_3b_cola_distopt_offload,DistOpt+offload,"[67108864,134217728)",steady_state_after_iter_10
1,active_allocated,CoLA,0,memlive_3b_cola_distopt_offload,DistOpt+offload,"[8,16)",steady_state_after_iter_10
3,active_allocated,CoLA,0,memlive_3b_cola_distopt_offload,DistOpt+offload,"[8192,16384)",steady_state_after_iter_10
2,active_allocated,CoLA,0,memlive_3b_cola_distopt_offload,DistOpt+offload,"[8388608,16777216)",steady_state_after_iter_10
1,active_allocated,CoLA,0,memlive_3b_cola_fsdp,FSDP,"[1,2)",post_backward
1,active_allocated,CoLA,0,memlive_3b_cola_fsdp,FSDP,"[1048576,2097152)",post_backward
1,active_allocated,CoLA,0,memlive_3b_cola_fsdp,FSDP,"[1073741824,2147483648)",post_backward
1,active_allocated,CoLA,0,memlive_3b_cola_fsdp,FSDP,"[128,256)",post_backward
1,active_allocated,CoLA,0,memlive_3b_cola_fsdp,FSDP,"[134217728,268435456)",post_backward
24,active_allocated,CoLA,0,memlive_3b_cola_fsdp,FSDP,"[16777216,33554432)",post_backward
1,active_allocated,CoLA,0,memlive_3b_cola_fsdp,FSDP,"[262144,524288)",post_backward
24,active_allocated,CoLA,0,memlive_3b_cola_fsdp,FSDP,"[33554432,67108864)",post_backward
2,active_allocated,CoLA,0,memlive_3b_cola_fsdp,FSDP,"[4,8)",post_backward
1,active_allocated,CoLA,0,memlive_3b_cola_fsdp,FSDP,"[4096,8192)",post_backward
2,active_allocated,CoLA,0,memlive_3b_cola_fsdp,FSDP,"[67108864,134217728)",post_backward
2,active_allocated,CoLA,0,memlive_3b_cola_fsdp,FSDP,"[8,16)",post_backward
3,active_allocated,CoLA,0,memlive_3b_cola_fsdp,FSDP,"[8192,16384)",post_backward
2,active_allocated,CoLA,0,memlive_3b_cola_fsdp,FSDP,"[8388608,16777216)",post_backward
1,active_allocated,CoLA,0,memlive_3b_cola_fsdp,FSDP,"[1,2)",post_init
1,active_allocated,CoLA,0,memlive_3b_cola_fsdp,FSDP,"[1073741824,2147483648)",post_init
1,active_allocated,CoLA,0,memlive_3b_cola_fsdp,FSDP,"[128,256)",post_init
1,active_allocated,CoLA,0,memlive_3b_cola_fsdp,FSDP,"[134217728,268435456)",post_init
24,active_allocated,CoLA,0,memlive_3b_cola_fsdp,FSDP,"[16777216,33554432)",post_init
24,active_allocated,CoLA,0,memlive_3b_cola_fsdp,FSDP,"[33554432,67108864)",post_init
2,active_allocated,CoLA,0,memlive_3b_cola_fsdp,FSDP,"[4,8)",post_init
1,active_allocated,CoLA,0,memlive_3b_cola_fsdp,FSDP,"[67108864,134217728)",post_init
1,active_allocated,CoLA,0,memlive_3b_cola_fsdp,FSDP,"[8,16)",post_init
1,active_allocated,CoLA,0,memlive_3b_cola_fsdp_fsdp_4layer,FSDP,"[1,2)",post_backward
1,active_allocated,CoLA,0,memlive_3b_cola_fsdp_fsdp_4layer,FSDP,"[1048576,2097152)",post_backward
1,active_allocated,CoLA,0,memlive_3b_cola_fsdp_fsdp_4layer,FSDP,"[128,256)",post_backward
1,active_allocated,CoLA,0,memlive_3b_cola_fsdp_fsdp_4layer,FSDP,"[134217728,268435456)",post_backward
4,active_allocated,CoLA,0,memlive_3b_cola_fsdp_fsdp_4layer,FSDP,"[16777216,33554432)",post_backward
1,active_allocated,CoLA,0,memlive_3b_cola_fsdp_fsdp_4layer,FSDP,"[262144,524288)",post_backward
1,active_allocated,CoLA,0,memlive_3b_cola_fsdp_fsdp_4layer,FSDP,"[268435456,536870912)",post_backward
4,active_allocated,CoLA,0,memlive_3b_cola_fsdp_fsdp_4layer,FSDP,"[33554432,67108864)",post_backward
2,active_allocated,CoLA,0,memlive_3b_cola_fsdp_fsdp_4layer,FSDP,"[4,8)",post_backward
1,active_allocated,CoLA,0,memlive_3b_cola_fsdp_fsdp_4layer,FSDP,"[4096,8192)",post_backward
2,active_allocated,CoLA,0,memlive_3b_cola_fsdp_fsdp_4layer,FSDP,"[67108864,134217728)",post_backward
2,active_allocated,CoLA,0,memlive_3b_cola_fsdp_fsdp_4layer,FSDP,"[8,16)",post_backward
3,active_allocated,CoLA,0,memlive_3b_cola_fsdp_fsdp_4layer,FSDP,"[8192,16384)",post_backward
2,active_allocated,CoLA,0,memlive_3b_cola_fsdp_fsdp_4layer,FSDP,"[8388608,16777216)",post_backward
1,active_allocated,CoLA,0,memlive_3b_cola_fsdp_fsdp_4layer,FSDP,"[1,2)",post_init
1,active_allocated,CoLA,0,memlive_3b_cola_fsdp_fsdp_4layer,FSDP,"[128,256)",post_init
1,active_allocated,CoLA,0,memlive_3b_cola_fsdp_fsdp_4layer,FSDP,"[134217728,268435456)",post_init
4,active_allocated,CoLA,0,memlive_3b_cola_fsdp_fsdp_4layer,FSDP,"[16777216,33554432)",post_init
1,active_allocated,CoLA,0,memlive_3b_cola_fsdp_fsdp_4layer,FSDP,"[268435456,536870912)",post_init
4,active_allocated,CoLA,0,memlive_3b_cola_fsdp_fsdp_4layer,FSDP,"[33554432,67108864)",post_init
2,active_allocated,CoLA,0,memlive_3b_cola_fsdp_fsdp_4layer,FSDP,"[4,8)",post_init
1,active_allocated,CoLA,0,memlive_3b_cola_fsdp_fsdp_4layer,FSDP,"[67108864,134217728)",post_init
1,active_allocated,CoLA,0,memlive_3b_cola_fsdp_fsdp_4layer,FSDP,"[8,16)",post_init
1,active_allocated,CoLA,0,memlive_3b_cola_fsdp_offload,FSDP+offload,"[1,2)",post_backward
1,active_allocated,CoLA,0,memlive_3b_cola_fsdp_offload,FSDP+offload,"[1048576,2097152)",post_backward
1,active_allocated,CoLA,0,memlive_3b_cola_fsdp_offload,FSDP+offload,"[1073741824,2147483648)",post_backward
1,active_allocated,CoLA,0,memlive_3b_cola_fsdp_offload,FSDP+offload,"[128,256)",post_backward
1,active_allocated,CoLA,0,memlive_3b_cola_fsdp_offload,FSDP+offload,"[134217728,268435456)",post_backward
24,active_allocated,CoLA,0,memlive_3b_cola_fsdp_offload,FSDP+offload,"[16777216,33554432)",post_backward
1,active_allocated,CoLA,0,memlive_3b_cola_fsdp_offload,FSDP+offload,"[262144,524288)",post_backward
24,active_allocated,CoLA,0,memlive_3b_cola_fsdp_offload,FSDP+offload,"[33554432,67108864)",post_backward
1,active_allocated,CoLA,0,memlive_3b_cola_fsdp_offload,FSDP+offload,"[4,8)",post_backward
1,active_allocated,CoLA,0,memlive_3b_cola_fsdp_offload,FSDP+offload,"[4096,8192)",post_backward
2,active_allocated,CoLA,0,memlive_3b_cola_fsdp_offload,FSDP+offload,"[67108864,134217728)",post_backward
2,active_allocated,CoLA,0,memlive_3b_cola_fsdp_offload,FSDP+offload,"[8,16)",post_backward
3,active_allocated,CoLA,0,memlive_3b_cola_fsdp_offload,FSDP+offload,"[8192,16384)",post_backward
2,active_allocated,CoLA,0,memlive_3b_cola_fsdp_offload,FSDP+offload,"[8388608,16777216)",post_backward
1,active_allocated,CoLA,0,memlive_3b_cola_fsdp_offload,FSDP+offload,"[1,2)",post_backward
1,active_allocated,CoLA,0,memlive_3b_cola_fsdp_offload,FSDP+offload,"[1048576,2097152)",post_backward
1,active_allocated,CoLA,0,memlive_3b_cola_fsdp_offload,FSDP+offload,"[1073741824,2147483648)",post_backward
1,active_allocated,CoLA,0,memlive_3b_cola_fsdp_offload,FSDP+offload,"[128,256)",post_backward
1,active_allocated,CoLA,0,memlive_3b_cola_fsdp_offload,FSDP+offload,"[134217728,268435456)",post_backward
24,active_allocated,CoLA,0,memlive_3b_cola_fsdp_offload,FSDP+offload,"[16777216,33554432)",post_backward
1,active_allocated,CoLA,0,memlive_3b_cola_fsdp_offload,FSDP+offload,"[262144,524288)",post_backward
24,active_allocated,CoLA,0,memlive_3b_cola_fsdp_offload,FSDP+offload,"[33554432,67108864)",post_backward
3,active_allocated,CoLA,0,memlive_3b_cola_fsdp_offload,FSDP+offload,"[4,8)",post_backward
1,active_allocated,CoLA,0,memlive_3b_cola_fsdp_offload,FSDP+offload,"[4096,8192)",post_backward
2,active_allocated,CoLA,0,memlive_3b_cola_fsdp_offload,FSDP+offload,"[67108864,134217728)",post_backward
2,active_allocated,CoLA,0,memlive_3b_cola_fsdp_offload,FSDP+offload,"[8,16)",post_backward
3,active_allocated,CoLA,0,memlive_3b_cola_fsdp_offload,FSDP+offload,"[8192,16384)",post_backward
2,active_allocated,CoLA,0,memlive_3b_cola_fsdp_offload,FSDP+offload,"[8388608,16777216)",post_backward
1,active_allocated,CoLA,0,memlive_3b_cola_fsdp_offload,FSDP+offload,"[1,2)",post_backward
1,active_allocated,CoLA,0,memlive_3b_cola_fsdp_offload,FSDP+offload,"[1048576,2097152)",post_backward
1,active_allocated,CoLA,0,memlive_3b_cola_fsdp_offload,FSDP+offload,"[1073741824,2147483648)",post_backward
1,active_allocated,CoLA,0,memlive_3b_cola_fsdp_offload,FSDP+offload,"[128,256)",post_backward
1,active_allocated,CoLA,0,memlive_3b_cola_fsdp_offload,FSDP+offload,"[134217728,268435456)",post_backward
24,active_allocated,CoLA,0,memlive_3b_cola_fsdp_offload,FSDP+offload,"[16777216,33554432)",post_backward
1,active_allocated,CoLA,0,memlive_3b_cola_fsdp_offload,FSDP+offload,"[262144,524288)",post_backward
24,active_allocated,CoLA,0,memlive_3b_cola_fsdp_offload,FSDP+offload,"[33554432,67108864)",post_backward
3,active_allocated,CoLA,0,memlive_3b_cola_fsdp_offload,FSDP+offload,"[4,8)",post_backward
1,active_allocated,CoLA,0,memlive_3b_cola_fsdp_offload,FSDP+offload,"[4096,8192)",post_backward
2,active_allocated,CoLA,0,memlive_3b_cola_fsdp_offload,FSDP+offload,"[67108864,134217728)",post_backward
2,active_allocated,CoLA,0,memlive_3b_cola_fsdp_offload,FSDP+offload,"[8,16)",post_backward
3,active_allocated,CoLA,0,memlive_3b_cola_fsdp_offload,FSDP+offload,"[8192,16384)",post_backward
2,active_allocated,CoLA,0,memlive_3b_cola_fsdp_offload,FSDP+offload,"[8388608,16777216)",post_backward
1,active_allocated,CoLA,0,memlive_3b_cola_fsdp_offload,FSDP+offload,"[1,2)",post_backward
1,active_allocated,CoLA,0,memlive_3b_cola_fsdp_offload,FSDP+offload,"[1048576,2097152)",post_backward
1,active_allocated,CoLA,0,memlive_3b_cola_fsdp_offload,FSDP+offload,"[1073741824,2147483648)",post_backward
1,active_allocated,CoLA,0,memlive_3b_cola_fsdp_offload,FSDP+offload,"[128,256)",post_backward
1,active_allocated,CoLA,0,memlive_3b_cola_fsdp_offload,FSDP+offload,"[134217728,268435456)",post_backward
24,active_allocated,CoLA,0,memlive_3b_cola_fsdp_offload,FSDP+offload,"[16777216,33554432)",post_backward
1,active_allocated,CoLA,0,memlive_3b_cola_fsdp_offload,FSDP+offload,"[262144,524288)",post_backward
24,active_allocated,CoLA,0,memlive_3b_cola_fsdp_offload,FSDP+offload,"[33554432,67108864)",post_backward
3,active_allocated,CoLA,0,memlive_3b_cola_fsdp_offload,FSDP+offload,"[4,8)",post_backward
1,active_allocated,CoLA,0,memlive_3b_cola_fsdp_offload,FSDP+offload,"[4096,8192)",post_backward
2,active_allocated,CoLA,0,memlive_3b_cola_fsdp_offload,FSDP+offload,"[67108864,134217728)",post_backward
2,active_allocated,CoLA,0,memlive_3b_cola_fsdp_offload,FSDP+offload,"[8,16)",post_backward
3,active_allocated,CoLA,0,memlive_3b_cola_fsdp_offload,FSDP+offload,"[8192,16384)",post_backward
2,active_allocated,CoLA,0,memlive_3b_cola_fsdp_offload,FSDP+offload,"[8388608,16777216)",post_backward
1,active_allocated,CoLA,0,memlive_3b_cola_fsdp_offload,FSDP+offload,"[1,2)",post_backward
1,active_allocated,CoLA,0,memlive_3b_cola_fsdp_offload,FSDP+offload,"[1048576,2097152)",post_backward
1,active_allocated,CoLA,0,memlive_3b_cola_fsdp_offload,FSDP+offload,"[1073741824,2147483648)",post_backward
1,active_allocated,CoLA,0,memlive_3b_cola_fsdp_offload,FSDP+offload,"[128,256)",post_backward
1,active_allocated,CoLA,0,memlive_3b_cola_fsdp_offload,FSDP+offload,"[134217728,268435456)",post_backward
24,active_allocated,CoLA,0,memlive_3b_cola_fsdp_offload,FSDP+offload,"[16777216,33554432)",post_backward
1,active_allocated,CoLA,0,memlive_3b_cola_fsdp_offload,FSDP+offload,"[262144,524288)",post_backward
24,active_allocated,CoLA,0,memlive_3b_cola_fsdp_offload,FSDP+offload,"[33554432,67108864)",post_backward
3,active_allocated,CoLA,0,memlive_3b_cola_fsdp_offload,FSDP+offload,"[4,8)",post_backward
1,active_allocated,CoLA,0,memlive_3b_cola_fsdp_offload,FSDP+offload,"[4096,8192)",post_backward
2,active_allocated,CoLA,0,memlive_3b_cola_fsdp_offload,FSDP+offload,"[67108864,134217728)",post_backward
2,active_allocated,CoLA,0,memlive_3b_cola_fsdp_offload,FSDP+offload,"[8,16)",post_backward
3,active_allocated,CoLA,0,memlive_3b_cola_fsdp_offload,FSDP+offload,"[8192,16384)",post_backward
2,active_allocated,CoLA,0,memlive_3b_cola_fsdp_offload,FSDP+offload,"[8388608,16777216)",post_backward
1,active_allocated,CoLA,0,memlive_3b_cola_fsdp_offload,FSDP+offload,"[1,2)",post_backward
1,active_allocated,CoLA,0,memlive_3b_cola_fsdp_offload,FSDP+offload,"[1048576,2097152)",post_backward
1,active_allocated,CoLA,0,memlive_3b_cola_fsdp_offload,FSDP+offload,"[1073741824,2147483648)",post_backward
1,active_allocated,CoLA,0,memlive_3b_cola_fsdp_offload,FSDP+offload,"[128,256)",post_backward
1,active_allocated,CoLA,0,memlive_3b_cola_fsdp_offload,FSDP+offload,"[134217728,268435456)",post_backward
24,active_allocated,CoLA,0,memlive_3b_cola_fsdp_offload,FSDP+offload,"[16777216,33554432)",post_backward
1,active_allocated,CoLA,0,memlive_3b_cola_fsdp_offload,FSDP+offload,"[262144,524288)",post_backward
24,active_allocated,CoLA,0,memlive_3b_cola_fsdp_offload,FSDP+offload,"[33554432,67108864)",post_backward
3,active_allocated,CoLA,0,memlive_3b_cola_fsdp_offload,FSDP+offload,"[4,8)",post_backward
1,active_allocated,CoLA,0,memlive_3b_cola_fsdp_offload,FSDP+offload,"[4096,8192)",post_backward
2,active_allocated,CoLA,0,memlive_3b_cola_fsdp_offload,FSDP+offload,"[67108864,134217728)",post_backward
2,active_allocated,CoLA,0,memlive_3b_cola_fsdp_offload,FSDP+offload,"[8,16)",post_backward
3,active_allocated,CoLA,0,memlive_3b_cola_fsdp_offload,FSDP+offload,"[8192,16384)",post_backward
2,active_allocated,CoLA,0,memlive_3b_cola_fsdp_offload,FSDP+offload,"[8388608,16777216)",post_backward
1,active_allocated,CoLA,0,memlive_3b_cola_fsdp_offload,FSDP+offload,"[1,2)",post_backward
1,active_allocated,CoLA,0,memlive_3b_cola_fsdp_offload,FSDP+offload,"[1048576,2097152)",post_backward
1,active_allocated,CoLA,0,memlive_3b_cola_fsdp_offload,FSDP+offload,"[1073741824,2147483648)",post_backward
1,active_allocated,CoLA,0,memlive_3b_cola_fsdp_offload,FSDP+offload,"[128,256)",post_backward
1,active_allocated,CoLA,0,memlive_3b_cola_fsdp_offload,FSDP+offload,"[134217728,268435456)",post_backward
24,active_allocated,CoLA,0,memlive_3b_cola_fsdp_offload,FSDP+offload,"[16777216,33554432)",post_backward
1,active_allocated,CoLA,0,memlive_3b_cola_fsdp_offload,FSDP+offload,"[262144,524288)",post_backward
24,active_allocated,CoLA,0,memlive_3b_cola_fsdp_offload,FSDP+offload,"[33554432,67108864)",post_backward
3,active_allocated,CoLA,0,memlive_3b_cola_fsdp_offload,FSDP+offload,"[4,8)",post_backward
1,active_allocated,CoLA,0,memlive_3b_cola_fsdp_offload,FSDP+offload,"[4096,8192)",post_backward
2,active_allocated,CoLA,0,memlive_3b_cola_fsdp_offload,FSDP+offload,"[67108864,134217728)",post_backward
2,active_allocated,CoLA,0,memlive_3b_cola_fsdp_offload,FSDP+offload,"[8,16)",post_backward
3,active_allocated,CoLA,0,memlive_3b_cola_fsdp_offload,FSDP+offload,"[8192,16384)",post_backward
2,active_allocated,CoLA,0,memlive_3b_cola_fsdp_offload,FSDP+offload,"[8388608,16777216)",post_backward
1,active_allocated,CoLA,0,memlive_3b_cola_fsdp_offload,FSDP+offload,"[1,2)",post_backward
1,active_allocated,CoLA,0,memlive_3b_cola_fsdp_offload,FSDP+offload,"[1048576,2097152)",post_backward
1,active_allocated,CoLA,0,memlive_3b_cola_fsdp_offload,FSDP+offload,"[1073741824,2147483648)",post_backward
1,active_allocated,CoLA,0,memlive_3b_cola_fsdp_offload,FSDP+offload,"[128,256)",post_backward
1,active_allocated,CoLA,0,memlive_3b_cola_fsdp_offload,FSDP+offload,"[134217728,268435456)",post_backward
24,active_allocated,CoLA,0,memlive_3b_cola_fsdp_offload,FSDP+offload,"[16777216,33554432)",post_backward
1,active_allocated,CoLA,0,memlive_3b_cola_fsdp_offload,FSDP+offload,"[262144,524288)",post_backward
24,active_allocated,CoLA,0,memlive_3b_cola_fsdp_offload,FSDP+offload,"[33554432,67108864)",post_backward
3,active_allocated,CoLA,0,memlive_3b_cola_fsdp_offload,FSDP+offload,"[4,8)",post_backward
1,active_allocated,CoLA,0,memlive_3b_cola_fsdp_offload,FSDP+offload,"[4096,8192)",post_backward
2,active_allocated,CoLA,0,memlive_3b_cola_fsdp_offload,FSDP+offload,"[67108864,134217728)",post_backward
2,active_allocated,CoLA,0,memlive_3b_cola_fsdp_offload,FSDP+offload,"[8,16)",post_backward
3,active_allocated,CoLA,0,memlive_3b_cola_fsdp_offload,FSDP+offload,"[8192,16384)",post_backward
2,active_allocated,CoLA,0,memlive_3b_cola_fsdp_offload,FSDP+offload,"[8388608,16777216)",post_backward
1,active_allocated,CoLA,0,memlive_3b_cola_fsdp_offload,FSDP+offload,"[1,2)",post_backward
1,active_allocated,CoLA,0,memlive_3b_cola_fsdp_offload,FSDP+offload,"[1048576,2097152)",post_backward
1,active_allocated,CoLA,0,memlive_3b_cola_fsdp_offload,FSDP+offload,"[1073741824,2147483648)",post_backward
1,active_allocated,CoLA,0,memlive_3b_cola_fsdp_offload,FSDP+offload,"[128,256)",post_backward
1,active_allocated,CoLA,0,memlive_3b_cola_fsdp_offload,FSDP+offload,"[134217728,268435456)",post_backward
24,active_allocated,CoLA,0,memlive_3b_cola_fsdp_offload,FSDP+offload,"[16777216,33554432)",post_backward
1,active_allocated,CoLA,0,memlive_3b_cola_fsdp_offload,FSDP+offload,"[262144,524288)",post_backward
24,active_allocated,CoLA,0,memlive_3b_cola_fsdp_offload,FSDP+offload,"[33554432,67108864)",post_backward
3,active_allocated,CoLA,0,memlive_3b_cola_fsdp_offload,FSDP+offload,"[4,8)",post_backward
1,active_allocated,CoLA,0,memlive_3b_cola_fsdp_offload,FSDP+offload,"[4096,8192)",post_backward
2,active_allocated,CoLA,0,memlive_3b_cola_fsdp_offload,FSDP+offload,"[67108864,134217728)",post_backward
2,active_allocated,CoLA,0,memlive_3b_cola_fsdp_offload,FSDP+offload,"[8,16)",post_backward
3,active_allocated,CoLA,0,memlive_3b_cola_fsdp_offload,FSDP+offload,"[8192,16384)",post_backward
2,active_allocated,CoLA,0,memlive_3b_cola_fsdp_offload,FSDP+offload,"[8388608,16777216)",post_backward
1,active_allocated,CoLA,0,memlive_3b_cola_fsdp_offload,FSDP+offload,"[1,2)",post_backward
1,active_allocated,CoLA,0,memlive_3b_cola_fsdp_offload,FSDP+offload,"[1048576,2097152)",post_backward
1,active_allocated,CoLA,0,memlive_3b_cola_fsdp_offload,FSDP+offload,"[1073741824,2147483648)",post_backward
1,active_allocated,CoLA,0,memlive_3b_cola_fsdp_offload,FSDP+offload,"[128,256)",post_backward
1,active_allocated,CoLA,0,memlive_3b_cola_fsdp_offload,FSDP+offload,"[134217728,268435456)",post_backward
24,active_allocated,CoLA,0,memlive_3b_cola_fsdp_offload,FSDP+offload,"[16777216,33554432)",post_backward
1,active_allocated,CoLA,0,memlive_3b_cola_fsdp_offload,FSDP+offload,"[262144,524288)",post_backward
24,active_allocated,CoLA,0,memlive_3b_cola_fsdp_offload,FSDP+offload,"[33554432,67108864)",post_backward
3,active_allocated,CoLA,0,memlive_3b_cola_fsdp_offload,FSDP+offload,"[4,8)",post_backward
1,active_allocated,CoLA,0,memlive_3b_cola_fsdp_offload,FSDP+offload,"[4096,8192)",post_backward
2,active_allocated,CoLA,0,memlive_3b_cola_fsdp_offload,FSDP+offload,"[67108864,134217728)",post_backward
2,active_allocated,CoLA,0,memlive_3b_cola_fsdp_offload,FSDP+offload,"[8,16)",post_backward
3,active_allocated,CoLA,0,memlive_3b_cola_fsdp_offload,FSDP+offload,"[8192,16384)",post_backward
2,active_allocated,CoLA,0,memlive_3b_cola_fsdp_offload,FSDP+offload,"[8388608,16777216)",post_backward
1,active_allocated,CoLA,0,memlive_3b_cola_fsdp_offload,FSDP+offload,"[1,2)",post_backward
1,active_allocated,CoLA,0,memlive_3b_cola_fsdp_offload,FSDP+offload,"[1048576,2097152)",post_backward
1,active_allocated,CoLA,0,memlive_3b_cola_fsdp_offload,FSDP+offload,"[1073741824,2147483648)",post_backward
1,active_allocated,CoLA,0,memlive_3b_cola_fsdp_offload,FSDP+offload,"[128,256)",post_backward
1,active_allocated,CoLA,0,memlive_3b_cola_fsdp_offload,FSDP+offload,"[134217728,268435456)",post_backward
24,active_allocated,CoLA,0,memlive_3b_cola_fsdp_offload,FSDP+offload,"[16777216,33554432)",post_backward
1,active_allocated,CoLA,0,memlive_3b_cola_fsdp_offload,FSDP+offload,"[262144,524288)",post_backward
24,active_allocated,CoLA,0,memlive_3b_cola_fsdp_offload,FSDP+offload,"[33554432,67108864)",post_backward
3,active_allocated,CoLA,0,memlive_3b_cola_fsdp_offload,FSDP+offload,"[4,8)",post_backward
1,active_allocated,CoLA,0,memlive_3b_cola_fsdp_offload,FSDP+offload,"[4096,8192)",post_backward
2,active_allocated,CoLA,0,memlive_3b_cola_fsdp_offload,FSDP+offload,"[67108864,134217728)",post_backward
2,active_allocated,CoLA,0,memlive_3b_cola_fsdp_offload,FSDP+offload,"[8,16)",post_backward
3,active_allocated,CoLA,0,memlive_3b_cola_fsdp_offload,FSDP+offload,"[8192,16384)",post_backward
2,active_allocated,CoLA,0,memlive_3b_cola_fsdp_offload,FSDP+offload,"[8388608,16777216)",post_backward
1,active_allocated,CoLA,0,memlive_3b_cola_fsdp_offload,FSDP+offload,"[1,2)",post_backward
1,active_allocated,CoLA,0,memlive_3b_cola_fsdp_offload,FSDP+offload,"[1048576,2097152)",post_backward
1,active_allocated,CoLA,0,memlive_3b_cola_fsdp_offload,FSDP+offload,"[1073741824,2147483648)",post_backward
1,active_allocated,CoLA,0,memlive_3b_cola_fsdp_offload,FSDP+offload,"[128,256)",post_backward
1,active_allocated,CoLA,0,memlive_3b_cola_fsdp_offload,FSDP+offload,"[134217728,268435456)",post_backward
24,active_allocated,CoLA,0,memlive_3b_cola_fsdp_offload,FSDP+offload,"[16777216,33554432)",post_backward
1,active_allocated,CoLA,0,memlive_3b_cola_fsdp_offload,FSDP+offload,"[262144,524288)",post_backward
24,active_allocated,CoLA,0,memlive_3b_cola_fsdp_offload,FSDP+offload,"[33554432,67108864)",post_backward
3,active_allocated,CoLA,0,memlive_3b_cola_fsdp_offload,FSDP+offload,"[4,8)",post_backward
1,active_allocated,CoLA,0,memlive_3b_cola_fsdp_offload,FSDP+offload,"[4096,8192)",post_backward
2,active_allocated,CoLA,0,memlive_3b_cola_fsdp_offload,FSDP+offload,"[67108864,134217728)",post_backward
2,active_allocated,CoLA,0,memlive_3b_cola_fsdp_offload,FSDP+offload,"[8,16)",post_backward
3,active_allocated,CoLA,0,memlive_3b_cola_fsdp_offload,FSDP+offload,"[8192,16384)",post_backward
2,active_allocated,CoLA,0,memlive_3b_cola_fsdp_offload,FSDP+offload,"[8388608,16777216)",post_backward
1,active_allocated,CoLA,0,memlive_3b_cola_fsdp_offload,FSDP+offload,"[1,2)",post_init
1,active_allocated,CoLA,0,memlive_3b_cola_fsdp_offload,FSDP+offload,"[1073741824,2147483648)",post_init
1,active_allocated,CoLA,0,memlive_3b_cola_fsdp_offload,FSDP+offload,"[128,256)",post_init
1,active_allocated,CoLA,0,memlive_3b_cola_fsdp_offload,FSDP+offload,"[134217728,268435456)",post_init
24,active_allocated,CoLA,0,memlive_3b_cola_fsdp_offload,FSDP+offload,"[16777216,33554432)",post_init
24,active_allocated,CoLA,0,memlive_3b_cola_fsdp_offload,FSDP+offload,"[33554432,67108864)",post_init
1,active_allocated,CoLA,0,memlive_3b_cola_fsdp_offload,FSDP+offload,"[4,8)",post_init
1,active_allocated,CoLA,0,memlive_3b_cola_fsdp_offload,FSDP+offload,"[67108864,134217728)",post_init
1,active_allocated,CoLA,0,memlive_3b_cola_fsdp_offload,FSDP+offload,"[8,16)",post_init
1,active_allocated,CoLA,0,memlive_3b_cola_fsdp_offload,FSDP+offload,"[1,2)",post_optimizer_step
1,active_allocated,CoLA,0,memlive_3b_cola_fsdp_offload,FSDP+offload,"[1048576,2097152)",post_optimizer_step
1,active_allocated,CoLA,0,memlive_3b_cola_fsdp_offload,FSDP+offload,"[1073741824,2147483648)",post_optimizer_step
1,active_allocated,CoLA,0,memlive_3b_cola_fsdp_offload,FSDP+offload,"[128,256)",post_optimizer_step
1,active_allocated,CoLA,0,memlive_3b_cola_fsdp_offload,FSDP+offload,"[134217728,268435456)",post_optimizer_step
24,active_allocated,CoLA,0,memlive_3b_cola_fsdp_offload,FSDP+offload,"[16777216,33554432)",post_optimizer_step
1,active_allocated,CoLA,0,memlive_3b_cola_fsdp_offload,FSDP+offload,"[262144,524288)",post_optimizer_step
1,active_allocated,CoLA,0,memlive_3b_cola_fsdp_offload,FSDP+offload,"[268435456,536870912)",post_optimizer_step
24,active_allocated,CoLA,0,memlive_3b_cola_fsdp_offload,FSDP+offload,"[33554432,67108864)",post_optimizer_step
1,active_allocated,CoLA,0,memlive_3b_cola_fsdp_offload,FSDP+offload,"[4,8)",post_optimizer_step
1,active_allocated,CoLA,0,memlive_3b_cola_fsdp_offload,FSDP+offload,"[4096,8192)",post_optimizer_step
13,active_allocated,CoLA,0,memlive_3b_cola_fsdp_offload,FSDP+offload,"[67108864,134217728)",post_optimizer_step
2,active_allocated,CoLA,0,memlive_3b_cola_fsdp_offload,FSDP+offload,"[8,16)",post_optimizer_step
3,active_allocated,CoLA,0,memlive_3b_cola_fsdp_offload,FSDP+offload,"[8192,16384)",post_optimizer_step
2,active_allocated,CoLA,0,memlive_3b_cola_fsdp_offload,FSDP+offload,"[8388608,16777216)",post_optimizer_step
1,active_allocated,CoLA,0,memlive_3b_cola_fsdp_offload,FSDP+offload,"[1,2)",post_optimizer_step
1,active_allocated,CoLA,0,memlive_3b_cola_fsdp_offload,FSDP+offload,"[1048576,2097152)",post_optimizer_step
1,active_allocated,CoLA,0,memlive_3b_cola_fsdp_offload,FSDP+offload,"[1073741824,2147483648)",post_optimizer_step
1,active_allocated,CoLA,0,memlive_3b_cola_fsdp_offload,FSDP+offload,"[128,256)",post_optimizer_step
1,active_allocated,CoLA,0,memlive_3b_cola_fsdp_offload,FSDP+offload,"[134217728,268435456)",post_optimizer_step
24,active_allocated,CoLA,0,memlive_3b_cola_fsdp_offload,FSDP+offload,"[16777216,33554432)",post_optimizer_step
1,active_allocated,CoLA,0,memlive_3b_cola_fsdp_offload,FSDP+offload,"[262144,524288)",post_optimizer_step
1,active_allocated,CoLA,0,memlive_3b_cola_fsdp_offload,FSDP+offload,"[268435456,536870912)",post_optimizer_step
24,active_allocated,CoLA,0,memlive_3b_cola_fsdp_offload,FSDP+offload,"[33554432,67108864)",post_optimizer_step
3,active_allocated,CoLA,0,memlive_3b_cola_fsdp_offload,FSDP+offload,"[4,8)",post_optimizer_step
1,active_allocated,CoLA,0,memlive_3b_cola_fsdp_offload,FSDP+offload,"[4096,8192)",post_optimizer_step
13,active_allocated,CoLA,0,memlive_3b_cola_fsdp_offload,FSDP+offload,"[67108864,134217728)",post_optimizer_step
2,active_allocated,CoLA,0,memlive_3b_cola_fsdp_offload,FSDP+offload,"[8,16)",post_optimizer_step
3,active_allocated,CoLA,0,memlive_3b_cola_fsdp_offload,FSDP+offload,"[8192,16384)",post_optimizer_step
2,active_allocated,CoLA,0,memlive_3b_cola_fsdp_offload,FSDP+offload,"[8388608,16777216)",post_optimizer_step
1,active_allocated,CoLA,0,memlive_3b_cola_fsdp_offload,FSDP+offload,"[1,2)",post_optimizer_step
1,active_allocated,CoLA,0,memlive_3b_cola_fsdp_offload,FSDP+offload,"[1048576,2097152)",post_optimizer_step
1,active_allocated,CoLA,0,memlive_3b_cola_fsdp_offload,FSDP+offload,"[1073741824,2147483648)",post_optimizer_step
1,active_allocated,CoLA,0,memlive_3b_cola_fsdp_offload,FSDP+offload,"[128,256)",post_optimizer_step
1,active_allocated,CoLA,0,memlive_3b_cola_fsdp_offload,FSDP+offload,"[134217728,268435456)",post_optimizer_step
24,active_allocated,CoLA,0,memlive_3b_cola_fsdp_offload,FSDP+offload,"[16777216,33554432)",post_optimizer_step
1,active_allocated,CoLA,0,memlive_3b_cola_fsdp_offload,FSDP+offload,"[262144,524288)",post_optimizer_step
1,active_allocated,CoLA,0,memlive_3b_cola_fsdp_offload,FSDP+offload,"[268435456,536870912)",post_optimizer_step
24,active_allocated,CoLA,0,memlive_3b_cola_fsdp_offload,FSDP+offload,"[33554432,67108864)",post_optimizer_step
3,active_allocated,CoLA,0,memlive_3b_cola_fsdp_offload,FSDP+offload,"[4,8)",post_optimizer_step
1,active_allocated,CoLA,0,memlive_3b_cola_fsdp_offload,FSDP+offload,"[4096,8192)",post_optimizer_step
13,active_allocated,CoLA,0,memlive_3b_cola_fsdp_offload,FSDP+offload,"[67108864,134217728)",post_optimizer_step
2,active_allocated,CoLA,0,memlive_3b_cola_fsdp_offload,FSDP+offload,"[8,16)",post_optimizer_step
3,active_allocated,CoLA,0,memlive_3b_cola_fsdp_offload,FSDP+offload,"[8192,16384)",post_optimizer_step
2,active_allocated,CoLA,0,memlive_3b_cola_fsdp_offload,FSDP+offload,"[8388608,16777216)",post_optimizer_step
1,active_allocated,CoLA,0,memlive_3b_cola_fsdp_offload,FSDP+offload,"[1,2)",post_optimizer_step
1,active_allocated,CoLA,0,memlive_3b_cola_fsdp_offload,FSDP+offload,"[1048576,2097152)",post_optimizer_step
1,active_allocated,CoLA,0,memlive_3b_cola_fsdp_offload,FSDP+offload,"[1073741824,2147483648)",post_optimizer_step
1,active_allocated,CoLA,0,memlive_3b_cola_fsdp_offload,FSDP+offload,"[128,256)",post_optimizer_step
1,active_allocated,CoLA,0,memlive_3b_cola_fsdp_offload,FSDP+offload,"[134217728,268435456)",post_optimizer_step
24,active_allocated,CoLA,0,memlive_3b_cola_fsdp_offload,FSDP+offload,"[16777216,33554432)",post_optimizer_step
1,active_allocated,CoLA,0,memlive_3b_cola_fsdp_offload,FSDP+offload,"[262144,524288)",post_optimizer_step
1,active_allocated,CoLA,0,memlive_3b_cola_fsdp_offload,FSDP+offload,"[268435456,536870912)",post_optimizer_step
24,active_allocated,CoLA,0,memlive_3b_cola_fsdp_offload,FSDP+offload,"[33554432,67108864)",post_optimizer_step
3,active_allocated,CoLA,0,memlive_3b_cola_fsdp_offload,FSDP+offload,"[4,8)",post_optimizer_step
1,active_allocated,CoLA,0,memlive_3b_cola_fsdp_offload,FSDP+offload,"[4096,8192)",post_optimizer_step
13,active_allocated,CoLA,0,memlive_3b_cola_fsdp_offload,FSDP+offload,"[67108864,134217728)",post_optimizer_step
2,active_allocated,CoLA,0,memlive_3b_cola_fsdp_offload,FSDP+offload,"[8,16)",post_optimizer_step
3,active_allocated,CoLA,0,memlive_3b_cola_fsdp_offload,FSDP+offload,"[8192,16384)",post_optimizer_step
2,active_allocated,CoLA,0,memlive_3b_cola_fsdp_offload,FSDP+offload,"[8388608,16777216)",post_optimizer_step
1,active_allocated,CoLA,0,memlive_3b_cola_fsdp_offload,FSDP+offload,"[1,2)",post_optimizer_step
1,active_allocated,CoLA,0,memlive_3b_cola_fsdp_offload,FSDP+offload,"[1048576,2097152)",post_optimizer_step
1,active_allocated,CoLA,0,memlive_3b_cola_fsdp_offload,FSDP+offload,"[1073741824,2147483648)",post_optimizer_step
1,active_allocated,CoLA,0,memlive_3b_cola_fsdp_offload,FSDP+offload,"[128,256)",post_optimizer_step
1,active_allocated,CoLA,0,memlive_3b_cola_fsdp_offload,FSDP+offload,"[134217728,268435456)",post_optimizer_step
24,active_allocated,CoLA,0,memlive_3b_cola_fsdp_offload,FSDP+offload,"[16777216,33554432)",post_optimizer_step
1,active_allocated,CoLA,0,memlive_3b_cola_fsdp_offload,FSDP+offload,"[262144,524288)",post_optimizer_step
1,active_allocated,CoLA,0,memlive_3b_cola_fsdp_offload,FSDP+offload,"[268435456,536870912)",post_optimizer_step
24,active_allocated,CoLA,0,memlive_3b_cola_fsdp_offload,FSDP+offload,"[33554432,67108864)",post_optimizer_step
3,active_allocated,CoLA,0,memlive_3b_cola_fsdp_offload,FSDP+offload,"[4,8)",post_optimizer_step
1,active_allocated,CoLA,0,memlive_3b_cola_fsdp_offload,FSDP+offload,"[4096,8192)",post_optimizer_step
13,active_allocated,CoLA,0,memlive_3b_cola_fsdp_offload,FSDP+offload,"[67108864,134217728)",post_optimizer_step
2,active_allocated,CoLA,0,memlive_3b_cola_fsdp_offload,FSDP+offload,"[8,16)",post_optimizer_step
3,active_allocated,CoLA,0,memlive_3b_cola_fsdp_offload,FSDP+offload,"[8192,16384)",post_optimizer_step
2,active_allocated,CoLA,0,memlive_3b_cola_fsdp_offload,FSDP+offload,"[8388608,16777216)",post_optimizer_step
1,active_allocated,CoLA,0,memlive_3b_cola_fsdp_offload,FSDP+offload,"[1,2)",post_optimizer_step
1,active_allocated,CoLA,0,memlive_3b_cola_fsdp_offload,FSDP+offload,"[1048576,2097152)",post_optimizer_step
1,active_allocated,CoLA,0,memlive_3b_cola_fsdp_offload,FSDP+offload,"[1073741824,2147483648)",post_optimizer_step
1,active_allocated,CoLA,0,memlive_3b_cola_fsdp_offload,FSDP+offload,"[128,256)",post_optimizer_step
1,active_allocated,CoLA,0,memlive_3b_cola_fsdp_offload,FSDP+offload,"[134217728,268435456)",post_optimizer_step
24,active_allocated,CoLA,0,memlive_3b_cola_fsdp_offload,FSDP+offload,"[16777216,33554432)",post_optimizer_step
1,active_allocated,CoLA,0,memlive_3b_cola_fsdp_offload,FSDP+offload,"[262144,524288)",post_optimizer_step
1,active_allocated,CoLA,0,memlive_3b_cola_fsdp_offload,FSDP+offload,"[268435456,536870912)",post_optimizer_step
24,active_allocated,CoLA,0,memlive_3b_cola_fsdp_offload,FSDP+offload,"[33554432,67108864)",post_optimizer_step
3,active_allocated,CoLA,0,memlive_3b_cola_fsdp_offload,FSDP+offload,"[4,8)",post_optimizer_step
1,active_allocated,CoLA,0,memlive_3b_cola_fsdp_offload,FSDP+offload,"[4096,8192)",post_optimizer_step
13,active_allocated,CoLA,0,memlive_3b_cola_fsdp_offload,FSDP+offload,"[67108864,134217728)",post_optimizer_step
2,active_allocated,CoLA,0,memlive_3b_cola_fsdp_offload,FSDP+offload,"[8,16)",post_optimizer_step
3,active_allocated,CoLA,0,memlive_3b_cola_fsdp_offload,FSDP+offload,"[8192,16384)",post_optimizer_step
2,active_allocated,CoLA,0,memlive_3b_cola_fsdp_offload,FSDP+offload,"[8388608,16777216)",post_optimizer_step
1,active_allocated,CoLA,0,memlive_3b_cola_fsdp_offload,FSDP+offload,"[1,2)",post_optimizer_step
1,active_allocated,CoLA,0,memlive_3b_cola_fsdp_offload,FSDP+offload,"[1048576,2097152)",post_optimizer_step
1,active_allocated,CoLA,0,memlive_3b_cola_fsdp_offload,FSDP+offload,"[1073741824,2147483648)",post_optimizer_step
1,active_allocated,CoLA,0,memlive_3b_cola_fsdp_offload,FSDP+offload,"[128,256)",post_optimizer_step
1,active_allocated,CoLA,0,memlive_3b_cola_fsdp_offload,FSDP+offload,"[134217728,268435456)",post_optimizer_step
24,active_allocated,CoLA,0,memlive_3b_cola_fsdp_offload,FSDP+offload,"[16777216,33554432)",post_optimizer_step
1,active_allocated,CoLA,0,memlive_3b_cola_fsdp_offload,FSDP+offload,"[262144,524288)",post_optimizer_step
1,active_allocated,CoLA,0,memlive_3b_cola_fsdp_offload,FSDP+offload,"[268435456,536870912)",post_optimizer_step
24,active_allocated,CoLA,0,memlive_3b_cola_fsdp_offload,FSDP+offload,"[33554432,67108864)",post_optimizer_step
3,active_allocated,CoLA,0,memlive_3b_cola_fsdp_offload,FSDP+offload,"[4,8)",post_optimizer_step
1,active_allocated,CoLA,0,memlive_3b_cola_fsdp_offload,FSDP+offload,"[4096,8192)",post_optimizer_step
13,active_allocated,CoLA,0,memlive_3b_cola_fsdp_offload,FSDP+offload,"[67108864,134217728)",post_optimizer_step
2,active_allocated,CoLA,0,memlive_3b_cola_fsdp_offload,FSDP+offload,"[8,16)",post_optimizer_step
3,active_allocated,CoLA,0,memlive_3b_cola_fsdp_offload,FSDP+offload,"[8192,16384)",post_optimizer_step
2,active_allocated,CoLA,0,memlive_3b_cola_fsdp_offload,FSDP+offload,"[8388608,16777216)",post_optimizer_step
1,active_allocated,CoLA,0,memlive_3b_cola_fsdp_offload,FSDP+offload,"[1,2)",post_optimizer_step
1,active_allocated,CoLA,0,memlive_3b_cola_fsdp_offload,FSDP+offload,"[1048576,2097152)",post_optimizer_step
1,active_allocated,CoLA,0,memlive_3b_cola_fsdp_offload,FSDP+offload,"[1073741824,2147483648)",post_optimizer_step
1,active_allocated,CoLA,0,memlive_3b_cola_fsdp_offload,FSDP+offload,"[128,256)",post_optimizer_step
1,active_allocated,CoLA,0,memlive_3b_cola_fsdp_offload,FSDP+offload,"[134217728,268435456)",post_optimizer_step
24,active_allocated,CoLA,0,memlive_3b_cola_fsdp_offload,FSDP+offload,"[16777216,33554432)",post_optimizer_step
1,active_allocated,CoLA,0,memlive_3b_cola_fsdp_offload,FSDP+offload,"[262144,524288)",post_optimizer_step
1,active_allocated,CoLA,0,memlive_3b_cola_fsdp_offload,FSDP+offload,"[268435456,536870912)",post_optimizer_step
24,active_allocated,CoLA,0,memlive_3b_cola_fsdp_offload,FSDP+offload,"[33554432,67108864)",post_optimizer_step
3,active_allocated,CoLA,0,memlive_3b_cola_fsdp_offload,FSDP+offload,"[4,8)",post_optimizer_step
1,active_allocated,CoLA,0,memlive_3b_cola_fsdp_offload,FSDP+offload,"[4096,8192)",post_optimizer_step
13,active_allocated,CoLA,0,memlive_3b_cola_fsdp_offload,FSDP+offload,"[67108864,134217728)",post_optimizer_step
2,active_allocated,CoLA,0,memlive_3b_cola_fsdp_offload,FSDP+offload,"[8,16)",post_optimizer_step
3,active_allocated,CoLA,0,memlive_3b_cola_fsdp_offload,FSDP+offload,"[8192,16384)",post_optimizer_step
2,active_allocated,CoLA,0,memlive_3b_cola_fsdp_offload,FSDP+offload,"[8388608,16777216)",post_optimizer_step
1,active_allocated,CoLA,0,memlive_3b_cola_fsdp_offload,FSDP+offload,"[1,2)",post_optimizer_step
1,active_allocated,CoLA,0,memlive_3b_cola_fsdp_offload,FSDP+offload,"[1048576,2097152)",post_optimizer_step
1,active_allocated,CoLA,0,memlive_3b_cola_fsdp_offload,FSDP+offload,"[1073741824,2147483648)",post_optimizer_step
1,active_allocated,CoLA,0,memlive_3b_cola_fsdp_offload,FSDP+offload,"[128,256)",post_optimizer_step
1,active_allocated,CoLA,0,memlive_3b_cola_fsdp_offload,FSDP+offload,"[134217728,268435456)",post_optimizer_step
24,active_allocated,CoLA,0,memlive_3b_cola_fsdp_offload,FSDP+offload,"[16777216,33554432)",post_optimizer_step
1,active_allocated,CoLA,0,memlive_3b_cola_fsdp_offload,FSDP+offload,"[262144,524288)",post_optimizer_step
1,active_allocated,CoLA,0,memlive_3b_cola_fsdp_offload,FSDP+offload,"[268435456,536870912)",post_optimizer_step
24,active_allocated,CoLA,0,memlive_3b_cola_fsdp_offload,FSDP+offload,"[33554432,67108864)",post_optimizer_step
3,active_allocated,CoLA,0,memlive_3b_cola_fsdp_offload,FSDP+offload,"[4,8)",post_optimizer_step
1,active_allocated,CoLA,0,memlive_3b_cola_fsdp_offload,FSDP+offload,"[4096,8192)",post_optimizer_step
13,active_allocated,CoLA,0,memlive_3b_cola_fsdp_offload,FSDP+offload,"[67108864,134217728)",post_optimizer_step
2,active_allocated,CoLA,0,memlive_3b_cola_fsdp_offload,FSDP+offload,"[8,16)",post_optimizer_step
3,active_allocated,CoLA,0,memlive_3b_cola_fsdp_offload,FSDP+offload,"[8192,16384)",post_optimizer_step
2,active_allocated,CoLA,0,memlive_3b_cola_fsdp_offload,FSDP+offload,"[8388608,16777216)",post_optimizer_step
1,active_allocated,CoLA,0,memlive_3b_cola_fsdp_offload,FSDP+offload,"[1,2)",post_optimizer_step
1,active_allocated,CoLA,0,memlive_3b_cola_fsdp_offload,FSDP+offload,"[1048576,2097152)",post_optimizer_step
1,active_allocated,CoLA,0,memlive_3b_cola_fsdp_offload,FSDP+offload,"[1073741824,2147483648)",post_optimizer_step
1,active_allocated,CoLA,0,memlive_3b_cola_fsdp_offload,FSDP+offload,"[128,256)",post_optimizer_step
1,active_allocated,CoLA,0,memlive_3b_cola_fsdp_offload,FSDP+offload,"[134217728,268435456)",post_optimizer_step
24,active_allocated,CoLA,0,memlive_3b_cola_fsdp_offload,FSDP+offload,"[16777216,33554432)",post_optimizer_step
1,active_allocated,CoLA,0,memlive_3b_cola_fsdp_offload,FSDP+offload,"[262144,524288)",post_optimizer_step
1,active_allocated,CoLA,0,memlive_3b_cola_fsdp_offload,FSDP+offload,"[268435456,536870912)",post_optimizer_step
24,active_allocated,CoLA,0,memlive_3b_cola_fsdp_offload,FSDP+offload,"[33554432,67108864)",post_optimizer_step
3,active_allocated,CoLA,0,memlive_3b_cola_fsdp_offload,FSDP+offload,"[4,8)",post_optimizer_step
1,active_allocated,CoLA,0,memlive_3b_cola_fsdp_offload,FSDP+offload,"[4096,8192)",post_optimizer_step
13,active_allocated,CoLA,0,memlive_3b_cola_fsdp_offload,FSDP+offload,"[67108864,134217728)",post_optimizer_step
2,active_allocated,CoLA,0,memlive_3b_cola_fsdp_offload,FSDP+offload,"[8,16)",post_optimizer_step
3,active_allocated,CoLA,0,memlive_3b_cola_fsdp_offload,FSDP+offload,"[8192,16384)",post_optimizer_step
2,active_allocated,CoLA,0,memlive_3b_cola_fsdp_offload,FSDP+offload,"[8388608,16777216)",post_optimizer_step
1,active_allocated,CoLA,0,memlive_3b_cola_fsdp_offload,FSDP+offload,"[1,2)",post_optimizer_step
1,active_allocated,CoLA,0,memlive_3b_cola_fsdp_offload,FSDP+offload,"[1048576,2097152)",post_optimizer_step
1,active_allocated,CoLA,0,memlive_3b_cola_fsdp_offload,FSDP+offload,"[1073741824,2147483648)",post_optimizer_step
1,active_allocated,CoLA,0,memlive_3b_cola_fsdp_offload,FSDP+offload,"[128,256)",post_optimizer_step
1,active_allocated,CoLA,0,memlive_3b_cola_fsdp_offload,FSDP+offload,"[134217728,268435456)",post_optimizer_step
24,active_allocated,CoLA,0,memlive_3b_cola_fsdp_offload,FSDP+offload,"[16777216,33554432)",post_optimizer_step
1,active_allocated,CoLA,0,memlive_3b_cola_fsdp_offload,FSDP+offload,"[262144,524288)",post_optimizer_step
1,active_allocated,CoLA,0,memlive_3b_cola_fsdp_offload,FSDP+offload,"[268435456,536870912)",post_optimizer_step
24,active_allocated,CoLA,0,memlive_3b_cola_fsdp_offload,FSDP+offload,"[33554432,67108864)",post_optimizer_step
3,active_allocated,CoLA,0,memlive_3b_cola_fsdp_offload,FSDP+offload,"[4,8)",post_optimizer_step
1,active_allocated,CoLA,0,memlive_3b_cola_fsdp_offload,FSDP+offload,"[4096,8192)",post_optimizer_step
13,active_allocated,CoLA,0,memlive_3b_cola_fsdp_offload,FSDP+offload,"[67108864,134217728)",post_optimizer_step
2,active_allocated,CoLA,0,memlive_3b_cola_fsdp_offload,FSDP+offload,"[8,16)",post_optimizer_step
3,active_allocated,CoLA,0,memlive_3b_cola_fsdp_offload,FSDP+offload,"[8192,16384)",post_optimizer_step
2,active_allocated,CoLA,0,memlive_3b_cola_fsdp_offload,FSDP+offload,"[8388608,16777216)",post_optimizer_step
1,active_allocated,CoLA,0,memlive_3b_cola_fsdp_offload,FSDP+offload,"[1,2)",post_optimizer_step
1,active_allocated,CoLA,0,memlive_3b_cola_fsdp_offload,FSDP+offload,"[1048576,2097152)",post_optimizer_step
1,active_allocated,CoLA,0,memlive_3b_cola_fsdp_offload,FSDP+offload,"[1073741824,2147483648)",post_optimizer_step
1,active_allocated,CoLA,0,memlive_3b_cola_fsdp_offload,FSDP+offload,"[128,256)",post_optimizer_step
1,active_allocated,CoLA,0,memlive_3b_cola_fsdp_offload,FSDP+offload,"[134217728,268435456)",post_optimizer_step
24,active_allocated,CoLA,0,memlive_3b_cola_fsdp_offload,FSDP+offload,"[16777216,33554432)",post_optimizer_step
1,active_allocated,CoLA,0,memlive_3b_cola_fsdp_offload,FSDP+offload,"[262144,524288)",post_optimizer_step
1,active_allocated,CoLA,0,memlive_3b_cola_fsdp_offload,FSDP+offload,"[268435456,536870912)",post_optimizer_step
24,active_allocated,CoLA,0,memlive_3b_cola_fsdp_offload,FSDP+offload,"[33554432,67108864)",post_optimizer_step
3,active_allocated,CoLA,0,memlive_3b_cola_fsdp_offload,FSDP+offload,"[4,8)",post_optimizer_step
1,active_allocated,CoLA,0,memlive_3b_cola_fsdp_offload,FSDP+offload,"[4096,8192)",post_optimizer_step
13,active_allocated,CoLA,0,memlive_3b_cola_fsdp_offload,FSDP+offload,"[67108864,134217728)",post_optimizer_step
2,active_allocated,CoLA,0,memlive_3b_cola_fsdp_offload,FSDP+offload,"[8,16)",post_optimizer_step
3,active_allocated,CoLA,0,memlive_3b_cola_fsdp_offload,FSDP+offload,"[8192,16384)",post_optimizer_step
2,active_allocated,CoLA,0,memlive_3b_cola_fsdp_offload,FSDP+offload,"[8388608,16777216)",post_optimizer_step
1,active_allocated,CoLA,0,memlive_3b_cola_fsdp_offload,FSDP+offload,"[1,2)",steady_state_after_iter_10
1,active_allocated,CoLA,0,memlive_3b_cola_fsdp_offload,FSDP+offload,"[1048576,2097152)",steady_state_after_iter_10
1,active_allocated,CoLA,0,memlive_3b_cola_fsdp_offload,FSDP+offload,"[1073741824,2147483648)",steady_state_after_iter_10
1,active_allocated,CoLA,0,memlive_3b_cola_fsdp_offload,FSDP+offload,"[128,256)",steady_state_after_iter_10
1,active_allocated,CoLA,0,memlive_3b_cola_fsdp_offload,FSDP+offload,"[134217728,268435456)",steady_state_after_iter_10
24,active_allocated,CoLA,0,memlive_3b_cola_fsdp_offload,FSDP+offload,"[16777216,33554432)",steady_state_after_iter_10
1,active_allocated,CoLA,0,memlive_3b_cola_fsdp_offload,FSDP+offload,"[262144,524288)",steady_state_after_iter_10
1,active_allocated,CoLA,0,memlive_3b_cola_fsdp_offload,FSDP+offload,"[268435456,536870912)",steady_state_after_iter_10
24,active_allocated,CoLA,0,memlive_3b_cola_fsdp_offload,FSDP+offload,"[33554432,67108864)",steady_state_after_iter_10
3,active_allocated,CoLA,0,memlive_3b_cola_fsdp_offload,FSDP+offload,"[4,8)",steady_state_after_iter_10
1,active_allocated,CoLA,0,memlive_3b_cola_fsdp_offload,FSDP+offload,"[4096,8192)",steady_state_after_iter_10
13,active_allocated,CoLA,0,memlive_3b_cola_fsdp_offload,FSDP+offload,"[67108864,134217728)",steady_state_after_iter_10
1,active_allocated,CoLA,0,memlive_3b_cola_fsdp_offload,FSDP+offload,"[8,16)",steady_state_after_iter_10
3,active_allocated,CoLA,0,memlive_3b_cola_fsdp_offload,FSDP+offload,"[8192,16384)",steady_state_after_iter_10
2,active_allocated,CoLA,0,memlive_3b_cola_fsdp_offload,FSDP+offload,"[8388608,16777216)",steady_state_after_iter_10
1,active_allocated,FullRank,0,memlive_3b_fullrank_distopt,DistOpt,"[1,2)",post_backward
1,active_allocated,FullRank,0,memlive_3b_fullrank_distopt,DistOpt,"[1048576,2097152)",post_backward
1,active_allocated,FullRank,0,memlive_3b_fullrank_distopt,DistOpt,"[128,256)",post_backward
6,active_allocated,FullRank,0,memlive_3b_fullrank_distopt,DistOpt,"[134217728,268435456)",post_backward
1,active_allocated,FullRank,0,memlive_3b_fullrank_distopt,DistOpt,"[262144,524288)",post_backward
1,active_allocated,FullRank,0,memlive_3b_fullrank_distopt,DistOpt,"[268435456,536870912)",post_backward
5,active_allocated,FullRank,0,memlive_3b_fullrank_distopt,DistOpt,"[33554432,67108864)",post_backward
2,active_allocated,FullRank,0,memlive_3b_fullrank_distopt,DistOpt,"[4,8)",post_backward
1,active_allocated,FullRank,0,memlive_3b_fullrank_distopt,DistOpt,"[4096,8192)",post_backward
1,active_allocated,FullRank,0,memlive_3b_fullrank_distopt,DistOpt,"[4294967296,8589934592)",post_backward
12,active_allocated,FullRank,0,memlive_3b_fullrank_distopt,DistOpt,"[67108864,134217728)",post_backward
2,active_allocated,FullRank,0,memlive_3b_fullrank_distopt,DistOpt,"[8,16)",post_backward
14,active_allocated,FullRank,0,memlive_3b_fullrank_distopt,DistOpt,"[8192,16384)",post_backward
2,active_allocated,FullRank,0,memlive_3b_fullrank_distopt,DistOpt,"[8388608,16777216)",post_backward
1,active_allocated,FullRank,0,memlive_3b_fullrank_distopt,DistOpt,"[8589934592,17179869184)",post_backward
1,active_allocated,FullRank,0,memlive_3b_fullrank_distopt,DistOpt,"[1,2)",post_backward
1,active_allocated,FullRank,0,memlive_3b_fullrank_distopt,DistOpt,"[1048576,2097152)",post_backward
1,active_allocated,FullRank,0,memlive_3b_fullrank_distopt,DistOpt,"[128,256)",post_backward
18,active_allocated,FullRank,0,memlive_3b_fullrank_distopt,DistOpt,"[134217728,268435456)",post_backward
1,active_allocated,FullRank,0,memlive_3b_fullrank_distopt,DistOpt,"[262144,524288)",post_backward
3,active_allocated,FullRank,0,memlive_3b_fullrank_distopt,DistOpt,"[268435456,536870912)",post_backward
15,active_allocated,FullRank,0,memlive_3b_fullrank_distopt,DistOpt,"[33554432,67108864)",post_backward
4,active_allocated,FullRank,0,memlive_3b_fullrank_distopt,DistOpt,"[4,8)",post_backward
1,active_allocated,FullRank,0,memlive_3b_fullrank_distopt,DistOpt,"[4096,8192)",post_backward
1,active_allocated,FullRank,0,memlive_3b_fullrank_distopt,DistOpt,"[4294967296,8589934592)",post_backward
34,active_allocated,FullRank,0,memlive_3b_fullrank_distopt,DistOpt,"[67108864,134217728)",post_backward
2,active_allocated,FullRank,0,memlive_3b_fullrank_distopt,DistOpt,"[8,16)",post_backward
36,active_allocated,FullRank,0,memlive_3b_fullrank_distopt,DistOpt,"[8192,16384)",post_backward
2,active_allocated,FullRank,0,memlive_3b_fullrank_distopt,DistOpt,"[8388608,16777216)",post_backward
1,active_allocated,FullRank,0,memlive_3b_fullrank_distopt,DistOpt,"[8589934592,17179869184)",post_backward
1,active_allocated,FullRank,0,memlive_3b_fullrank_distopt,DistOpt,"[1,2)",post_backward
1,active_allocated,FullRank,0,memlive_3b_fullrank_distopt,DistOpt,"[1048576,2097152)",post_backward
1,active_allocated,FullRank,0,memlive_3b_fullrank_distopt,DistOpt,"[128,256)",post_backward
18,active_allocated,FullRank,0,memlive_3b_fullrank_distopt,DistOpt,"[134217728,268435456)",post_backward
1,active_allocated,FullRank,0,memlive_3b_fullrank_distopt,DistOpt,"[262144,524288)",post_backward
3,active_allocated,FullRank,0,memlive_3b_fullrank_distopt,DistOpt,"[268435456,536870912)",post_backward
15,active_allocated,FullRank,0,memlive_3b_fullrank_distopt,DistOpt,"[33554432,67108864)",post_backward
4,active_allocated,FullRank,0,memlive_3b_fullrank_distopt,DistOpt,"[4,8)",post_backward
1,active_allocated,FullRank,0,memlive_3b_fullrank_distopt,DistOpt,"[4096,8192)",post_backward
1,active_allocated,FullRank,0,memlive_3b_fullrank_distopt,DistOpt,"[4294967296,8589934592)",post_backward
34,active_allocated,FullRank,0,memlive_3b_fullrank_distopt,DistOpt,"[67108864,134217728)",post_backward
2,active_allocated,FullRank,0,memlive_3b_fullrank_distopt,DistOpt,"[8,16)",post_backward
36,active_allocated,FullRank,0,memlive_3b_fullrank_distopt,DistOpt,"[8192,16384)",post_backward
2,active_allocated,FullRank,0,memlive_3b_fullrank_distopt,DistOpt,"[8388608,16777216)",post_backward
1,active_allocated,FullRank,0,memlive_3b_fullrank_distopt,DistOpt,"[8589934592,17179869184)",post_backward
1,active_allocated,FullRank,0,memlive_3b_fullrank_distopt,DistOpt,"[1,2)",post_backward
1,active_allocated,FullRank,0,memlive_3b_fullrank_distopt,DistOpt,"[1048576,2097152)",post_backward
1,active_allocated,FullRank,0,memlive_3b_fullrank_distopt,DistOpt,"[128,256)",post_backward
18,active_allocated,FullRank,0,memlive_3b_fullrank_distopt,DistOpt,"[134217728,268435456)",post_backward
1,active_allocated,FullRank,0,memlive_3b_fullrank_distopt,DistOpt,"[262144,524288)",post_backward
3,active_allocated,FullRank,0,memlive_3b_fullrank_distopt,DistOpt,"[268435456,536870912)",post_backward
15,active_allocated,FullRank,0,memlive_3b_fullrank_distopt,DistOpt,"[33554432,67108864)",post_backward
4,active_allocated,FullRank,0,memlive_3b_fullrank_distopt,DistOpt,"[4,8)",post_backward
1,active_allocated,FullRank,0,memlive_3b_fullrank_distopt,DistOpt,"[4096,8192)",post_backward
1,active_allocated,FullRank,0,memlive_3b_fullrank_distopt,DistOpt,"[4294967296,8589934592)",post_backward
34,active_allocated,FullRank,0,memlive_3b_fullrank_distopt,DistOpt,"[67108864,134217728)",post_backward
2,active_allocated,FullRank,0,memlive_3b_fullrank_distopt,DistOpt,"[8,16)",post_backward
36,active_allocated,FullRank,0,memlive_3b_fullrank_distopt,DistOpt,"[8192,16384)",post_backward
2,active_allocated,FullRank,0,memlive_3b_fullrank_distopt,DistOpt,"[8388608,16777216)",post_backward
1,active_allocated,FullRank,0,memlive_3b_fullrank_distopt,DistOpt,"[8589934592,17179869184)",post_backward
1,active_allocated,FullRank,0,memlive_3b_fullrank_distopt,DistOpt,"[1,2)",post_backward
1,active_allocated,FullRank,0,memlive_3b_fullrank_distopt,DistOpt,"[1048576,2097152)",post_backward
1,active_allocated,FullRank,0,memlive_3b_fullrank_distopt,DistOpt,"[128,256)",post_backward
18,active_allocated,FullRank,0,memlive_3b_fullrank_distopt,DistOpt,"[134217728,268435456)",post_backward
1,active_allocated,FullRank,0,memlive_3b_fullrank_distopt,DistOpt,"[262144,524288)",post_backward
3,active_allocated,FullRank,0,memlive_3b_fullrank_distopt,DistOpt,"[268435456,536870912)",post_backward
15,active_allocated,FullRank,0,memlive_3b_fullrank_distopt,DistOpt,"[33554432,67108864)",post_backward
4,active_allocated,FullRank,0,memlive_3b_fullrank_distopt,DistOpt,"[4,8)",post_backward
1,active_allocated,FullRank,0,memlive_3b_fullrank_distopt,DistOpt,"[4096,8192)",post_backward
1,active_allocated,FullRank,0,memlive_3b_fullrank_distopt,DistOpt,"[4294967296,8589934592)",post_backward
34,active_allocated,FullRank,0,memlive_3b_fullrank_distopt,DistOpt,"[67108864,134217728)",post_backward
2,active_allocated,FullRank,0,memlive_3b_fullrank_distopt,DistOpt,"[8,16)",post_backward
36,active_allocated,FullRank,0,memlive_3b_fullrank_distopt,DistOpt,"[8192,16384)",post_backward
2,active_allocated,FullRank,0,memlive_3b_fullrank_distopt,DistOpt,"[8388608,16777216)",post_backward
1,active_allocated,FullRank,0,memlive_3b_fullrank_distopt,DistOpt,"[8589934592,17179869184)",post_backward
1,active_allocated,FullRank,0,memlive_3b_fullrank_distopt,DistOpt,"[1,2)",post_backward
1,active_allocated,FullRank,0,memlive_3b_fullrank_distopt,DistOpt,"[1048576,2097152)",post_backward
1,active_allocated,FullRank,0,memlive_3b_fullrank_distopt,DistOpt,"[128,256)",post_backward
18,active_allocated,FullRank,0,memlive_3b_fullrank_distopt,DistOpt,"[134217728,268435456)",post_backward
1,active_allocated,FullRank,0,memlive_3b_fullrank_distopt,DistOpt,"[262144,524288)",post_backward
3,active_allocated,FullRank,0,memlive_3b_fullrank_distopt,DistOpt,"[268435456,536870912)",post_backward
15,active_allocated,FullRank,0,memlive_3b_fullrank_distopt,DistOpt,"[33554432,67108864)",post_backward
4,active_allocated,FullRank,0,memlive_3b_fullrank_distopt,DistOpt,"[4,8)",post_backward
1,active_allocated,FullRank,0,memlive_3b_fullrank_distopt,DistOpt,"[4096,8192)",post_backward
1,active_allocated,FullRank,0,memlive_3b_fullrank_distopt,DistOpt,"[4294967296,8589934592)",post_backward
34,active_allocated,FullRank,0,memlive_3b_fullrank_distopt,DistOpt,"[67108864,134217728)",post_backward
2,active_allocated,FullRank,0,memlive_3b_fullrank_distopt,DistOpt,"[8,16)",post_backward
36,active_allocated,FullRank,0,memlive_3b_fullrank_distopt,DistOpt,"[8192,16384)",post_backward
2,active_allocated,FullRank,0,memlive_3b_fullrank_distopt,DistOpt,"[8388608,16777216)",post_backward
1,active_allocated,FullRank,0,memlive_3b_fullrank_distopt,DistOpt,"[8589934592,17179869184)",post_backward
1,active_allocated,FullRank,0,memlive_3b_fullrank_distopt,DistOpt,"[1,2)",post_backward
1,active_allocated,FullRank,0,memlive_3b_fullrank_distopt,DistOpt,"[1048576,2097152)",post_backward
1,active_allocated,FullRank,0,memlive_3b_fullrank_distopt,DistOpt,"[128,256)",post_backward
18,active_allocated,FullRank,0,memlive_3b_fullrank_distopt,DistOpt,"[134217728,268435456)",post_backward
1,active_allocated,FullRank,0,memlive_3b_fullrank_distopt,DistOpt,"[262144,524288)",post_backward
3,active_allocated,FullRank,0,memlive_3b_fullrank_distopt,DistOpt,"[268435456,536870912)",post_backward
15,active_allocated,FullRank,0,memlive_3b_fullrank_distopt,DistOpt,"[33554432,67108864)",post_backward
4,active_allocated,FullRank,0,memlive_3b_fullrank_distopt,DistOpt,"[4,8)",post_backward
1,active_allocated,FullRank,0,memlive_3b_fullrank_distopt,DistOpt,"[4096,8192)",post_backward
1,active_allocated,FullRank,0,memlive_3b_fullrank_distopt,DistOpt,"[4294967296,8589934592)",post_backward
34,active_allocated,FullRank,0,memlive_3b_fullrank_distopt,DistOpt,"[67108864,134217728)",post_backward
2,active_allocated,FullRank,0,memlive_3b_fullrank_distopt,DistOpt,"[8,16)",post_backward
36,active_allocated,FullRank,0,memlive_3b_fullrank_distopt,DistOpt,"[8192,16384)",post_backward
2,active_allocated,FullRank,0,memlive_3b_fullrank_distopt,DistOpt,"[8388608,16777216)",post_backward
1,active_allocated,FullRank,0,memlive_3b_fullrank_distopt,DistOpt,"[8589934592,17179869184)",post_backward
1,active_allocated,FullRank,0,memlive_3b_fullrank_distopt,DistOpt,"[1,2)",post_backward
1,active_allocated,FullRank,0,memlive_3b_fullrank_distopt,DistOpt,"[1048576,2097152)",post_backward
1,active_allocated,FullRank,0,memlive_3b_fullrank_distopt,DistOpt,"[128,256)",post_backward
18,active_allocated,FullRank,0,memlive_3b_fullrank_distopt,DistOpt,"[134217728,268435456)",post_backward
1,active_allocated,FullRank,0,memlive_3b_fullrank_distopt,DistOpt,"[262144,524288)",post_backward
3,active_allocated,FullRank,0,memlive_3b_fullrank_distopt,DistOpt,"[268435456,536870912)",post_backward
15,active_allocated,FullRank,0,memlive_3b_fullrank_distopt,DistOpt,"[33554432,67108864)",post_backward
4,active_allocated,FullRank,0,memlive_3b_fullrank_distopt,DistOpt,"[4,8)",post_backward
1,active_allocated,FullRank,0,memlive_3b_fullrank_distopt,DistOpt,"[4096,8192)",post_backward
1,active_allocated,FullRank,0,memlive_3b_fullrank_distopt,DistOpt,"[4294967296,8589934592)",post_backward
34,active_allocated,FullRank,0,memlive_3b_fullrank_distopt,DistOpt,"[67108864,134217728)",post_backward
2,active_allocated,FullRank,0,memlive_3b_fullrank_distopt,DistOpt,"[8,16)",post_backward
36,active_allocated,FullRank,0,memlive_3b_fullrank_distopt,DistOpt,"[8192,16384)",post_backward
2,active_allocated,FullRank,0,memlive_3b_fullrank_distopt,DistOpt,"[8388608,16777216)",post_backward
1,active_allocated,FullRank,0,memlive_3b_fullrank_distopt,DistOpt,"[8589934592,17179869184)",post_backward
1,active_allocated,FullRank,0,memlive_3b_fullrank_distopt,DistOpt,"[1,2)",post_backward
1,active_allocated,FullRank,0,memlive_3b_fullrank_distopt,DistOpt,"[1048576,2097152)",post_backward
1,active_allocated,FullRank,0,memlive_3b_fullrank_distopt,DistOpt,"[128,256)",post_backward
18,active_allocated,FullRank,0,memlive_3b_fullrank_distopt,DistOpt,"[134217728,268435456)",post_backward
1,active_allocated,FullRank,0,memlive_3b_fullrank_distopt,DistOpt,"[262144,524288)",post_backward
3,active_allocated,FullRank,0,memlive_3b_fullrank_distopt,DistOpt,"[268435456,536870912)",post_backward
15,active_allocated,FullRank,0,memlive_3b_fullrank_distopt,DistOpt,"[33554432,67108864)",post_backward
4,active_allocated,FullRank,0,memlive_3b_fullrank_distopt,DistOpt,"[4,8)",post_backward
1,active_allocated,FullRank,0,memlive_3b_fullrank_distopt,DistOpt,"[4096,8192)",post_backward
1,active_allocated,FullRank,0,memlive_3b_fullrank_distopt,DistOpt,"[4294967296,8589934592)",post_backward
34,active_allocated,FullRank,0,memlive_3b_fullrank_distopt,DistOpt,"[67108864,134217728)",post_backward
2,active_allocated,FullRank,0,memlive_3b_fullrank_distopt,DistOpt,"[8,16)",post_backward
36,active_allocated,FullRank,0,memlive_3b_fullrank_distopt,DistOpt,"[8192,16384)",post_backward
2,active_allocated,FullRank,0,memlive_3b_fullrank_distopt,DistOpt,"[8388608,16777216)",post_backward
1,active_allocated,FullRank,0,memlive_3b_fullrank_distopt,DistOpt,"[8589934592,17179869184)",post_backward
1,active_allocated,FullRank,0,memlive_3b_fullrank_distopt,DistOpt,"[1,2)",post_backward
1,active_allocated,FullRank,0,memlive_3b_fullrank_distopt,DistOpt,"[1048576,2097152)",post_backward
1,active_allocated,FullRank,0,memlive_3b_fullrank_distopt,DistOpt,"[128,256)",post_backward
18,active_allocated,FullRank,0,memlive_3b_fullrank_distopt,DistOpt,"[134217728,268435456)",post_backward
1,active_allocated,FullRank,0,memlive_3b_fullrank_distopt,DistOpt,"[262144,524288)",post_backward
3,active_allocated,FullRank,0,memlive_3b_fullrank_distopt,DistOpt,"[268435456,536870912)",post_backward
15,active_allocated,FullRank,0,memlive_3b_fullrank_distopt,DistOpt,"[33554432,67108864)",post_backward
4,active_allocated,FullRank,0,memlive_3b_fullrank_distopt,DistOpt,"[4,8)",post_backward
1,active_allocated,FullRank,0,memlive_3b_fullrank_distopt,DistOpt,"[4096,8192)",post_backward
1,active_allocated,FullRank,0,memlive_3b_fullrank_distopt,DistOpt,"[4294967296,8589934592)",post_backward
34,active_allocated,FullRank,0,memlive_3b_fullrank_distopt,DistOpt,"[67108864,134217728)",post_backward
2,active_allocated,FullRank,0,memlive_3b_fullrank_distopt,DistOpt,"[8,16)",post_backward
36,active_allocated,FullRank,0,memlive_3b_fullrank_distopt,DistOpt,"[8192,16384)",post_backward
2,active_allocated,FullRank,0,memlive_3b_fullrank_distopt,DistOpt,"[8388608,16777216)",post_backward
1,active_allocated,FullRank,0,memlive_3b_fullrank_distopt,DistOpt,"[8589934592,17179869184)",post_backward
1,active_allocated,FullRank,0,memlive_3b_fullrank_distopt,DistOpt,"[1,2)",post_backward
1,active_allocated,FullRank,0,memlive_3b_fullrank_distopt,DistOpt,"[1048576,2097152)",post_backward
1,active_allocated,FullRank,0,memlive_3b_fullrank_distopt,DistOpt,"[128,256)",post_backward
18,active_allocated,FullRank,0,memlive_3b_fullrank_distopt,DistOpt,"[134217728,268435456)",post_backward
1,active_allocated,FullRank,0,memlive_3b_fullrank_distopt,DistOpt,"[262144,524288)",post_backward
3,active_allocated,FullRank,0,memlive_3b_fullrank_distopt,DistOpt,"[268435456,536870912)",post_backward
15,active_allocated,FullRank,0,memlive_3b_fullrank_distopt,DistOpt,"[33554432,67108864)",post_backward
4,active_allocated,FullRank,0,memlive_3b_fullrank_distopt,DistOpt,"[4,8)",post_backward
1,active_allocated,FullRank,0,memlive_3b_fullrank_distopt,DistOpt,"[4096,8192)",post_backward
1,active_allocated,FullRank,0,memlive_3b_fullrank_distopt,DistOpt,"[4294967296,8589934592)",post_backward
34,active_allocated,FullRank,0,memlive_3b_fullrank_distopt,DistOpt,"[67108864,134217728)",post_backward
2,active_allocated,FullRank,0,memlive_3b_fullrank_distopt,DistOpt,"[8,16)",post_backward
36,active_allocated,FullRank,0,memlive_3b_fullrank_distopt,DistOpt,"[8192,16384)",post_backward
2,active_allocated,FullRank,0,memlive_3b_fullrank_distopt,DistOpt,"[8388608,16777216)",post_backward
1,active_allocated,FullRank,0,memlive_3b_fullrank_distopt,DistOpt,"[8589934592,17179869184)",post_backward
1,active_allocated,FullRank,0,memlive_3b_fullrank_distopt,DistOpt,"[1,2)",post_backward
1,active_allocated,FullRank,0,memlive_3b_fullrank_distopt,DistOpt,"[1048576,2097152)",post_backward
1,active_allocated,FullRank,0,memlive_3b_fullrank_distopt,DistOpt,"[128,256)",post_backward
18,active_allocated,FullRank,0,memlive_3b_fullrank_distopt,DistOpt,"[134217728,268435456)",post_backward
1,active_allocated,FullRank,0,memlive_3b_fullrank_distopt,DistOpt,"[262144,524288)",post_backward
3,active_allocated,FullRank,0,memlive_3b_fullrank_distopt,DistOpt,"[268435456,536870912)",post_backward
15,active_allocated,FullRank,0,memlive_3b_fullrank_distopt,DistOpt,"[33554432,67108864)",post_backward
4,active_allocated,FullRank,0,memlive_3b_fullrank_distopt,DistOpt,"[4,8)",post_backward
1,active_allocated,FullRank,0,memlive_3b_fullrank_distopt,DistOpt,"[4096,8192)",post_backward
1,active_allocated,FullRank,0,memlive_3b_fullrank_distopt,DistOpt,"[4294967296,8589934592)",post_backward
34,active_allocated,FullRank,0,memlive_3b_fullrank_distopt,DistOpt,"[67108864,134217728)",post_backward
2,active_allocated,FullRank,0,memlive_3b_fullrank_distopt,DistOpt,"[8,16)",post_backward
36,active_allocated,FullRank,0,memlive_3b_fullrank_distopt,DistOpt,"[8192,16384)",post_backward
2,active_allocated,FullRank,0,memlive_3b_fullrank_distopt,DistOpt,"[8388608,16777216)",post_backward
1,active_allocated,FullRank,0,memlive_3b_fullrank_distopt,DistOpt,"[8589934592,17179869184)",post_backward
1,active_allocated,FullRank,0,memlive_3b_fullrank_distopt,DistOpt,"[1,2)",post_init
1,active_allocated,FullRank,0,memlive_3b_fullrank_distopt,DistOpt,"[128,256)",post_init
6,active_allocated,FullRank,0,memlive_3b_fullrank_distopt,DistOpt,"[134217728,268435456)",post_init
1,active_allocated,FullRank,0,memlive_3b_fullrank_distopt,DistOpt,"[268435456,536870912)",post_init
5,active_allocated,FullRank,0,memlive_3b_fullrank_distopt,DistOpt,"[33554432,67108864)",post_init
2,active_allocated,FullRank,0,memlive_3b_fullrank_distopt,DistOpt,"[4,8)",post_init
1,active_allocated,FullRank,0,memlive_3b_fullrank_distopt,DistOpt,"[4294967296,8589934592)",post_init
11,active_allocated,FullRank,0,memlive_3b_fullrank_distopt,DistOpt,"[67108864,134217728)",post_init
1,active_allocated,FullRank,0,memlive_3b_fullrank_distopt,DistOpt,"[8,16)",post_init
11,active_allocated,FullRank,0,memlive_3b_fullrank_distopt,DistOpt,"[8192,16384)",post_init
1,active_allocated,FullRank,0,memlive_3b_fullrank_distopt,DistOpt,"[8589934592,17179869184)",post_init
1,active_allocated,FullRank,0,memlive_3b_fullrank_distopt,DistOpt,"[1,2)",post_optimizer_step
1,active_allocated,FullRank,0,memlive_3b_fullrank_distopt,DistOpt,"[1048576,2097152)",post_optimizer_step
1,active_allocated,FullRank,0,memlive_3b_fullrank_distopt,DistOpt,"[128,256)",post_optimizer_step
18,active_allocated,FullRank,0,memlive_3b_fullrank_distopt,DistOpt,"[134217728,268435456)",post_optimizer_step
1,active_allocated,FullRank,0,memlive_3b_fullrank_distopt,DistOpt,"[262144,524288)",post_optimizer_step
3,active_allocated,FullRank,0,memlive_3b_fullrank_distopt,DistOpt,"[268435456,536870912)",post_optimizer_step
15,active_allocated,FullRank,0,memlive_3b_fullrank_distopt,DistOpt,"[33554432,67108864)",post_optimizer_step
2,active_allocated,FullRank,0,memlive_3b_fullrank_distopt,DistOpt,"[4,8)",post_optimizer_step
1,active_allocated,FullRank,0,memlive_3b_fullrank_distopt,DistOpt,"[4096,8192)",post_optimizer_step
1,active_allocated,FullRank,0,memlive_3b_fullrank_distopt,DistOpt,"[4294967296,8589934592)",post_optimizer_step
34,active_allocated,FullRank,0,memlive_3b_fullrank_distopt,DistOpt,"[67108864,134217728)",post_optimizer_step
2,active_allocated,FullRank,0,memlive_3b_fullrank_distopt,DistOpt,"[8,16)",post_optimizer_step
36,active_allocated,FullRank,0,memlive_3b_fullrank_distopt,DistOpt,"[8192,16384)",post_optimizer_step
2,active_allocated,FullRank,0,memlive_3b_fullrank_distopt,DistOpt,"[8388608,16777216)",post_optimizer_step
1,active_allocated,FullRank,0,memlive_3b_fullrank_distopt,DistOpt,"[8589934592,17179869184)",post_optimizer_step
1,active_allocated,FullRank,0,memlive_3b_fullrank_distopt,DistOpt,"[1,2)",post_optimizer_step
1,active_allocated,FullRank,0,memlive_3b_fullrank_distopt,DistOpt,"[1048576,2097152)",post_optimizer_step
1,active_allocated,FullRank,0,memlive_3b_fullrank_distopt,DistOpt,"[128,256)",post_optimizer_step
18,active_allocated,FullRank,0,memlive_3b_fullrank_distopt,DistOpt,"[134217728,268435456)",post_optimizer_step
1,active_allocated,FullRank,0,memlive_3b_fullrank_distopt,DistOpt,"[262144,524288)",post_optimizer_step
3,active_allocated,FullRank,0,memlive_3b_fullrank_distopt,DistOpt,"[268435456,536870912)",post_optimizer_step
15,active_allocated,FullRank,0,memlive_3b_fullrank_distopt,DistOpt,"[33554432,67108864)",post_optimizer_step
4,active_allocated,FullRank,0,memlive_3b_fullrank_distopt,DistOpt,"[4,8)",post_optimizer_step
1,active_allocated,FullRank,0,memlive_3b_fullrank_distopt,DistOpt,"[4096,8192)",post_optimizer_step
1,active_allocated,FullRank,0,memlive_3b_fullrank_distopt,DistOpt,"[4294967296,8589934592)",post_optimizer_step
34,active_allocated,FullRank,0,memlive_3b_fullrank_distopt,DistOpt,"[67108864,134217728)",post_optimizer_step
2,active_allocated,FullRank,0,memlive_3b_fullrank_distopt,DistOpt,"[8,16)",post_optimizer_step
36,active_allocated,FullRank,0,memlive_3b_fullrank_distopt,DistOpt,"[8192,16384)",post_optimizer_step
2,active_allocated,FullRank,0,memlive_3b_fullrank_distopt,DistOpt,"[8388608,16777216)",post_optimizer_step
1,active_allocated,FullRank,0,memlive_3b_fullrank_distopt,DistOpt,"[8589934592,17179869184)",post_optimizer_step
1,active_allocated,FullRank,0,memlive_3b_fullrank_distopt,DistOpt,"[1,2)",post_optimizer_step
1,active_allocated,FullRank,0,memlive_3b_fullrank_distopt,DistOpt,"[1048576,2097152)",post_optimizer_step
1,active_allocated,FullRank,0,memlive_3b_fullrank_distopt,DistOpt,"[128,256)",post_optimizer_step
18,active_allocated,FullRank,0,memlive_3b_fullrank_distopt,DistOpt,"[134217728,268435456)",post_optimizer_step
1,active_allocated,FullRank,0,memlive_3b_fullrank_distopt,DistOpt,"[262144,524288)",post_optimizer_step
3,active_allocated,FullRank,0,memlive_3b_fullrank_distopt,DistOpt,"[268435456,536870912)",post_optimizer_step
15,active_allocated,FullRank,0,memlive_3b_fullrank_distopt,DistOpt,"[33554432,67108864)",post_optimizer_step
4,active_allocated,FullRank,0,memlive_3b_fullrank_distopt,DistOpt,"[4,8)",post_optimizer_step
1,active_allocated,FullRank,0,memlive_3b_fullrank_distopt,DistOpt,"[4096,8192)",post_optimizer_step
1,active_allocated,FullRank,0,memlive_3b_fullrank_distopt,DistOpt,"[4294967296,8589934592)",post_optimizer_step
34,active_allocated,FullRank,0,memlive_3b_fullrank_distopt,DistOpt,"[67108864,134217728)",post_optimizer_step
2,active_allocated,FullRank,0,memlive_3b_fullrank_distopt,DistOpt,"[8,16)",post_optimizer_step
36,active_allocated,FullRank,0,memlive_3b_fullrank_distopt,DistOpt,"[8192,16384)",post_optimizer_step
2,active_allocated,FullRank,0,memlive_3b_fullrank_distopt,DistOpt,"[8388608,16777216)",post_optimizer_step
1,active_allocated,FullRank,0,memlive_3b_fullrank_distopt,DistOpt,"[8589934592,17179869184)",post_optimizer_step
1,active_allocated,FullRank,0,memlive_3b_fullrank_distopt,DistOpt,"[1,2)",post_optimizer_step
1,active_allocated,FullRank,0,memlive_3b_fullrank_distopt,DistOpt,"[1048576,2097152)",post_optimizer_step
1,active_allocated,FullRank,0,memlive_3b_fullrank_distopt,DistOpt,"[128,256)",post_optimizer_step
18,active_allocated,FullRank,0,memlive_3b_fullrank_distopt,DistOpt,"[134217728,268435456)",post_optimizer_step
1,active_allocated,FullRank,0,memlive_3b_fullrank_distopt,DistOpt,"[262144,524288)",post_optimizer_step
3,active_allocated,FullRank,0,memlive_3b_fullrank_distopt,DistOpt,"[268435456,536870912)",post_optimizer_step
15,active_allocated,FullRank,0,memlive_3b_fullrank_distopt,DistOpt,"[33554432,67108864)",post_optimizer_step
4,active_allocated,FullRank,0,memlive_3b_fullrank_distopt,DistOpt,"[4,8)",post_optimizer_step
1,active_allocated,FullRank,0,memlive_3b_fullrank_distopt,DistOpt,"[4096,8192)",post_optimizer_step
1,active_allocated,FullRank,0,memlive_3b_fullrank_distopt,DistOpt,"[4294967296,8589934592)",post_optimizer_step
34,active_allocated,FullRank,0,memlive_3b_fullrank_distopt,DistOpt,"[67108864,134217728)",post_optimizer_step
2,active_allocated,FullRank,0,memlive_3b_fullrank_distopt,DistOpt,"[8,16)",post_optimizer_step
36,active_allocated,FullRank,0,memlive_3b_fullrank_distopt,DistOpt,"[8192,16384)",post_optimizer_step
2,active_allocated,FullRank,0,memlive_3b_fullrank_distopt,DistOpt,"[8388608,16777216)",post_optimizer_step
1,active_allocated,FullRank,0,memlive_3b_fullrank_distopt,DistOpt,"[8589934592,17179869184)",post_optimizer_step
1,active_allocated,FullRank,0,memlive_3b_fullrank_distopt,DistOpt,"[1,2)",post_optimizer_step
1,active_allocated,FullRank,0,memlive_3b_fullrank_distopt,DistOpt,"[1048576,2097152)",post_optimizer_step
1,active_allocated,FullRank,0,memlive_3b_fullrank_distopt,DistOpt,"[128,256)",post_optimizer_step
18,active_allocated,FullRank,0,memlive_3b_fullrank_distopt,DistOpt,"[134217728,268435456)",post_optimizer_step
1,active_allocated,FullRank,0,memlive_3b_fullrank_distopt,DistOpt,"[262144,524288)",post_optimizer_step
3,active_allocated,FullRank,0,memlive_3b_fullrank_distopt,DistOpt,"[268435456,536870912)",post_optimizer_step
15,active_allocated,FullRank,0,memlive_3b_fullrank_distopt,DistOpt,"[33554432,67108864)",post_optimizer_step
4,active_allocated,FullRank,0,memlive_3b_fullrank_distopt,DistOpt,"[4,8)",post_optimizer_step
1,active_allocated,FullRank,0,memlive_3b_fullrank_distopt,DistOpt,"[4096,8192)",post_optimizer_step
1,active_allocated,FullRank,0,memlive_3b_fullrank_distopt,DistOpt,"[4294967296,8589934592)",post_optimizer_step
34,active_allocated,FullRank,0,memlive_3b_fullrank_distopt,DistOpt,"[67108864,134217728)",post_optimizer_step
2,active_allocated,FullRank,0,memlive_3b_fullrank_distopt,DistOpt,"[8,16)",post_optimizer_step
36,active_allocated,FullRank,0,memlive_3b_fullrank_distopt,DistOpt,"[8192,16384)",post_optimizer_step
2,active_allocated,FullRank,0,memlive_3b_fullrank_distopt,DistOpt,"[8388608,16777216)",post_optimizer_step
1,active_allocated,FullRank,0,memlive_3b_fullrank_distopt,DistOpt,"[8589934592,17179869184)",post_optimizer_step
1,active_allocated,FullRank,0,memlive_3b_fullrank_distopt,DistOpt,"[1,2)",post_optimizer_step
1,active_allocated,FullRank,0,memlive_3b_fullrank_distopt,DistOpt,"[1048576,2097152)",post_optimizer_step
1,active_allocated,FullRank,0,memlive_3b_fullrank_distopt,DistOpt,"[128,256)",post_optimizer_step
18,active_allocated,FullRank,0,memlive_3b_fullrank_distopt,DistOpt,"[134217728,268435456)",post_optimizer_step
1,active_allocated,FullRank,0,memlive_3b_fullrank_distopt,DistOpt,"[262144,524288)",post_optimizer_step
3,active_allocated,FullRank,0,memlive_3b_fullrank_distopt,DistOpt,"[268435456,536870912)",post_optimizer_step
15,active_allocated,FullRank,0,memlive_3b_fullrank_distopt,DistOpt,"[33554432,67108864)",post_optimizer_step
4,active_allocated,FullRank,0,memlive_3b_fullrank_distopt,DistOpt,"[4,8)",post_optimizer_step
1,active_allocated,FullRank,0,memlive_3b_fullrank_distopt,DistOpt,"[4096,8192)",post_optimizer_step
1,active_allocated,FullRank,0,memlive_3b_fullrank_distopt,DistOpt,"[4294967296,8589934592)",post_optimizer_step
34,active_allocated,FullRank,0,memlive_3b_fullrank_distopt,DistOpt,"[67108864,134217728)",post_optimizer_step
2,active_allocated,FullRank,0,memlive_3b_fullrank_distopt,DistOpt,"[8,16)",post_optimizer_step
36,active_allocated,FullRank,0,memlive_3b_fullrank_distopt,DistOpt,"[8192,16384)",post_optimizer_step
2,active_allocated,FullRank,0,memlive_3b_fullrank_distopt,DistOpt,"[8388608,16777216)",post_optimizer_step
1,active_allocated,FullRank,0,memlive_3b_fullrank_distopt,DistOpt,"[8589934592,17179869184)",post_optimizer_step
1,active_allocated,FullRank,0,memlive_3b_fullrank_distopt,DistOpt,"[1,2)",post_optimizer_step
1,active_allocated,FullRank,0,memlive_3b_fullrank_distopt,DistOpt,"[1048576,2097152)",post_optimizer_step
1,active_allocated,FullRank,0,memlive_3b_fullrank_distopt,DistOpt,"[128,256)",post_optimizer_step
18,active_allocated,FullRank,0,memlive_3b_fullrank_distopt,DistOpt,"[134217728,268435456)",post_optimizer_step
1,active_allocated,FullRank,0,memlive_3b_fullrank_distopt,DistOpt,"[262144,524288)",post_optimizer_step
3,active_allocated,FullRank,0,memlive_3b_fullrank_distopt,DistOpt,"[268435456,536870912)",post_optimizer_step
15,active_allocated,FullRank,0,memlive_3b_fullrank_distopt,DistOpt,"[33554432,67108864)",post_optimizer_step
4,active_allocated,FullRank,0,memlive_3b_fullrank_distopt,DistOpt,"[4,8)",post_optimizer_step
1,active_allocated,FullRank,0,memlive_3b_fullrank_distopt,DistOpt,"[4096,8192)",post_optimizer_step
1,active_allocated,FullRank,0,memlive_3b_fullrank_distopt,DistOpt,"[4294967296,8589934592)",post_optimizer_step
34,active_allocated,FullRank,0,memlive_3b_fullrank_distopt,DistOpt,"[67108864,134217728)",post_optimizer_step
2,active_allocated,FullRank,0,memlive_3b_fullrank_distopt,DistOpt,"[8,16)",post_optimizer_step
36,active_allocated,FullRank,0,memlive_3b_fullrank_distopt,DistOpt,"[8192,16384)",post_optimizer_step
2,active_allocated,FullRank,0,memlive_3b_fullrank_distopt,DistOpt,"[8388608,16777216)",post_optimizer_step
1,active_allocated,FullRank,0,memlive_3b_fullrank_distopt,DistOpt,"[8589934592,17179869184)",post_optimizer_step
1,active_allocated,FullRank,0,memlive_3b_fullrank_distopt,DistOpt,"[1,2)",post_optimizer_step
1,active_allocated,FullRank,0,memlive_3b_fullrank_distopt,DistOpt,"[1048576,2097152)",post_optimizer_step
1,active_allocated,FullRank,0,memlive_3b_fullrank_distopt,DistOpt,"[128,256)",post_optimizer_step
18,active_allocated,FullRank,0,memlive_3b_fullrank_distopt,DistOpt,"[134217728,268435456)",post_optimizer_step
1,active_allocated,FullRank,0,memlive_3b_fullrank_distopt,DistOpt,"[262144,524288)",post_optimizer_step
3,active_allocated,FullRank,0,memlive_3b_fullrank_distopt,DistOpt,"[268435456,536870912)",post_optimizer_step
15,active_allocated,FullRank,0,memlive_3b_fullrank_distopt,DistOpt,"[33554432,67108864)",post_optimizer_step
4,active_allocated,FullRank,0,memlive_3b_fullrank_distopt,DistOpt,"[4,8)",post_optimizer_step
1,active_allocated,FullRank,0,memlive_3b_fullrank_distopt,DistOpt,"[4096,8192)",post_optimizer_step
1,active_allocated,FullRank,0,memlive_3b_fullrank_distopt,DistOpt,"[4294967296,8589934592)",post_optimizer_step
34,active_allocated,FullRank,0,memlive_3b_fullrank_distopt,DistOpt,"[67108864,134217728)",post_optimizer_step
2,active_allocated,FullRank,0,memlive_3b_fullrank_distopt,DistOpt,"[8,16)",post_optimizer_step
36,active_allocated,FullRank,0,memlive_3b_fullrank_distopt,DistOpt,"[8192,16384)",post_optimizer_step
2,active_allocated,FullRank,0,memlive_3b_fullrank_distopt,DistOpt,"[8388608,16777216)",post_optimizer_step
1,active_allocated,FullRank,0,memlive_3b_fullrank_distopt,DistOpt,"[8589934592,17179869184)",post_optimizer_step
1,active_allocated,FullRank,0,memlive_3b_fullrank_distopt,DistOpt,"[1,2)",post_optimizer_step
1,active_allocated,FullRank,0,memlive_3b_fullrank_distopt,DistOpt,"[1048576,2097152)",post_optimizer_step
1,active_allocated,FullRank,0,memlive_3b_fullrank_distopt,DistOpt,"[128,256)",post_optimizer_step
18,active_allocated,FullRank,0,memlive_3b_fullrank_distopt,DistOpt,"[134217728,268435456)",post_optimizer_step
1,active_allocated,FullRank,0,memlive_3b_fullrank_distopt,DistOpt,"[262144,524288)",post_optimizer_step
3,active_allocated,FullRank,0,memlive_3b_fullrank_distopt,DistOpt,"[268435456,536870912)",post_optimizer_step
15,active_allocated,FullRank,0,memlive_3b_fullrank_distopt,DistOpt,"[33554432,67108864)",post_optimizer_step
4,active_allocated,FullRank,0,memlive_3b_fullrank_distopt,DistOpt,"[4,8)",post_optimizer_step
1,active_allocated,FullRank,0,memlive_3b_fullrank_distopt,DistOpt,"[4096,8192)",post_optimizer_step
1,active_allocated,FullRank,0,memlive_3b_fullrank_distopt,DistOpt,"[4294967296,8589934592)",post_optimizer_step
34,active_allocated,FullRank,0,memlive_3b_fullrank_distopt,DistOpt,"[67108864,134217728)",post_optimizer_step
2,active_allocated,FullRank,0,memlive_3b_fullrank_distopt,DistOpt,"[8,16)",post_optimizer_step
36,active_allocated,FullRank,0,memlive_3b_fullrank_distopt,DistOpt,"[8192,16384)",post_optimizer_step
2,active_allocated,FullRank,0,memlive_3b_fullrank_distopt,DistOpt,"[8388608,16777216)",post_optimizer_step
1,active_allocated,FullRank,0,memlive_3b_fullrank_distopt,DistOpt,"[8589934592,17179869184)",post_optimizer_step
1,active_allocated,FullRank,0,memlive_3b_fullrank_distopt,DistOpt,"[1,2)",post_optimizer_step
1,active_allocated,FullRank,0,memlive_3b_fullrank_distopt,DistOpt,"[1048576,2097152)",post_optimizer_step
1,active_allocated,FullRank,0,memlive_3b_fullrank_distopt,DistOpt,"[128,256)",post_optimizer_step
18,active_allocated,FullRank,0,memlive_3b_fullrank_distopt,DistOpt,"[134217728,268435456)",post_optimizer_step
1,active_allocated,FullRank,0,memlive_3b_fullrank_distopt,DistOpt,"[262144,524288)",post_optimizer_step
3,active_allocated,FullRank,0,memlive_3b_fullrank_distopt,DistOpt,"[268435456,536870912)",post_optimizer_step
15,active_allocated,FullRank,0,memlive_3b_fullrank_distopt,DistOpt,"[33554432,67108864)",post_optimizer_step
4,active_allocated,FullRank,0,memlive_3b_fullrank_distopt,DistOpt,"[4,8)",post_optimizer_step
1,active_allocated,FullRank,0,memlive_3b_fullrank_distopt,DistOpt,"[4096,8192)",post_optimizer_step
1,active_allocated,FullRank,0,memlive_3b_fullrank_distopt,DistOpt,"[4294967296,8589934592)",post_optimizer_step
34,active_allocated,FullRank,0,memlive_3b_fullrank_distopt,DistOpt,"[67108864,134217728)",post_optimizer_step
2,active_allocated,FullRank,0,memlive_3b_fullrank_distopt,DistOpt,"[8,16)",post_optimizer_step
36,active_allocated,FullRank,0,memlive_3b_fullrank_distopt,DistOpt,"[8192,16384)",post_optimizer_step
2,active_allocated,FullRank,0,memlive_3b_fullrank_distopt,DistOpt,"[8388608,16777216)",post_optimizer_step
1,active_allocated,FullRank,0,memlive_3b_fullrank_distopt,DistOpt,"[8589934592,17179869184)",post_optimizer_step
1,active_allocated,FullRank,0,memlive_3b_fullrank_distopt,DistOpt,"[1,2)",post_optimizer_step
1,active_allocated,FullRank,0,memlive_3b_fullrank_distopt,DistOpt,"[1048576,2097152)",post_optimizer_step
1,active_allocated,FullRank,0,memlive_3b_fullrank_distopt,DistOpt,"[128,256)",post_optimizer_step
18,active_allocated,FullRank,0,memlive_3b_fullrank_distopt,DistOpt,"[134217728,268435456)",post_optimizer_step
1,active_allocated,FullRank,0,memlive_3b_fullrank_distopt,DistOpt,"[262144,524288)",post_optimizer_step
3,active_allocated,FullRank,0,memlive_3b_fullrank_distopt,DistOpt,"[268435456,536870912)",post_optimizer_step
15,active_allocated,FullRank,0,memlive_3b_fullrank_distopt,DistOpt,"[33554432,67108864)",post_optimizer_step
4,active_allocated,FullRank,0,memlive_3b_fullrank_distopt,DistOpt,"[4,8)",post_optimizer_step
1,active_allocated,FullRank,0,memlive_3b_fullrank_distopt,DistOpt,"[4096,8192)",post_optimizer_step
1,active_allocated,FullRank,0,memlive_3b_fullrank_distopt,DistOpt,"[4294967296,8589934592)",post_optimizer_step
34,active_allocated,FullRank,0,memlive_3b_fullrank_distopt,DistOpt,"[67108864,134217728)",post_optimizer_step
2,active_allocated,FullRank,0,memlive_3b_fullrank_distopt,DistOpt,"[8,16)",post_optimizer_step
36,active_allocated,FullRank,0,memlive_3b_fullrank_distopt,DistOpt,"[8192,16384)",post_optimizer_step
2,active_allocated,FullRank,0,memlive_3b_fullrank_distopt,DistOpt,"[8388608,16777216)",post_optimizer_step
1,active_allocated,FullRank,0,memlive_3b_fullrank_distopt,DistOpt,"[8589934592,17179869184)",post_optimizer_step
1,active_allocated,FullRank,0,memlive_3b_fullrank_distopt,DistOpt,"[1,2)",post_optimizer_step
1,active_allocated,FullRank,0,memlive_3b_fullrank_distopt,DistOpt,"[1048576,2097152)",post_optimizer_step
1,active_allocated,FullRank,0,memlive_3b_fullrank_distopt,DistOpt,"[128,256)",post_optimizer_step
18,active_allocated,FullRank,0,memlive_3b_fullrank_distopt,DistOpt,"[134217728,268435456)",post_optimizer_step
1,active_allocated,FullRank,0,memlive_3b_fullrank_distopt,DistOpt,"[262144,524288)",post_optimizer_step
3,active_allocated,FullRank,0,memlive_3b_fullrank_distopt,DistOpt,"[268435456,536870912)",post_optimizer_step
15,active_allocated,FullRank,0,memlive_3b_fullrank_distopt,DistOpt,"[33554432,67108864)",post_optimizer_step
4,active_allocated,FullRank,0,memlive_3b_fullrank_distopt,DistOpt,"[4,8)",post_optimizer_step
1,active_allocated,FullRank,0,memlive_3b_fullrank_distopt,DistOpt,"[4096,8192)",post_optimizer_step
1,active_allocated,FullRank,0,memlive_3b_fullrank_distopt,DistOpt,"[4294967296,8589934592)",post_optimizer_step
34,active_allocated,FullRank,0,memlive_3b_fullrank_distopt,DistOpt,"[67108864,134217728)",post_optimizer_step
2,active_allocated,FullRank,0,memlive_3b_fullrank_distopt,DistOpt,"[8,16)",post_optimizer_step
36,active_allocated,FullRank,0,memlive_3b_fullrank_distopt,DistOpt,"[8192,16384)",post_optimizer_step
2,active_allocated,FullRank,0,memlive_3b_fullrank_distopt,DistOpt,"[8388608,16777216)",post_optimizer_step
1,active_allocated,FullRank,0,memlive_3b_fullrank_distopt,DistOpt,"[8589934592,17179869184)",post_optimizer_step
1,active_allocated,FullRank,0,memlive_3b_fullrank_distopt,DistOpt,"[1,2)",steady_state_after_iter_10
1,active_allocated,FullRank,0,memlive_3b_fullrank_distopt,DistOpt,"[1048576,2097152)",steady_state_after_iter_10
1,active_allocated,FullRank,0,memlive_3b_fullrank_distopt,DistOpt,"[128,256)",steady_state_after_iter_10
18,active_allocated,FullRank,0,memlive_3b_fullrank_distopt,DistOpt,"[134217728,268435456)",steady_state_after_iter_10
1,active_allocated,FullRank,0,memlive_3b_fullrank_distopt,DistOpt,"[262144,524288)",steady_state_after_iter_10
3,active_allocated,FullRank,0,memlive_3b_fullrank_distopt,DistOpt,"[268435456,536870912)",steady_state_after_iter_10
15,active_allocated,FullRank,0,memlive_3b_fullrank_distopt,DistOpt,"[33554432,67108864)",steady_state_after_iter_10
4,active_allocated,FullRank,0,memlive_3b_fullrank_distopt,DistOpt,"[4,8)",steady_state_after_iter_10
1,active_allocated,FullRank,0,memlive_3b_fullrank_distopt,DistOpt,"[4096,8192)",steady_state_after_iter_10
1,active_allocated,FullRank,0,memlive_3b_fullrank_distopt,DistOpt,"[4294967296,8589934592)",steady_state_after_iter_10
34,active_allocated,FullRank,0,memlive_3b_fullrank_distopt,DistOpt,"[67108864,134217728)",steady_state_after_iter_10
1,active_allocated,FullRank,0,memlive_3b_fullrank_distopt,DistOpt,"[8,16)",steady_state_after_iter_10
36,active_allocated,FullRank,0,memlive_3b_fullrank_distopt,DistOpt,"[8192,16384)",steady_state_after_iter_10
2,active_allocated,FullRank,0,memlive_3b_fullrank_distopt,DistOpt,"[8388608,16777216)",steady_state_after_iter_10
1,active_allocated,FullRank,0,memlive_3b_fullrank_distopt,DistOpt,"[8589934592,17179869184)",steady_state_after_iter_10
1,active_allocated,FullRank,0,memlive_3b_fullrank_distopt_offload,DistOpt+offload,"[1,2)",post_backward
1,active_allocated,FullRank,0,memlive_3b_fullrank_distopt_offload,DistOpt+offload,"[1048576,2097152)",post_backward
1,active_allocated,FullRank,0,memlive_3b_fullrank_distopt_offload,DistOpt+offload,"[128,256)",post_backward
1,active_allocated,FullRank,0,memlive_3b_fullrank_distopt_offload,DistOpt+offload,"[262144,524288)",post_backward
1,active_allocated,FullRank,0,memlive_3b_fullrank_distopt_offload,DistOpt+offload,"[4,8)",post_backward
1,active_allocated,FullRank,0,memlive_3b_fullrank_distopt_offload,DistOpt+offload,"[4096,8192)",post_backward
1,active_allocated,FullRank,0,memlive_3b_fullrank_distopt_offload,DistOpt+offload,"[4294967296,8589934592)",post_backward
1,active_allocated,FullRank,0,memlive_3b_fullrank_distopt_offload,DistOpt+offload,"[67108864,134217728)",post_backward
2,active_allocated,FullRank,0,memlive_3b_fullrank_distopt_offload,DistOpt+offload,"[8,16)",post_backward
3,active_allocated,FullRank,0,memlive_3b_fullrank_distopt_offload,DistOpt+offload,"[8192,16384)",post_backward
2,active_allocated,FullRank,0,memlive_3b_fullrank_distopt_offload,DistOpt+offload,"[8388608,16777216)",post_backward
1,active_allocated,FullRank,0,memlive_3b_fullrank_distopt_offload,DistOpt+offload,"[8589934592,17179869184)",post_backward
1,active_allocated,FullRank,0,memlive_3b_fullrank_distopt_offload,DistOpt+offload,"[1,2)",post_backward
1,active_allocated,FullRank,0,memlive_3b_fullrank_distopt_offload,DistOpt+offload,"[1048576,2097152)",post_backward
1,active_allocated,FullRank,0,memlive_3b_fullrank_distopt_offload,DistOpt+offload,"[128,256)",post_backward
1,active_allocated,FullRank,0,memlive_3b_fullrank_distopt_offload,DistOpt+offload,"[262144,524288)",post_backward
3,active_allocated,FullRank,0,memlive_3b_fullrank_distopt_offload,DistOpt+offload,"[4,8)",post_backward
1,active_allocated,FullRank,0,memlive_3b_fullrank_distopt_offload,DistOpt+offload,"[4096,8192)",post_backward
1,active_allocated,FullRank,0,memlive_3b_fullrank_distopt_offload,DistOpt+offload,"[4294967296,8589934592)",post_backward
1,active_allocated,FullRank,0,memlive_3b_fullrank_distopt_offload,DistOpt+offload,"[67108864,134217728)",post_backward
2,active_allocated,FullRank,0,memlive_3b_fullrank_distopt_offload,DistOpt+offload,"[8,16)",post_backward
3,active_allocated,FullRank,0,memlive_3b_fullrank_distopt_offload,DistOpt+offload,"[8192,16384)",post_backward
2,active_allocated,FullRank,0,memlive_3b_fullrank_distopt_offload,DistOpt+offload,"[8388608,16777216)",post_backward
1,active_allocated,FullRank,0,memlive_3b_fullrank_distopt_offload,DistOpt+offload,"[8589934592,17179869184)",post_backward
1,active_allocated,FullRank,0,memlive_3b_fullrank_distopt_offload,DistOpt+offload,"[1,2)",post_backward
1,active_allocated,FullRank,0,memlive_3b_fullrank_distopt_offload,DistOpt+offload,"[1048576,2097152)",post_backward
1,active_allocated,FullRank,0,memlive_3b_fullrank_distopt_offload,DistOpt+offload,"[128,256)",post_backward
1,active_allocated,FullRank,0,memlive_3b_fullrank_distopt_offload,DistOpt+offload,"[262144,524288)",post_backward
3,active_allocated,FullRank,0,memlive_3b_fullrank_distopt_offload,DistOpt+offload,"[4,8)",post_backward
1,active_allocated,FullRank,0,memlive_3b_fullrank_distopt_offload,DistOpt+offload,"[4096,8192)",post_backward
1,active_allocated,FullRank,0,memlive_3b_fullrank_distopt_offload,DistOpt+offload,"[4294967296,8589934592)",post_backward
1,active_allocated,FullRank,0,memlive_3b_fullrank_distopt_offload,DistOpt+offload,"[67108864,134217728)",post_backward
2,active_allocated,FullRank,0,memlive_3b_fullrank_distopt_offload,DistOpt+offload,"[8,16)",post_backward
3,active_allocated,FullRank,0,memlive_3b_fullrank_distopt_offload,DistOpt+offload,"[8192,16384)",post_backward
2,active_allocated,FullRank,0,memlive_3b_fullrank_distopt_offload,DistOpt+offload,"[8388608,16777216)",post_backward
1,active_allocated,FullRank,0,memlive_3b_fullrank_distopt_offload,DistOpt+offload,"[8589934592,17179869184)",post_backward
1,active_allocated,FullRank,0,memlive_3b_fullrank_distopt_offload,DistOpt+offload,"[1,2)",post_backward
1,active_allocated,FullRank,0,memlive_3b_fullrank_distopt_offload,DistOpt+offload,"[1048576,2097152)",post_backward
1,active_allocated,FullRank,0,memlive_3b_fullrank_distopt_offload,DistOpt+offload,"[128,256)",post_backward
1,active_allocated,FullRank,0,memlive_3b_fullrank_distopt_offload,DistOpt+offload,"[262144,524288)",post_backward
3,active_allocated,FullRank,0,memlive_3b_fullrank_distopt_offload,DistOpt+offload,"[4,8)",post_backward
1,active_allocated,FullRank,0,memlive_3b_fullrank_distopt_offload,DistOpt+offload,"[4096,8192)",post_backward
1,active_allocated,FullRank,0,memlive_3b_fullrank_distopt_offload,DistOpt+offload,"[4294967296,8589934592)",post_backward
1,active_allocated,FullRank,0,memlive_3b_fullrank_distopt_offload,DistOpt+offload,"[67108864,134217728)",post_backward
2,active_allocated,FullRank,0,memlive_3b_fullrank_distopt_offload,DistOpt+offload,"[8,16)",post_backward
3,active_allocated,FullRank,0,memlive_3b_fullrank_distopt_offload,DistOpt+offload,"[8192,16384)",post_backward
2,active_allocated,FullRank,0,memlive_3b_fullrank_distopt_offload,DistOpt+offload,"[8388608,16777216)",post_backward
1,active_allocated,FullRank,0,memlive_3b_fullrank_distopt_offload,DistOpt+offload,"[8589934592,17179869184)",post_backward
1,active_allocated,FullRank,0,memlive_3b_fullrank_distopt_offload,DistOpt+offload,"[1,2)",post_backward
1,active_allocated,FullRank,0,memlive_3b_fullrank_distopt_offload,DistOpt+offload,"[1048576,2097152)",post_backward
1,active_allocated,FullRank,0,memlive_3b_fullrank_distopt_offload,DistOpt+offload,"[128,256)",post_backward
1,active_allocated,FullRank,0,memlive_3b_fullrank_distopt_offload,DistOpt+offload,"[262144,524288)",post_backward
3,active_allocated,FullRank,0,memlive_3b_fullrank_distopt_offload,DistOpt+offload,"[4,8)",post_backward
1,active_allocated,FullRank,0,memlive_3b_fullrank_distopt_offload,DistOpt+offload,"[4096,8192)",post_backward
1,active_allocated,FullRank,0,memlive_3b_fullrank_distopt_offload,DistOpt+offload,"[4294967296,8589934592)",post_backward
1,active_allocated,FullRank,0,memlive_3b_fullrank_distopt_offload,DistOpt+offload,"[67108864,134217728)",post_backward
2,active_allocated,FullRank,0,memlive_3b_fullrank_distopt_offload,DistOpt+offload,"[8,16)",post_backward
3,active_allocated,FullRank,0,memlive_3b_fullrank_distopt_offload,DistOpt+offload,"[8192,16384)",post_backward
2,active_allocated,FullRank,0,memlive_3b_fullrank_distopt_offload,DistOpt+offload,"[8388608,16777216)",post_backward
1,active_allocated,FullRank,0,memlive_3b_fullrank_distopt_offload,DistOpt+offload,"[8589934592,17179869184)",post_backward
1,active_allocated,FullRank,0,memlive_3b_fullrank_distopt_offload,DistOpt+offload,"[1,2)",post_backward
1,active_allocated,FullRank,0,memlive_3b_fullrank_distopt_offload,DistOpt+offload,"[1048576,2097152)",post_backward
1,active_allocated,FullRank,0,memlive_3b_fullrank_distopt_offload,DistOpt+offload,"[128,256)",post_backward
1,active_allocated,FullRank,0,memlive_3b_fullrank_distopt_offload,DistOpt+offload,"[262144,524288)",post_backward
3,active_allocated,FullRank,0,memlive_3b_fullrank_distopt_offload,DistOpt+offload,"[4,8)",post_backward
1,active_allocated,FullRank,0,memlive_3b_fullrank_distopt_offload,DistOpt+offload,"[4096,8192)",post_backward
1,active_allocated,FullRank,0,memlive_3b_fullrank_distopt_offload,DistOpt+offload,"[4294967296,8589934592)",post_backward
1,active_allocated,FullRank,0,memlive_3b_fullrank_distopt_offload,DistOpt+offload,"[67108864,134217728)",post_backward
2,active_allocated,FullRank,0,memlive_3b_fullrank_distopt_offload,DistOpt+offload,"[8,16)",post_backward
3,active_allocated,FullRank,0,memlive_3b_fullrank_distopt_offload,DistOpt+offload,"[8192,16384)",post_backward
2,active_allocated,FullRank,0,memlive_3b_fullrank_distopt_offload,DistOpt+offload,"[8388608,16777216)",post_backward
1,active_allocated,FullRank,0,memlive_3b_fullrank_distopt_offload,DistOpt+offload,"[8589934592,17179869184)",post_backward
1,active_allocated,FullRank,0,memlive_3b_fullrank_distopt_offload,DistOpt+offload,"[1,2)",post_backward
1,active_allocated,FullRank,0,memlive_3b_fullrank_distopt_offload,DistOpt+offload,"[1048576,2097152)",post_backward
1,active_allocated,FullRank,0,memlive_3b_fullrank_distopt_offload,DistOpt+offload,"[128,256)",post_backward
1,active_allocated,FullRank,0,memlive_3b_fullrank_distopt_offload,DistOpt+offload,"[262144,524288)",post_backward
3,active_allocated,FullRank,0,memlive_3b_fullrank_distopt_offload,DistOpt+offload,"[4,8)",post_backward
1,active_allocated,FullRank,0,memlive_3b_fullrank_distopt_offload,DistOpt+offload,"[4096,8192)",post_backward
1,active_allocated,FullRank,0,memlive_3b_fullrank_distopt_offload,DistOpt+offload,"[4294967296,8589934592)",post_backward
1,active_allocated,FullRank,0,memlive_3b_fullrank_distopt_offload,DistOpt+offload,"[67108864,134217728)",post_backward
2,active_allocated,FullRank,0,memlive_3b_fullrank_distopt_offload,DistOpt+offload,"[8,16)",post_backward
3,active_allocated,FullRank,0,memlive_3b_fullrank_distopt_offload,DistOpt+offload,"[8192,16384)",post_backward
2,active_allocated,FullRank,0,memlive_3b_fullrank_distopt_offload,DistOpt+offload,"[8388608,16777216)",post_backward
1,active_allocated,FullRank,0,memlive_3b_fullrank_distopt_offload,DistOpt+offload,"[8589934592,17179869184)",post_backward
1,active_allocated,FullRank,0,memlive_3b_fullrank_distopt_offload,DistOpt+offload,"[1,2)",post_backward
1,active_allocated,FullRank,0,memlive_3b_fullrank_distopt_offload,DistOpt+offload,"[1048576,2097152)",post_backward
1,active_allocated,FullRank,0,memlive_3b_fullrank_distopt_offload,DistOpt+offload,"[128,256)",post_backward
1,active_allocated,FullRank,0,memlive_3b_fullrank_distopt_offload,DistOpt+offload,"[262144,524288)",post_backward
3,active_allocated,FullRank,0,memlive_3b_fullrank_distopt_offload,DistOpt+offload,"[4,8)",post_backward
1,active_allocated,FullRank,0,memlive_3b_fullrank_distopt_offload,DistOpt+offload,"[4096,8192)",post_backward
1,active_allocated,FullRank,0,memlive_3b_fullrank_distopt_offload,DistOpt+offload,"[4294967296,8589934592)",post_backward
1,active_allocated,FullRank,0,memlive_3b_fullrank_distopt_offload,DistOpt+offload,"[67108864,134217728)",post_backward
2,active_allocated,FullRank,0,memlive_3b_fullrank_distopt_offload,DistOpt+offload,"[8,16)",post_backward
3,active_allocated,FullRank,0,memlive_3b_fullrank_distopt_offload,DistOpt+offload,"[8192,16384)",post_backward
2,active_allocated,FullRank,0,memlive_3b_fullrank_distopt_offload,DistOpt+offload,"[8388608,16777216)",post_backward
1,active_allocated,FullRank,0,memlive_3b_fullrank_distopt_offload,DistOpt+offload,"[8589934592,17179869184)",post_backward
1,active_allocated,FullRank,0,memlive_3b_fullrank_distopt_offload,DistOpt+offload,"[1,2)",post_backward
1,active_allocated,FullRank,0,memlive_3b_fullrank_distopt_offload,DistOpt+offload,"[1048576,2097152)",post_backward
1,active_allocated,FullRank,0,memlive_3b_fullrank_distopt_offload,DistOpt+offload,"[128,256)",post_backward
1,active_allocated,FullRank,0,memlive_3b_fullrank_distopt_offload,DistOpt+offload,"[262144,524288)",post_backward
3,active_allocated,FullRank,0,memlive_3b_fullrank_distopt_offload,DistOpt+offload,"[4,8)",post_backward
1,active_allocated,FullRank,0,memlive_3b_fullrank_distopt_offload,DistOpt+offload,"[4096,8192)",post_backward
1,active_allocated,FullRank,0,memlive_3b_fullrank_distopt_offload,DistOpt+offload,"[4294967296,8589934592)",post_backward
1,active_allocated,FullRank,0,memlive_3b_fullrank_distopt_offload,DistOpt+offload,"[67108864,134217728)",post_backward
2,active_allocated,FullRank,0,memlive_3b_fullrank_distopt_offload,DistOpt+offload,"[8,16)",post_backward
3,active_allocated,FullRank,0,memlive_3b_fullrank_distopt_offload,DistOpt+offload,"[8192,16384)",post_backward
2,active_allocated,FullRank,0,memlive_3b_fullrank_distopt_offload,DistOpt+offload,"[8388608,16777216)",post_backward
1,active_allocated,FullRank,0,memlive_3b_fullrank_distopt_offload,DistOpt+offload,"[8589934592,17179869184)",post_backward
1,active_allocated,FullRank,0,memlive_3b_fullrank_distopt_offload,DistOpt+offload,"[1,2)",post_backward
1,active_allocated,FullRank,0,memlive_3b_fullrank_distopt_offload,DistOpt+offload,"[1048576,2097152)",post_backward
1,active_allocated,FullRank,0,memlive_3b_fullrank_distopt_offload,DistOpt+offload,"[128,256)",post_backward
1,active_allocated,FullRank,0,memlive_3b_fullrank_distopt_offload,DistOpt+offload,"[262144,524288)",post_backward
3,active_allocated,FullRank,0,memlive_3b_fullrank_distopt_offload,DistOpt+offload,"[4,8)",post_backward
1,active_allocated,FullRank,0,memlive_3b_fullrank_distopt_offload,DistOpt+offload,"[4096,8192)",post_backward
1,active_allocated,FullRank,0,memlive_3b_fullrank_distopt_offload,DistOpt+offload,"[4294967296,8589934592)",post_backward
1,active_allocated,FullRank,0,memlive_3b_fullrank_distopt_offload,DistOpt+offload,"[67108864,134217728)",post_backward
2,active_allocated,FullRank,0,memlive_3b_fullrank_distopt_offload,DistOpt+offload,"[8,16)",post_backward
3,active_allocated,FullRank,0,memlive_3b_fullrank_distopt_offload,DistOpt+offload,"[8192,16384)",post_backward
2,active_allocated,FullRank,0,memlive_3b_fullrank_distopt_offload,DistOpt+offload,"[8388608,16777216)",post_backward
1,active_allocated,FullRank,0,memlive_3b_fullrank_distopt_offload,DistOpt+offload,"[8589934592,17179869184)",post_backward
1,active_allocated,FullRank,0,memlive_3b_fullrank_distopt_offload,DistOpt+offload,"[1,2)",post_backward
1,active_allocated,FullRank,0,memlive_3b_fullrank_distopt_offload,DistOpt+offload,"[1048576,2097152)",post_backward
1,active_allocated,FullRank,0,memlive_3b_fullrank_distopt_offload,DistOpt+offload,"[128,256)",post_backward
1,active_allocated,FullRank,0,memlive_3b_fullrank_distopt_offload,DistOpt+offload,"[262144,524288)",post_backward
3,active_allocated,FullRank,0,memlive_3b_fullrank_distopt_offload,DistOpt+offload,"[4,8)",post_backward
1,active_allocated,FullRank,0,memlive_3b_fullrank_distopt_offload,DistOpt+offload,"[4096,8192)",post_backward
1,active_allocated,FullRank,0,memlive_3b_fullrank_distopt_offload,DistOpt+offload,"[4294967296,8589934592)",post_backward
1,active_allocated,FullRank,0,memlive_3b_fullrank_distopt_offload,DistOpt+offload,"[67108864,134217728)",post_backward
2,active_allocated,FullRank,0,memlive_3b_fullrank_distopt_offload,DistOpt+offload,"[8,16)",post_backward
3,active_allocated,FullRank,0,memlive_3b_fullrank_distopt_offload,DistOpt+offload,"[8192,16384)",post_backward
2,active_allocated,FullRank,0,memlive_3b_fullrank_distopt_offload,DistOpt+offload,"[8388608,16777216)",post_backward
1,active_allocated,FullRank,0,memlive_3b_fullrank_distopt_offload,DistOpt+offload,"[8589934592,17179869184)",post_backward
1,active_allocated,FullRank,0,memlive_3b_fullrank_distopt_offload,DistOpt+offload,"[1,2)",post_backward
1,active_allocated,FullRank,0,memlive_3b_fullrank_distopt_offload,DistOpt+offload,"[1048576,2097152)",post_backward
1,active_allocated,FullRank,0,memlive_3b_fullrank_distopt_offload,DistOpt+offload,"[128,256)",post_backward
1,active_allocated,FullRank,0,memlive_3b_fullrank_distopt_offload,DistOpt+offload,"[262144,524288)",post_backward
3,active_allocated,FullRank,0,memlive_3b_fullrank_distopt_offload,DistOpt+offload,"[4,8)",post_backward
1,active_allocated,FullRank,0,memlive_3b_fullrank_distopt_offload,DistOpt+offload,"[4096,8192)",post_backward
1,active_allocated,FullRank,0,memlive_3b_fullrank_distopt_offload,DistOpt+offload,"[4294967296,8589934592)",post_backward
1,active_allocated,FullRank,0,memlive_3b_fullrank_distopt_offload,DistOpt+offload,"[67108864,134217728)",post_backward
2,active_allocated,FullRank,0,memlive_3b_fullrank_distopt_offload,DistOpt+offload,"[8,16)",post_backward
3,active_allocated,FullRank,0,memlive_3b_fullrank_distopt_offload,DistOpt+offload,"[8192,16384)",post_backward
2,active_allocated,FullRank,0,memlive_3b_fullrank_distopt_offload,DistOpt+offload,"[8388608,16777216)",post_backward
1,active_allocated,FullRank,0,memlive_3b_fullrank_distopt_offload,DistOpt+offload,"[8589934592,17179869184)",post_backward
1,active_allocated,FullRank,0,memlive_3b_fullrank_distopt_offload,DistOpt+offload,"[1,2)",post_init
1,active_allocated,FullRank,0,memlive_3b_fullrank_distopt_offload,DistOpt+offload,"[128,256)",post_init
1,active_allocated,FullRank,0,memlive_3b_fullrank_distopt_offload,DistOpt+offload,"[4,8)",post_init
1,active_allocated,FullRank,0,memlive_3b_fullrank_distopt_offload,DistOpt+offload,"[4294967296,8589934592)",post_init
1,active_allocated,FullRank,0,memlive_3b_fullrank_distopt_offload,DistOpt+offload,"[8,16)",post_init
1,active_allocated,FullRank,0,memlive_3b_fullrank_distopt_offload,DistOpt+offload,"[8589934592,17179869184)",post_init
1,active_allocated,FullRank,0,memlive_3b_fullrank_distopt_offload,DistOpt+offload,"[1,2)",post_optimizer_step
1,active_allocated,FullRank,0,memlive_3b_fullrank_distopt_offload,DistOpt+offload,"[1048576,2097152)",post_optimizer_step
1,active_allocated,FullRank,0,memlive_3b_fullrank_distopt_offload,DistOpt+offload,"[128,256)",post_optimizer_step
1,active_allocated,FullRank,0,memlive_3b_fullrank_distopt_offload,DistOpt+offload,"[262144,524288)",post_optimizer_step
1,active_allocated,FullRank,0,memlive_3b_fullrank_distopt_offload,DistOpt+offload,"[4,8)",post_optimizer_step
1,active_allocated,FullRank,0,memlive_3b_fullrank_distopt_offload,DistOpt+offload,"[4096,8192)",post_optimizer_step
1,active_allocated,FullRank,0,memlive_3b_fullrank_distopt_offload,DistOpt+offload,"[4294967296,8589934592)",post_optimizer_step
1,active_allocated,FullRank,0,memlive_3b_fullrank_distopt_offload,DistOpt+offload,"[67108864,134217728)",post_optimizer_step
2,active_allocated,FullRank,0,memlive_3b_fullrank_distopt_offload,DistOpt+offload,"[8,16)",post_optimizer_step
3,active_allocated,FullRank,0,memlive_3b_fullrank_distopt_offload,DistOpt+offload,"[8192,16384)",post_optimizer_step
2,active_allocated,FullRank,0,memlive_3b_fullrank_distopt_offload,DistOpt+offload,"[8388608,16777216)",post_optimizer_step
1,active_allocated,FullRank,0,memlive_3b_fullrank_distopt_offload,DistOpt+offload,"[8589934592,17179869184)",post_optimizer_step
1,active_allocated,FullRank,0,memlive_3b_fullrank_distopt_offload,DistOpt+offload,"[1,2)",post_optimizer_step
1,active_allocated,FullRank,0,memlive_3b_fullrank_distopt_offload,DistOpt+offload,"[1048576,2097152)",post_optimizer_step
1,active_allocated,FullRank,0,memlive_3b_fullrank_distopt_offload,DistOpt+offload,"[128,256)",post_optimizer_step
1,active_allocated,FullRank,0,memlive_3b_fullrank_distopt_offload,DistOpt+offload,"[262144,524288)",post_optimizer_step
3,active_allocated,FullRank,0,memlive_3b_fullrank_distopt_offload,DistOpt+offload,"[4,8)",post_optimizer_step
1,active_allocated,FullRank,0,memlive_3b_fullrank_distopt_offload,DistOpt+offload,"[4096,8192)",post_optimizer_step
1,active_allocated,FullRank,0,memlive_3b_fullrank_distopt_offload,DistOpt+offload,"[4294967296,8589934592)",post_optimizer_step
1,active_allocated,FullRank,0,memlive_3b_fullrank_distopt_offload,DistOpt+offload,"[67108864,134217728)",post_optimizer_step
2,active_allocated,FullRank,0,memlive_3b_fullrank_distopt_offload,DistOpt+offload,"[8,16)",post_optimizer_step
3,active_allocated,FullRank,0,memlive_3b_fullrank_distopt_offload,DistOpt+offload,"[8192,16384)",post_optimizer_step
2,active_allocated,FullRank,0,memlive_3b_fullrank_distopt_offload,DistOpt+offload,"[8388608,16777216)",post_optimizer_step
1,active_allocated,FullRank,0,memlive_3b_fullrank_distopt_offload,DistOpt+offload,"[8589934592,17179869184)",post_optimizer_step
1,active_allocated,FullRank,0,memlive_3b_fullrank_distopt_offload,DistOpt+offload,"[1,2)",post_optimizer_step
1,active_allocated,FullRank,0,memlive_3b_fullrank_distopt_offload,DistOpt+offload,"[1048576,2097152)",post_optimizer_step
1,active_allocated,FullRank,0,memlive_3b_fullrank_distopt_offload,DistOpt+offload,"[128,256)",post_optimizer_step
1,active_allocated,FullRank,0,memlive_3b_fullrank_distopt_offload,DistOpt+offload,"[262144,524288)",post_optimizer_step
3,active_allocated,FullRank,0,memlive_3b_fullrank_distopt_offload,DistOpt+offload,"[4,8)",post_optimizer_step
1,active_allocated,FullRank,0,memlive_3b_fullrank_distopt_offload,DistOpt+offload,"[4096,8192)",post_optimizer_step
1,active_allocated,FullRank,0,memlive_3b_fullrank_distopt_offload,DistOpt+offload,"[4294967296,8589934592)",post_optimizer_step
1,active_allocated,FullRank,0,memlive_3b_fullrank_distopt_offload,DistOpt+offload,"[67108864,134217728)",post_optimizer_step
2,active_allocated,FullRank,0,memlive_3b_fullrank_distopt_offload,DistOpt+offload,"[8,16)",post_optimizer_step
3,active_allocated,FullRank,0,memlive_3b_fullrank_distopt_offload,DistOpt+offload,"[8192,16384)",post_optimizer_step
2,active_allocated,FullRank,0,memlive_3b_fullrank_distopt_offload,DistOpt+offload,"[8388608,16777216)",post_optimizer_step
1,active_allocated,FullRank,0,memlive_3b_fullrank_distopt_offload,DistOpt+offload,"[8589934592,17179869184)",post_optimizer_step
1,active_allocated,FullRank,0,memlive_3b_fullrank_distopt_offload,DistOpt+offload,"[1,2)",post_optimizer_step
1,active_allocated,FullRank,0,memlive_3b_fullrank_distopt_offload,DistOpt+offload,"[1048576,2097152)",post_optimizer_step
1,active_allocated,FullRank,0,memlive_3b_fullrank_distopt_offload,DistOpt+offload,"[128,256)",post_optimizer_step
1,active_allocated,FullRank,0,memlive_3b_fullrank_distopt_offload,DistOpt+offload,"[262144,524288)",post_optimizer_step
3,active_allocated,FullRank,0,memlive_3b_fullrank_distopt_offload,DistOpt+offload,"[4,8)",post_optimizer_step
1,active_allocated,FullRank,0,memlive_3b_fullrank_distopt_offload,DistOpt+offload,"[4096,8192)",post_optimizer_step
1,active_allocated,FullRank,0,memlive_3b_fullrank_distopt_offload,DistOpt+offload,"[4294967296,8589934592)",post_optimizer_step
1,active_allocated,FullRank,0,memlive_3b_fullrank_distopt_offload,DistOpt+offload,"[67108864,134217728)",post_optimizer_step
2,active_allocated,FullRank,0,memlive_3b_fullrank_distopt_offload,DistOpt+offload,"[8,16)",post_optimizer_step
3,active_allocated,FullRank,0,memlive_3b_fullrank_distopt_offload,DistOpt+offload,"[8192,16384)",post_optimizer_step
2,active_allocated,FullRank,0,memlive_3b_fullrank_distopt_offload,DistOpt+offload,"[8388608,16777216)",post_optimizer_step
1,active_allocated,FullRank,0,memlive_3b_fullrank_distopt_offload,DistOpt+offload,"[8589934592,17179869184)",post_optimizer_step
1,active_allocated,FullRank,0,memlive_3b_fullrank_distopt_offload,DistOpt+offload,"[1,2)",post_optimizer_step
1,active_allocated,FullRank,0,memlive_3b_fullrank_distopt_offload,DistOpt+offload,"[1048576,2097152)",post_optimizer_step
1,active_allocated,FullRank,0,memlive_3b_fullrank_distopt_offload,DistOpt+offload,"[128,256)",post_optimizer_step
1,active_allocated,FullRank,0,memlive_3b_fullrank_distopt_offload,DistOpt+offload,"[262144,524288)",post_optimizer_step
3,active_allocated,FullRank,0,memlive_3b_fullrank_distopt_offload,DistOpt+offload,"[4,8)",post_optimizer_step
1,active_allocated,FullRank,0,memlive_3b_fullrank_distopt_offload,DistOpt+offload,"[4096,8192)",post_optimizer_step
1,active_allocated,FullRank,0,memlive_3b_fullrank_distopt_offload,DistOpt+offload,"[4294967296,8589934592)",post_optimizer_step
1,active_allocated,FullRank,0,memlive_3b_fullrank_distopt_offload,DistOpt+offload,"[67108864,134217728)",post_optimizer_step
2,active_allocated,FullRank,0,memlive_3b_fullrank_distopt_offload,DistOpt+offload,"[8,16)",post_optimizer_step
3,active_allocated,FullRank,0,memlive_3b_fullrank_distopt_offload,DistOpt+offload,"[8192,16384)",post_optimizer_step
2,active_allocated,FullRank,0,memlive_3b_fullrank_distopt_offload,DistOpt+offload,"[8388608,16777216)",post_optimizer_step
1,active_allocated,FullRank,0,memlive_3b_fullrank_distopt_offload,DistOpt+offload,"[8589934592,17179869184)",post_optimizer_step
1,active_allocated,FullRank,0,memlive_3b_fullrank_distopt_offload,DistOpt+offload,"[1,2)",post_optimizer_step
1,active_allocated,FullRank,0,memlive_3b_fullrank_distopt_offload,DistOpt+offload,"[1048576,2097152)",post_optimizer_step
1,active_allocated,FullRank,0,memlive_3b_fullrank_distopt_offload,DistOpt+offload,"[128,256)",post_optimizer_step
1,active_allocated,FullRank,0,memlive_3b_fullrank_distopt_offload,DistOpt+offload,"[262144,524288)",post_optimizer_step
3,active_allocated,FullRank,0,memlive_3b_fullrank_distopt_offload,DistOpt+offload,"[4,8)",post_optimizer_step
1,active_allocated,FullRank,0,memlive_3b_fullrank_distopt_offload,DistOpt+offload,"[4096,8192)",post_optimizer_step
1,active_allocated,FullRank,0,memlive_3b_fullrank_distopt_offload,DistOpt+offload,"[4294967296,8589934592)",post_optimizer_step
1,active_allocated,FullRank,0,memlive_3b_fullrank_distopt_offload,DistOpt+offload,"[67108864,134217728)",post_optimizer_step
2,active_allocated,FullRank,0,memlive_3b_fullrank_distopt_offload,DistOpt+offload,"[8,16)",post_optimizer_step
3,active_allocated,FullRank,0,memlive_3b_fullrank_distopt_offload,DistOpt+offload,"[8192,16384)",post_optimizer_step
2,active_allocated,FullRank,0,memlive_3b_fullrank_distopt_offload,DistOpt+offload,"[8388608,16777216)",post_optimizer_step
1,active_allocated,FullRank,0,memlive_3b_fullrank_distopt_offload,DistOpt+offload,"[8589934592,17179869184)",post_optimizer_step
1,active_allocated,FullRank,0,memlive_3b_fullrank_distopt_offload,DistOpt+offload,"[1,2)",post_optimizer_step
1,active_allocated,FullRank,0,memlive_3b_fullrank_distopt_offload,DistOpt+offload,"[1048576,2097152)",post_optimizer_step
1,active_allocated,FullRank,0,memlive_3b_fullrank_distopt_offload,DistOpt+offload,"[128,256)",post_optimizer_step
1,active_allocated,FullRank,0,memlive_3b_fullrank_distopt_offload,DistOpt+offload,"[262144,524288)",post_optimizer_step
3,active_allocated,FullRank,0,memlive_3b_fullrank_distopt_offload,DistOpt+offload,"[4,8)",post_optimizer_step
1,active_allocated,FullRank,0,memlive_3b_fullrank_distopt_offload,DistOpt+offload,"[4096,8192)",post_optimizer_step
1,active_allocated,FullRank,0,memlive_3b_fullrank_distopt_offload,DistOpt+offload,"[4294967296,8589934592)",post_optimizer_step
1,active_allocated,FullRank,0,memlive_3b_fullrank_distopt_offload,DistOpt+offload,"[67108864,134217728)",post_optimizer_step
2,active_allocated,FullRank,0,memlive_3b_fullrank_distopt_offload,DistOpt+offload,"[8,16)",post_optimizer_step
3,active_allocated,FullRank,0,memlive_3b_fullrank_distopt_offload,DistOpt+offload,"[8192,16384)",post_optimizer_step
2,active_allocated,FullRank,0,memlive_3b_fullrank_distopt_offload,DistOpt+offload,"[8388608,16777216)",post_optimizer_step
1,active_allocated,FullRank,0,memlive_3b_fullrank_distopt_offload,DistOpt+offload,"[8589934592,17179869184)",post_optimizer_step
1,active_allocated,FullRank,0,memlive_3b_fullrank_distopt_offload,DistOpt+offload,"[1,2)",post_optimizer_step
1,active_allocated,FullRank,0,memlive_3b_fullrank_distopt_offload,DistOpt+offload,"[1048576,2097152)",post_optimizer_step
1,active_allocated,FullRank,0,memlive_3b_fullrank_distopt_offload,DistOpt+offload,"[128,256)",post_optimizer_step
1,active_allocated,FullRank,0,memlive_3b_fullrank_distopt_offload,DistOpt+offload,"[262144,524288)",post_optimizer_step
3,active_allocated,FullRank,0,memlive_3b_fullrank_distopt_offload,DistOpt+offload,"[4,8)",post_optimizer_step
1,active_allocated,FullRank,0,memlive_3b_fullrank_distopt_offload,DistOpt+offload,"[4096,8192)",post_optimizer_step
1,active_allocated,FullRank,0,memlive_3b_fullrank_distopt_offload,DistOpt+offload,"[4294967296,8589934592)",post_optimizer_step
1,active_allocated,FullRank,0,memlive_3b_fullrank_distopt_offload,DistOpt+offload,"[67108864,134217728)",post_optimizer_step
2,active_allocated,FullRank,0,memlive_3b_fullrank_distopt_offload,DistOpt+offload,"[8,16)",post_optimizer_step
3,active_allocated,FullRank,0,memlive_3b_fullrank_distopt_offload,DistOpt+offload,"[8192,16384)",post_optimizer_step
2,active_allocated,FullRank,0,memlive_3b_fullrank_distopt_offload,DistOpt+offload,"[8388608,16777216)",post_optimizer_step
1,active_allocated,FullRank,0,memlive_3b_fullrank_distopt_offload,DistOpt+offload,"[8589934592,17179869184)",post_optimizer_step
1,active_allocated,FullRank,0,memlive_3b_fullrank_distopt_offload,DistOpt+offload,"[1,2)",post_optimizer_step
1,active_allocated,FullRank,0,memlive_3b_fullrank_distopt_offload,DistOpt+offload,"[1048576,2097152)",post_optimizer_step
1,active_allocated,FullRank,0,memlive_3b_fullrank_distopt_offload,DistOpt+offload,"[128,256)",post_optimizer_step
1,active_allocated,FullRank,0,memlive_3b_fullrank_distopt_offload,DistOpt+offload,"[262144,524288)",post_optimizer_step
3,active_allocated,FullRank,0,memlive_3b_fullrank_distopt_offload,DistOpt+offload,"[4,8)",post_optimizer_step
1,active_allocated,FullRank,0,memlive_3b_fullrank_distopt_offload,DistOpt+offload,"[4096,8192)",post_optimizer_step
1,active_allocated,FullRank,0,memlive_3b_fullrank_distopt_offload,DistOpt+offload,"[4294967296,8589934592)",post_optimizer_step
1,active_allocated,FullRank,0,memlive_3b_fullrank_distopt_offload,DistOpt+offload,"[67108864,134217728)",post_optimizer_step
2,active_allocated,FullRank,0,memlive_3b_fullrank_distopt_offload,DistOpt+offload,"[8,16)",post_optimizer_step
3,active_allocated,FullRank,0,memlive_3b_fullrank_distopt_offload,DistOpt+offload,"[8192,16384)",post_optimizer_step
2,active_allocated,FullRank,0,memlive_3b_fullrank_distopt_offload,DistOpt+offload,"[8388608,16777216)",post_optimizer_step
1,active_allocated,FullRank,0,memlive_3b_fullrank_distopt_offload,DistOpt+offload,"[8589934592,17179869184)",post_optimizer_step
1,active_allocated,FullRank,0,memlive_3b_fullrank_distopt_offload,DistOpt+offload,"[1,2)",post_optimizer_step
1,active_allocated,FullRank,0,memlive_3b_fullrank_distopt_offload,DistOpt+offload,"[1048576,2097152)",post_optimizer_step
1,active_allocated,FullRank,0,memlive_3b_fullrank_distopt_offload,DistOpt+offload,"[128,256)",post_optimizer_step
1,active_allocated,FullRank,0,memlive_3b_fullrank_distopt_offload,DistOpt+offload,"[262144,524288)",post_optimizer_step
3,active_allocated,FullRank,0,memlive_3b_fullrank_distopt_offload,DistOpt+offload,"[4,8)",post_optimizer_step
1,active_allocated,FullRank,0,memlive_3b_fullrank_distopt_offload,DistOpt+offload,"[4096,8192)",post_optimizer_step
1,active_allocated,FullRank,0,memlive_3b_fullrank_distopt_offload,DistOpt+offload,"[4294967296,8589934592)",post_optimizer_step
1,active_allocated,FullRank,0,memlive_3b_fullrank_distopt_offload,DistOpt+offload,"[67108864,134217728)",post_optimizer_step
2,active_allocated,FullRank,0,memlive_3b_fullrank_distopt_offload,DistOpt+offload,"[8,16)",post_optimizer_step
3,active_allocated,FullRank,0,memlive_3b_fullrank_distopt_offload,DistOpt+offload,"[8192,16384)",post_optimizer_step
2,active_allocated,FullRank,0,memlive_3b_fullrank_distopt_offload,DistOpt+offload,"[8388608,16777216)",post_optimizer_step
1,active_allocated,FullRank,0,memlive_3b_fullrank_distopt_offload,DistOpt+offload,"[8589934592,17179869184)",post_optimizer_step
1,active_allocated,FullRank,0,memlive_3b_fullrank_distopt_offload,DistOpt+offload,"[1,2)",post_optimizer_step
1,active_allocated,FullRank,0,memlive_3b_fullrank_distopt_offload,DistOpt+offload,"[1048576,2097152)",post_optimizer_step
1,active_allocated,FullRank,0,memlive_3b_fullrank_distopt_offload,DistOpt+offload,"[128,256)",post_optimizer_step
1,active_allocated,FullRank,0,memlive_3b_fullrank_distopt_offload,DistOpt+offload,"[262144,524288)",post_optimizer_step
3,active_allocated,FullRank,0,memlive_3b_fullrank_distopt_offload,DistOpt+offload,"[4,8)",post_optimizer_step
1,active_allocated,FullRank,0,memlive_3b_fullrank_distopt_offload,DistOpt+offload,"[4096,8192)",post_optimizer_step
1,active_allocated,FullRank,0,memlive_3b_fullrank_distopt_offload,DistOpt+offload,"[4294967296,8589934592)",post_optimizer_step
1,active_allocated,FullRank,0,memlive_3b_fullrank_distopt_offload,DistOpt+offload,"[67108864,134217728)",post_optimizer_step
2,active_allocated,FullRank,0,memlive_3b_fullrank_distopt_offload,DistOpt+offload,"[8,16)",post_optimizer_step
3,active_allocated,FullRank,0,memlive_3b_fullrank_distopt_offload,DistOpt+offload,"[8192,16384)",post_optimizer_step
2,active_allocated,FullRank,0,memlive_3b_fullrank_distopt_offload,DistOpt+offload,"[8388608,16777216)",post_optimizer_step
1,active_allocated,FullRank,0,memlive_3b_fullrank_distopt_offload,DistOpt+offload,"[8589934592,17179869184)",post_optimizer_step
1,active_allocated,FullRank,0,memlive_3b_fullrank_distopt_offload,DistOpt+offload,"[1,2)",post_optimizer_step
1,active_allocated,FullRank,0,memlive_3b_fullrank_distopt_offload,DistOpt+offload,"[1048576,2097152)",post_optimizer_step
1,active_allocated,FullRank,0,memlive_3b_fullrank_distopt_offload,DistOpt+offload,"[128,256)",post_optimizer_step
1,active_allocated,FullRank,0,memlive_3b_fullrank_distopt_offload,DistOpt+offload,"[262144,524288)",post_optimizer_step
3,active_allocated,FullRank,0,memlive_3b_fullrank_distopt_offload,DistOpt+offload,"[4,8)",post_optimizer_step
1,active_allocated,FullRank,0,memlive_3b_fullrank_distopt_offload,DistOpt+offload,"[4096,8192)",post_optimizer_step
1,active_allocated,FullRank,0,memlive_3b_fullrank_distopt_offload,DistOpt+offload,"[4294967296,8589934592)",post_optimizer_step
1,active_allocated,FullRank,0,memlive_3b_fullrank_distopt_offload,DistOpt+offload,"[67108864,134217728)",post_optimizer_step
2,active_allocated,FullRank,0,memlive_3b_fullrank_distopt_offload,DistOpt+offload,"[8,16)",post_optimizer_step
3,active_allocated,FullRank,0,memlive_3b_fullrank_distopt_offload,DistOpt+offload,"[8192,16384)",post_optimizer_step
2,active_allocated,FullRank,0,memlive_3b_fullrank_distopt_offload,DistOpt+offload,"[8388608,16777216)",post_optimizer_step
1,active_allocated,FullRank,0,memlive_3b_fullrank_distopt_offload,DistOpt+offload,"[8589934592,17179869184)",post_optimizer_step
1,active_allocated,FullRank,0,memlive_3b_fullrank_distopt_offload,DistOpt+offload,"[1,2)",steady_state_after_iter_10
1,active_allocated,FullRank,0,memlive_3b_fullrank_distopt_offload,DistOpt+offload,"[1048576,2097152)",steady_state_after_iter_10
1,active_allocated,FullRank,0,memlive_3b_fullrank_distopt_offload,DistOpt+offload,"[128,256)",steady_state_after_iter_10
1,active_allocated,FullRank,0,memlive_3b_fullrank_distopt_offload,DistOpt+offload,"[262144,524288)",steady_state_after_iter_10
3,active_allocated,FullRank,0,memlive_3b_fullrank_distopt_offload,DistOpt+offload,"[4,8)",steady_state_after_iter_10
1,active_allocated,FullRank,0,memlive_3b_fullrank_distopt_offload,DistOpt+offload,"[4096,8192)",steady_state_after_iter_10
1,active_allocated,FullRank,0,memlive_3b_fullrank_distopt_offload,DistOpt+offload,"[4294967296,8589934592)",steady_state_after_iter_10
1,active_allocated,FullRank,0,memlive_3b_fullrank_distopt_offload,DistOpt+offload,"[67108864,134217728)",steady_state_after_iter_10
1,active_allocated,FullRank,0,memlive_3b_fullrank_distopt_offload,DistOpt+offload,"[8,16)",steady_state_after_iter_10
3,active_allocated,FullRank,0,memlive_3b_fullrank_distopt_offload,DistOpt+offload,"[8192,16384)",steady_state_after_iter_10
2,active_allocated,FullRank,0,memlive_3b_fullrank_distopt_offload,DistOpt+offload,"[8388608,16777216)",steady_state_after_iter_10
1,active_allocated,FullRank,0,memlive_3b_fullrank_distopt_offload,DistOpt+offload,"[8589934592,17179869184)",steady_state_after_iter_10
1,active_allocated,FullRank,0,memlive_3b_fullrank_fsdp,FSDP,"[1,2)",post_backward
1,active_allocated,FullRank,0,memlive_3b_fullrank_fsdp,FSDP,"[1048576,2097152)",post_backward
1,active_allocated,FullRank,0,memlive_3b_fullrank_fsdp,FSDP,"[128,256)",post_backward
1,active_allocated,FullRank,0,memlive_3b_fullrank_fsdp,FSDP,"[134217728,268435456)",post_backward
1,active_allocated,FullRank,0,memlive_3b_fullrank_fsdp,FSDP,"[2147483648,4294967296)",post_backward
1,active_allocated,FullRank,0,memlive_3b_fullrank_fsdp,FSDP,"[262144,524288)",post_backward
24,active_allocated,FullRank,0,memlive_3b_fullrank_fsdp,FSDP,"[33554432,67108864)",post_backward
2,active_allocated,FullRank,0,memlive_3b_fullrank_fsdp,FSDP,"[4,8)",post_backward
1,active_allocated,FullRank,0,memlive_3b_fullrank_fsdp,FSDP,"[4096,8192)",post_backward
26,active_allocated,FullRank,0,memlive_3b_fullrank_fsdp,FSDP,"[67108864,134217728)",post_backward
2,active_allocated,FullRank,0,memlive_3b_fullrank_fsdp,FSDP,"[8,16)",post_backward
3,active_allocated,FullRank,0,memlive_3b_fullrank_fsdp,FSDP,"[8192,16384)",post_backward
2,active_allocated,FullRank,0,memlive_3b_fullrank_fsdp,FSDP,"[8388608,16777216)",post_backward
1,active_allocated,FullRank,0,memlive_3b_fullrank_fsdp,FSDP,"[1,2)",post_init
1,active_allocated,FullRank,0,memlive_3b_fullrank_fsdp,FSDP,"[128,256)",post_init
1,active_allocated,FullRank,0,memlive_3b_fullrank_fsdp,FSDP,"[134217728,268435456)",post_init
1,active_allocated,FullRank,0,memlive_3b_fullrank_fsdp,FSDP,"[2147483648,4294967296)",post_init
24,active_allocated,FullRank,0,memlive_3b_fullrank_fsdp,FSDP,"[33554432,67108864)",post_init
2,active_allocated,FullRank,0,memlive_3b_fullrank_fsdp,FSDP,"[4,8)",post_init
25,active_allocated,FullRank,0,memlive_3b_fullrank_fsdp,FSDP,"[67108864,134217728)",post_init
1,active_allocated,FullRank,0,memlive_3b_fullrank_fsdp,FSDP,"[8,16)",post_init
1,active_allocated,FullRank,0,memlive_3b_fullrank_fsdp_fsdp_4layer,FSDP,"[1,2)",post_backward
1,active_allocated,FullRank,0,memlive_3b_fullrank_fsdp_fsdp_4layer,FSDP,"[1048576,2097152)",post_backward
1,active_allocated,FullRank,0,memlive_3b_fullrank_fsdp_fsdp_4layer,FSDP,"[128,256)",post_backward
1,active_allocated,FullRank,0,memlive_3b_fullrank_fsdp_fsdp_4layer,FSDP,"[134217728,268435456)",post_backward
1,active_allocated,FullRank,0,memlive_3b_fullrank_fsdp_fsdp_4layer,FSDP,"[262144,524288)",post_backward
4,active_allocated,FullRank,0,memlive_3b_fullrank_fsdp_fsdp_4layer,FSDP,"[33554432,67108864)",post_backward
2,active_allocated,FullRank,0,memlive_3b_fullrank_fsdp_fsdp_4layer,FSDP,"[4,8)",post_backward
1,active_allocated,FullRank,0,memlive_3b_fullrank_fsdp_fsdp_4layer,FSDP,"[4096,8192)",post_backward
1,active_allocated,FullRank,0,memlive_3b_fullrank_fsdp_fsdp_4layer,FSDP,"[536870912,1073741824)",post_backward
6,active_allocated,FullRank,0,memlive_3b_fullrank_fsdp_fsdp_4layer,FSDP,"[67108864,134217728)",post_backward
2,active_allocated,FullRank,0,memlive_3b_fullrank_fsdp_fsdp_4layer,FSDP,"[8,16)",post_backward
3,active_allocated,FullRank,0,memlive_3b_fullrank_fsdp_fsdp_4layer,FSDP,"[8192,16384)",post_backward
2,active_allocated,FullRank,0,memlive_3b_fullrank_fsdp_fsdp_4layer,FSDP,"[8388608,16777216)",post_backward
1,active_allocated,FullRank,0,memlive_3b_fullrank_fsdp_fsdp_4layer,FSDP,"[1,2)",post_init
1,active_allocated,FullRank,0,memlive_3b_fullrank_fsdp_fsdp_4layer,FSDP,"[128,256)",post_init
1,active_allocated,FullRank,0,memlive_3b_fullrank_fsdp_fsdp_4layer,FSDP,"[134217728,268435456)",post_init
4,active_allocated,FullRank,0,memlive_3b_fullrank_fsdp_fsdp_4layer,FSDP,"[33554432,67108864)",post_init
2,active_allocated,FullRank,0,memlive_3b_fullrank_fsdp_fsdp_4layer,FSDP,"[4,8)",post_init
1,active_allocated,FullRank,0,memlive_3b_fullrank_fsdp_fsdp_4layer,FSDP,"[536870912,1073741824)",post_init
5,active_allocated,FullRank,0,memlive_3b_fullrank_fsdp_fsdp_4layer,FSDP,"[67108864,134217728)",post_init
1,active_allocated,FullRank,0,memlive_3b_fullrank_fsdp_fsdp_4layer,FSDP,"[8,16)",post_init
1,active_allocated,FullRank,0,memlive_3b_fullrank_fsdp_offload,FSDP+offload,"[1,2)",post_backward
1,active_allocated,FullRank,0,memlive_3b_fullrank_fsdp_offload,FSDP+offload,"[1048576,2097152)",post_backward
1,active_allocated,FullRank,0,memlive_3b_fullrank_fsdp_offload,FSDP+offload,"[128,256)",post_backward
1,active_allocated,FullRank,0,memlive_3b_fullrank_fsdp_offload,FSDP+offload,"[134217728,268435456)",post_backward
1,active_allocated,FullRank,0,memlive_3b_fullrank_fsdp_offload,FSDP+offload,"[2147483648,4294967296)",post_backward
1,active_allocated,FullRank,0,memlive_3b_fullrank_fsdp_offload,FSDP+offload,"[262144,524288)",post_backward
24,active_allocated,FullRank,0,memlive_3b_fullrank_fsdp_offload,FSDP+offload,"[33554432,67108864)",post_backward
1,active_allocated,FullRank,0,memlive_3b_fullrank_fsdp_offload,FSDP+offload,"[4,8)",post_backward
1,active_allocated,FullRank,0,memlive_3b_fullrank_fsdp_offload,FSDP+offload,"[4096,8192)",post_backward
26,active_allocated,FullRank,0,memlive_3b_fullrank_fsdp_offload,FSDP+offload,"[67108864,134217728)",post_backward
2,active_allocated,FullRank,0,memlive_3b_fullrank_fsdp_offload,FSDP+offload,"[8,16)",post_backward
3,active_allocated,FullRank,0,memlive_3b_fullrank_fsdp_offload,FSDP+offload,"[8192,16384)",post_backward
2,active_allocated,FullRank,0,memlive_3b_fullrank_fsdp_offload,FSDP+offload,"[8388608,16777216)",post_backward
1,active_allocated,FullRank,0,memlive_3b_fullrank_fsdp_offload,FSDP+offload,"[1,2)",post_backward
1,active_allocated,FullRank,0,memlive_3b_fullrank_fsdp_offload,FSDP+offload,"[1048576,2097152)",post_backward
1,active_allocated,FullRank,0,memlive_3b_fullrank_fsdp_offload,FSDP+offload,"[128,256)",post_backward
1,active_allocated,FullRank,0,memlive_3b_fullrank_fsdp_offload,FSDP+offload,"[134217728,268435456)",post_backward
1,active_allocated,FullRank,0,memlive_3b_fullrank_fsdp_offload,FSDP+offload,"[2147483648,4294967296)",post_backward
1,active_allocated,FullRank,0,memlive_3b_fullrank_fsdp_offload,FSDP+offload,"[262144,524288)",post_backward
24,active_allocated,FullRank,0,memlive_3b_fullrank_fsdp_offload,FSDP+offload,"[33554432,67108864)",post_backward
3,active_allocated,FullRank,0,memlive_3b_fullrank_fsdp_offload,FSDP+offload,"[4,8)",post_backward
1,active_allocated,FullRank,0,memlive_3b_fullrank_fsdp_offload,FSDP+offload,"[4096,8192)",post_backward
26,active_allocated,FullRank,0,memlive_3b_fullrank_fsdp_offload,FSDP+offload,"[67108864,134217728)",post_backward
2,active_allocated,FullRank,0,memlive_3b_fullrank_fsdp_offload,FSDP+offload,"[8,16)",post_backward
3,active_allocated,FullRank,0,memlive_3b_fullrank_fsdp_offload,FSDP+offload,"[8192,16384)",post_backward
2,active_allocated,FullRank,0,memlive_3b_fullrank_fsdp_offload,FSDP+offload,"[8388608,16777216)",post_backward
1,active_allocated,FullRank,0,memlive_3b_fullrank_fsdp_offload,FSDP+offload,"[1,2)",post_backward
1,active_allocated,FullRank,0,memlive_3b_fullrank_fsdp_offload,FSDP+offload,"[1048576,2097152)",post_backward
1,active_allocated,FullRank,0,memlive_3b_fullrank_fsdp_offload,FSDP+offload,"[128,256)",post_backward
1,active_allocated,FullRank,0,memlive_3b_fullrank_fsdp_offload,FSDP+offload,"[134217728,268435456)",post_backward
1,active_allocated,FullRank,0,memlive_3b_fullrank_fsdp_offload,FSDP+offload,"[2147483648,4294967296)",post_backward
1,active_allocated,FullRank,0,memlive_3b_fullrank_fsdp_offload,FSDP+offload,"[262144,524288)",post_backward
24,active_allocated,FullRank,0,memlive_3b_fullrank_fsdp_offload,FSDP+offload,"[33554432,67108864)",post_backward
3,active_allocated,FullRank,0,memlive_3b_fullrank_fsdp_offload,FSDP+offload,"[4,8)",post_backward
1,active_allocated,FullRank,0,memlive_3b_fullrank_fsdp_offload,FSDP+offload,"[4096,8192)",post_backward
26,active_allocated,FullRank,0,memlive_3b_fullrank_fsdp_offload,FSDP+offload,"[67108864,134217728)",post_backward
2,active_allocated,FullRank,0,memlive_3b_fullrank_fsdp_offload,FSDP+offload,"[8,16)",post_backward
3,active_allocated,FullRank,0,memlive_3b_fullrank_fsdp_offload,FSDP+offload,"[8192,16384)",post_backward
2,active_allocated,FullRank,0,memlive_3b_fullrank_fsdp_offload,FSDP+offload,"[8388608,16777216)",post_backward
1,active_allocated,FullRank,0,memlive_3b_fullrank_fsdp_offload,FSDP+offload,"[1,2)",post_backward
1,active_allocated,FullRank,0,memlive_3b_fullrank_fsdp_offload,FSDP+offload,"[1048576,2097152)",post_backward
1,active_allocated,FullRank,0,memlive_3b_fullrank_fsdp_offload,FSDP+offload,"[128,256)",post_backward
1,active_allocated,FullRank,0,memlive_3b_fullrank_fsdp_offload,FSDP+offload,"[134217728,268435456)",post_backward
1,active_allocated,FullRank,0,memlive_3b_fullrank_fsdp_offload,FSDP+offload,"[2147483648,4294967296)",post_backward
1,active_allocated,FullRank,0,memlive_3b_fullrank_fsdp_offload,FSDP+offload,"[262144,524288)",post_backward
24,active_allocated,FullRank,0,memlive_3b_fullrank_fsdp_offload,FSDP+offload,"[33554432,67108864)",post_backward
3,active_allocated,FullRank,0,memlive_3b_fullrank_fsdp_offload,FSDP+offload,"[4,8)",post_backward
1,active_allocated,FullRank,0,memlive_3b_fullrank_fsdp_offload,FSDP+offload,"[4096,8192)",post_backward
26,active_allocated,FullRank,0,memlive_3b_fullrank_fsdp_offload,FSDP+offload,"[67108864,134217728)",post_backward
2,active_allocated,FullRank,0,memlive_3b_fullrank_fsdp_offload,FSDP+offload,"[8,16)",post_backward
3,active_allocated,FullRank,0,memlive_3b_fullrank_fsdp_offload,FSDP+offload,"[8192,16384)",post_backward
2,active_allocated,FullRank,0,memlive_3b_fullrank_fsdp_offload,FSDP+offload,"[8388608,16777216)",post_backward
1,active_allocated,FullRank,0,memlive_3b_fullrank_fsdp_offload,FSDP+offload,"[1,2)",post_backward
1,active_allocated,FullRank,0,memlive_3b_fullrank_fsdp_offload,FSDP+offload,"[1048576,2097152)",post_backward
1,active_allocated,FullRank,0,memlive_3b_fullrank_fsdp_offload,FSDP+offload,"[128,256)",post_backward
1,active_allocated,FullRank,0,memlive_3b_fullrank_fsdp_offload,FSDP+offload,"[134217728,268435456)",post_backward
1,active_allocated,FullRank,0,memlive_3b_fullrank_fsdp_offload,FSDP+offload,"[2147483648,4294967296)",post_backward
1,active_allocated,FullRank,0,memlive_3b_fullrank_fsdp_offload,FSDP+offload,"[262144,524288)",post_backward
24,active_allocated,FullRank,0,memlive_3b_fullrank_fsdp_offload,FSDP+offload,"[33554432,67108864)",post_backward
3,active_allocated,FullRank,0,memlive_3b_fullrank_fsdp_offload,FSDP+offload,"[4,8)",post_backward
1,active_allocated,FullRank,0,memlive_3b_fullrank_fsdp_offload,FSDP+offload,"[4096,8192)",post_backward
26,active_allocated,FullRank,0,memlive_3b_fullrank_fsdp_offload,FSDP+offload,"[67108864,134217728)",post_backward
2,active_allocated,FullRank,0,memlive_3b_fullrank_fsdp_offload,FSDP+offload,"[8,16)",post_backward
3,active_allocated,FullRank,0,memlive_3b_fullrank_fsdp_offload,FSDP+offload,"[8192,16384)",post_backward
2,active_allocated,FullRank,0,memlive_3b_fullrank_fsdp_offload,FSDP+offload,"[8388608,16777216)",post_backward
1,active_allocated,FullRank,0,memlive_3b_fullrank_fsdp_offload,FSDP+offload,"[1,2)",post_backward
1,active_allocated,FullRank,0,memlive_3b_fullrank_fsdp_offload,FSDP+offload,"[1048576,2097152)",post_backward
1,active_allocated,FullRank,0,memlive_3b_fullrank_fsdp_offload,FSDP+offload,"[128,256)",post_backward
1,active_allocated,FullRank,0,memlive_3b_fullrank_fsdp_offload,FSDP+offload,"[134217728,268435456)",post_backward
1,active_allocated,FullRank,0,memlive_3b_fullrank_fsdp_offload,FSDP+offload,"[2147483648,4294967296)",post_backward
1,active_allocated,FullRank,0,memlive_3b_fullrank_fsdp_offload,FSDP+offload,"[262144,524288)",post_backward
24,active_allocated,FullRank,0,memlive_3b_fullrank_fsdp_offload,FSDP+offload,"[33554432,67108864)",post_backward
3,active_allocated,FullRank,0,memlive_3b_fullrank_fsdp_offload,FSDP+offload,"[4,8)",post_backward
1,active_allocated,FullRank,0,memlive_3b_fullrank_fsdp_offload,FSDP+offload,"[4096,8192)",post_backward
26,active_allocated,FullRank,0,memlive_3b_fullrank_fsdp_offload,FSDP+offload,"[67108864,134217728)",post_backward
2,active_allocated,FullRank,0,memlive_3b_fullrank_fsdp_offload,FSDP+offload,"[8,16)",post_backward
3,active_allocated,FullRank,0,memlive_3b_fullrank_fsdp_offload,FSDP+offload,"[8192,16384)",post_backward
2,active_allocated,FullRank,0,memlive_3b_fullrank_fsdp_offload,FSDP+offload,"[8388608,16777216)",post_backward
1,active_allocated,FullRank,0,memlive_3b_fullrank_fsdp_offload,FSDP+offload,"[1,2)",post_backward
1,active_allocated,FullRank,0,memlive_3b_fullrank_fsdp_offload,FSDP+offload,"[1048576,2097152)",post_backward
1,active_allocated,FullRank,0,memlive_3b_fullrank_fsdp_offload,FSDP+offload,"[128,256)",post_backward
1,active_allocated,FullRank,0,memlive_3b_fullrank_fsdp_offload,FSDP+offload,"[134217728,268435456)",post_backward
1,active_allocated,FullRank,0,memlive_3b_fullrank_fsdp_offload,FSDP+offload,"[2147483648,4294967296)",post_backward
1,active_allocated,FullRank,0,memlive_3b_fullrank_fsdp_offload,FSDP+offload,"[262144,524288)",post_backward
24,active_allocated,FullRank,0,memlive_3b_fullrank_fsdp_offload,FSDP+offload,"[33554432,67108864)",post_backward
3,active_allocated,FullRank,0,memlive_3b_fullrank_fsdp_offload,FSDP+offload,"[4,8)",post_backward
1,active_allocated,FullRank,0,memlive_3b_fullrank_fsdp_offload,FSDP+offload,"[4096,8192)",post_backward
26,active_allocated,FullRank,0,memlive_3b_fullrank_fsdp_offload,FSDP+offload,"[67108864,134217728)",post_backward
2,active_allocated,FullRank,0,memlive_3b_fullrank_fsdp_offload,FSDP+offload,"[8,16)",post_backward
3,active_allocated,FullRank,0,memlive_3b_fullrank_fsdp_offload,FSDP+offload,"[8192,16384)",post_backward
2,active_allocated,FullRank,0,memlive_3b_fullrank_fsdp_offload,FSDP+offload,"[8388608,16777216)",post_backward
1,active_allocated,FullRank,0,memlive_3b_fullrank_fsdp_offload,FSDP+offload,"[1,2)",post_backward
1,active_allocated,FullRank,0,memlive_3b_fullrank_fsdp_offload,FSDP+offload,"[1048576,2097152)",post_backward
1,active_allocated,FullRank,0,memlive_3b_fullrank_fsdp_offload,FSDP+offload,"[128,256)",post_backward
1,active_allocated,FullRank,0,memlive_3b_fullrank_fsdp_offload,FSDP+offload,"[134217728,268435456)",post_backward
1,active_allocated,FullRank,0,memlive_3b_fullrank_fsdp_offload,FSDP+offload,"[2147483648,4294967296)",post_backward
1,active_allocated,FullRank,0,memlive_3b_fullrank_fsdp_offload,FSDP+offload,"[262144,524288)",post_backward
24,active_allocated,FullRank,0,memlive_3b_fullrank_fsdp_offload,FSDP+offload,"[33554432,67108864)",post_backward
3,active_allocated,FullRank,0,memlive_3b_fullrank_fsdp_offload,FSDP+offload,"[4,8)",post_backward
1,active_allocated,FullRank,0,memlive_3b_fullrank_fsdp_offload,FSDP+offload,"[4096,8192)",post_backward
26,active_allocated,FullRank,0,memlive_3b_fullrank_fsdp_offload,FSDP+offload,"[67108864,134217728)",post_backward
2,active_allocated,FullRank,0,memlive_3b_fullrank_fsdp_offload,FSDP+offload,"[8,16)",post_backward
3,active_allocated,FullRank,0,memlive_3b_fullrank_fsdp_offload,FSDP+offload,"[8192,16384)",post_backward
2,active_allocated,FullRank,0,memlive_3b_fullrank_fsdp_offload,FSDP+offload,"[8388608,16777216)",post_backward
1,active_allocated,FullRank,0,memlive_3b_fullrank_fsdp_offload,FSDP+offload,"[1,2)",post_backward
1,active_allocated,FullRank,0,memlive_3b_fullrank_fsdp_offload,FSDP+offload,"[1048576,2097152)",post_backward
1,active_allocated,FullRank,0,memlive_3b_fullrank_fsdp_offload,FSDP+offload,"[128,256)",post_backward
1,active_allocated,FullRank,0,memlive_3b_fullrank_fsdp_offload,FSDP+offload,"[134217728,268435456)",post_backward
1,active_allocated,FullRank,0,memlive_3b_fullrank_fsdp_offload,FSDP+offload,"[2147483648,4294967296)",post_backward
1,active_allocated,FullRank,0,memlive_3b_fullrank_fsdp_offload,FSDP+offload,"[262144,524288)",post_backward
24,active_allocated,FullRank,0,memlive_3b_fullrank_fsdp_offload,FSDP+offload,"[33554432,67108864)",post_backward
3,active_allocated,FullRank,0,memlive_3b_fullrank_fsdp_offload,FSDP+offload,"[4,8)",post_backward
1,active_allocated,FullRank,0,memlive_3b_fullrank_fsdp_offload,FSDP+offload,"[4096,8192)",post_backward
26,active_allocated,FullRank,0,memlive_3b_fullrank_fsdp_offload,FSDP+offload,"[67108864,134217728)",post_backward
2,active_allocated,FullRank,0,memlive_3b_fullrank_fsdp_offload,FSDP+offload,"[8,16)",post_backward
3,active_allocated,FullRank,0,memlive_3b_fullrank_fsdp_offload,FSDP+offload,"[8192,16384)",post_backward
2,active_allocated,FullRank,0,memlive_3b_fullrank_fsdp_offload,FSDP+offload,"[8388608,16777216)",post_backward
1,active_allocated,FullRank,0,memlive_3b_fullrank_fsdp_offload,FSDP+offload,"[1,2)",post_backward
1,active_allocated,FullRank,0,memlive_3b_fullrank_fsdp_offload,FSDP+offload,"[1048576,2097152)",post_backward
1,active_allocated,FullRank,0,memlive_3b_fullrank_fsdp_offload,FSDP+offload,"[128,256)",post_backward
1,active_allocated,FullRank,0,memlive_3b_fullrank_fsdp_offload,FSDP+offload,"[134217728,268435456)",post_backward
1,active_allocated,FullRank,0,memlive_3b_fullrank_fsdp_offload,FSDP+offload,"[2147483648,4294967296)",post_backward
1,active_allocated,FullRank,0,memlive_3b_fullrank_fsdp_offload,FSDP+offload,"[262144,524288)",post_backward
24,active_allocated,FullRank,0,memlive_3b_fullrank_fsdp_offload,FSDP+offload,"[33554432,67108864)",post_backward
3,active_allocated,FullRank,0,memlive_3b_fullrank_fsdp_offload,FSDP+offload,"[4,8)",post_backward
1,active_allocated,FullRank,0,memlive_3b_fullrank_fsdp_offload,FSDP+offload,"[4096,8192)",post_backward
26,active_allocated,FullRank,0,memlive_3b_fullrank_fsdp_offload,FSDP+offload,"[67108864,134217728)",post_backward
2,active_allocated,FullRank,0,memlive_3b_fullrank_fsdp_offload,FSDP+offload,"[8,16)",post_backward
3,active_allocated,FullRank,0,memlive_3b_fullrank_fsdp_offload,FSDP+offload,"[8192,16384)",post_backward
2,active_allocated,FullRank,0,memlive_3b_fullrank_fsdp_offload,FSDP+offload,"[8388608,16777216)",post_backward
1,active_allocated,FullRank,0,memlive_3b_fullrank_fsdp_offload,FSDP+offload,"[1,2)",post_backward
1,active_allocated,FullRank,0,memlive_3b_fullrank_fsdp_offload,FSDP+offload,"[1048576,2097152)",post_backward
1,active_allocated,FullRank,0,memlive_3b_fullrank_fsdp_offload,FSDP+offload,"[128,256)",post_backward
1,active_allocated,FullRank,0,memlive_3b_fullrank_fsdp_offload,FSDP+offload,"[134217728,268435456)",post_backward
1,active_allocated,FullRank,0,memlive_3b_fullrank_fsdp_offload,FSDP+offload,"[2147483648,4294967296)",post_backward
1,active_allocated,FullRank,0,memlive_3b_fullrank_fsdp_offload,FSDP+offload,"[262144,524288)",post_backward
24,active_allocated,FullRank,0,memlive_3b_fullrank_fsdp_offload,FSDP+offload,"[33554432,67108864)",post_backward
3,active_allocated,FullRank,0,memlive_3b_fullrank_fsdp_offload,FSDP+offload,"[4,8)",post_backward
1,active_allocated,FullRank,0,memlive_3b_fullrank_fsdp_offload,FSDP+offload,"[4096,8192)",post_backward
26,active_allocated,FullRank,0,memlive_3b_fullrank_fsdp_offload,FSDP+offload,"[67108864,134217728)",post_backward
2,active_allocated,FullRank,0,memlive_3b_fullrank_fsdp_offload,FSDP+offload,"[8,16)",post_backward
3,active_allocated,FullRank,0,memlive_3b_fullrank_fsdp_offload,FSDP+offload,"[8192,16384)",post_backward
2,active_allocated,FullRank,0,memlive_3b_fullrank_fsdp_offload,FSDP+offload,"[8388608,16777216)",post_backward
1,active_allocated,FullRank,0,memlive_3b_fullrank_fsdp_offload,FSDP+offload,"[1,2)",post_backward
1,active_allocated,FullRank,0,memlive_3b_fullrank_fsdp_offload,FSDP+offload,"[1048576,2097152)",post_backward
1,active_allocated,FullRank,0,memlive_3b_fullrank_fsdp_offload,FSDP+offload,"[128,256)",post_backward
1,active_allocated,FullRank,0,memlive_3b_fullrank_fsdp_offload,FSDP+offload,"[134217728,268435456)",post_backward
1,active_allocated,FullRank,0,memlive_3b_fullrank_fsdp_offload,FSDP+offload,"[2147483648,4294967296)",post_backward
1,active_allocated,FullRank,0,memlive_3b_fullrank_fsdp_offload,FSDP+offload,"[262144,524288)",post_backward
24,active_allocated,FullRank,0,memlive_3b_fullrank_fsdp_offload,FSDP+offload,"[33554432,67108864)",post_backward
3,active_allocated,FullRank,0,memlive_3b_fullrank_fsdp_offload,FSDP+offload,"[4,8)",post_backward
1,active_allocated,FullRank,0,memlive_3b_fullrank_fsdp_offload,FSDP+offload,"[4096,8192)",post_backward
26,active_allocated,FullRank,0,memlive_3b_fullrank_fsdp_offload,FSDP+offload,"[67108864,134217728)",post_backward
2,active_allocated,FullRank,0,memlive_3b_fullrank_fsdp_offload,FSDP+offload,"[8,16)",post_backward
3,active_allocated,FullRank,0,memlive_3b_fullrank_fsdp_offload,FSDP+offload,"[8192,16384)",post_backward
2,active_allocated,FullRank,0,memlive_3b_fullrank_fsdp_offload,FSDP+offload,"[8388608,16777216)",post_backward
1,active_allocated,FullRank,0,memlive_3b_fullrank_fsdp_offload,FSDP+offload,"[1,2)",post_init
1,active_allocated,FullRank,0,memlive_3b_fullrank_fsdp_offload,FSDP+offload,"[128,256)",post_init
1,active_allocated,FullRank,0,memlive_3b_fullrank_fsdp_offload,FSDP+offload,"[134217728,268435456)",post_init
1,active_allocated,FullRank,0,memlive_3b_fullrank_fsdp_offload,FSDP+offload,"[2147483648,4294967296)",post_init
24,active_allocated,FullRank,0,memlive_3b_fullrank_fsdp_offload,FSDP+offload,"[33554432,67108864)",post_init
1,active_allocated,FullRank,0,memlive_3b_fullrank_fsdp_offload,FSDP+offload,"[4,8)",post_init
25,active_allocated,FullRank,0,memlive_3b_fullrank_fsdp_offload,FSDP+offload,"[67108864,134217728)",post_init
1,active_allocated,FullRank,0,memlive_3b_fullrank_fsdp_offload,FSDP+offload,"[8,16)",post_init
1,active_allocated,FullRank,0,memlive_3b_fullrank_fsdp_offload,FSDP+offload,"[1,2)",post_optimizer_step
1,active_allocated,FullRank,0,memlive_3b_fullrank_fsdp_offload,FSDP+offload,"[1048576,2097152)",post_optimizer_step
1,active_allocated,FullRank,0,memlive_3b_fullrank_fsdp_offload,FSDP+offload,"[128,256)",post_optimizer_step
6,active_allocated,FullRank,0,memlive_3b_fullrank_fsdp_offload,FSDP+offload,"[134217728,268435456)",post_optimizer_step
1,active_allocated,FullRank,0,memlive_3b_fullrank_fsdp_offload,FSDP+offload,"[2147483648,4294967296)",post_optimizer_step
1,active_allocated,FullRank,0,memlive_3b_fullrank_fsdp_offload,FSDP+offload,"[262144,524288)",post_optimizer_step
1,active_allocated,FullRank,0,memlive_3b_fullrank_fsdp_offload,FSDP+offload,"[268435456,536870912)",post_optimizer_step
24,active_allocated,FullRank,0,memlive_3b_fullrank_fsdp_offload,FSDP+offload,"[33554432,67108864)",post_optimizer_step
1,active_allocated,FullRank,0,memlive_3b_fullrank_fsdp_offload,FSDP+offload,"[4,8)",post_optimizer_step
1,active_allocated,FullRank,0,memlive_3b_fullrank_fsdp_offload,FSDP+offload,"[4096,8192)",post_optimizer_step
26,active_allocated,FullRank,0,memlive_3b_fullrank_fsdp_offload,FSDP+offload,"[67108864,134217728)",post_optimizer_step
2,active_allocated,FullRank,0,memlive_3b_fullrank_fsdp_offload,FSDP+offload,"[8,16)",post_optimizer_step
3,active_allocated,FullRank,0,memlive_3b_fullrank_fsdp_offload,FSDP+offload,"[8192,16384)",post_optimizer_step
2,active_allocated,FullRank,0,memlive_3b_fullrank_fsdp_offload,FSDP+offload,"[8388608,16777216)",post_optimizer_step
1,active_allocated,FullRank,0,memlive_3b_fullrank_fsdp_offload,FSDP+offload,"[1,2)",post_optimizer_step
1,active_allocated,FullRank,0,memlive_3b_fullrank_fsdp_offload,FSDP+offload,"[1048576,2097152)",post_optimizer_step
1,active_allocated,FullRank,0,memlive_3b_fullrank_fsdp_offload,FSDP+offload,"[128,256)",post_optimizer_step
6,active_allocated,FullRank,0,memlive_3b_fullrank_fsdp_offload,FSDP+offload,"[134217728,268435456)",post_optimizer_step
1,active_allocated,FullRank,0,memlive_3b_fullrank_fsdp_offload,FSDP+offload,"[2147483648,4294967296)",post_optimizer_step
1,active_allocated,FullRank,0,memlive_3b_fullrank_fsdp_offload,FSDP+offload,"[262144,524288)",post_optimizer_step
1,active_allocated,FullRank,0,memlive_3b_fullrank_fsdp_offload,FSDP+offload,"[268435456,536870912)",post_optimizer_step
24,active_allocated,FullRank,0,memlive_3b_fullrank_fsdp_offload,FSDP+offload,"[33554432,67108864)",post_optimizer_step
3,active_allocated,FullRank,0,memlive_3b_fullrank_fsdp_offload,FSDP+offload,"[4,8)",post_optimizer_step
1,active_allocated,FullRank,0,memlive_3b_fullrank_fsdp_offload,FSDP+offload,"[4096,8192)",post_optimizer_step
26,active_allocated,FullRank,0,memlive_3b_fullrank_fsdp_offload,FSDP+offload,"[67108864,134217728)",post_optimizer_step
2,active_allocated,FullRank,0,memlive_3b_fullrank_fsdp_offload,FSDP+offload,"[8,16)",post_optimizer_step
3,active_allocated,FullRank,0,memlive_3b_fullrank_fsdp_offload,FSDP+offload,"[8192,16384)",post_optimizer_step
2,active_allocated,FullRank,0,memlive_3b_fullrank_fsdp_offload,FSDP+offload,"[8388608,16777216)",post_optimizer_step
1,active_allocated,FullRank,0,memlive_3b_fullrank_fsdp_offload,FSDP+offload,"[1,2)",post_optimizer_step
1,active_allocated,FullRank,0,memlive_3b_fullrank_fsdp_offload,FSDP+offload,"[1048576,2097152)",post_optimizer_step
1,active_allocated,FullRank,0,memlive_3b_fullrank_fsdp_offload,FSDP+offload,"[128,256)",post_optimizer_step
6,active_allocated,FullRank,0,memlive_3b_fullrank_fsdp_offload,FSDP+offload,"[134217728,268435456)",post_optimizer_step
1,active_allocated,FullRank,0,memlive_3b_fullrank_fsdp_offload,FSDP+offload,"[2147483648,4294967296)",post_optimizer_step
1,active_allocated,FullRank,0,memlive_3b_fullrank_fsdp_offload,FSDP+offload,"[262144,524288)",post_optimizer_step
1,active_allocated,FullRank,0,memlive_3b_fullrank_fsdp_offload,FSDP+offload,"[268435456,536870912)",post_optimizer_step
24,active_allocated,FullRank,0,memlive_3b_fullrank_fsdp_offload,FSDP+offload,"[33554432,67108864)",post_optimizer_step
3,active_allocated,FullRank,0,memlive_3b_fullrank_fsdp_offload,FSDP+offload,"[4,8)",post_optimizer_step
1,active_allocated,FullRank,0,memlive_3b_fullrank_fsdp_offload,FSDP+offload,"[4096,8192)",post_optimizer_step
26,active_allocated,FullRank,0,memlive_3b_fullrank_fsdp_offload,FSDP+offload,"[67108864,134217728)",post_optimizer_step
2,active_allocated,FullRank,0,memlive_3b_fullrank_fsdp_offload,FSDP+offload,"[8,16)",post_optimizer_step
3,active_allocated,FullRank,0,memlive_3b_fullrank_fsdp_offload,FSDP+offload,"[8192,16384)",post_optimizer_step
2,active_allocated,FullRank,0,memlive_3b_fullrank_fsdp_offload,FSDP+offload,"[8388608,16777216)",post_optimizer_step
1,active_allocated,FullRank,0,memlive_3b_fullrank_fsdp_offload,FSDP+offload,"[1,2)",post_optimizer_step
1,active_allocated,FullRank,0,memlive_3b_fullrank_fsdp_offload,FSDP+offload,"[1048576,2097152)",post_optimizer_step
1,active_allocated,FullRank,0,memlive_3b_fullrank_fsdp_offload,FSDP+offload,"[128,256)",post_optimizer_step
6,active_allocated,FullRank,0,memlive_3b_fullrank_fsdp_offload,FSDP+offload,"[134217728,268435456)",post_optimizer_step
1,active_allocated,FullRank,0,memlive_3b_fullrank_fsdp_offload,FSDP+offload,"[2147483648,4294967296)",post_optimizer_step
1,active_allocated,FullRank,0,memlive_3b_fullrank_fsdp_offload,FSDP+offload,"[262144,524288)",post_optimizer_step
1,active_allocated,FullRank,0,memlive_3b_fullrank_fsdp_offload,FSDP+offload,"[268435456,536870912)",post_optimizer_step
24,active_allocated,FullRank,0,memlive_3b_fullrank_fsdp_offload,FSDP+offload,"[33554432,67108864)",post_optimizer_step
3,active_allocated,FullRank,0,memlive_3b_fullrank_fsdp_offload,FSDP+offload,"[4,8)",post_optimizer_step
1,active_allocated,FullRank,0,memlive_3b_fullrank_fsdp_offload,FSDP+offload,"[4096,8192)",post_optimizer_step
26,active_allocated,FullRank,0,memlive_3b_fullrank_fsdp_offload,FSDP+offload,"[67108864,134217728)",post_optimizer_step
2,active_allocated,FullRank,0,memlive_3b_fullrank_fsdp_offload,FSDP+offload,"[8,16)",post_optimizer_step
3,active_allocated,FullRank,0,memlive_3b_fullrank_fsdp_offload,FSDP+offload,"[8192,16384)",post_optimizer_step
2,active_allocated,FullRank,0,memlive_3b_fullrank_fsdp_offload,FSDP+offload,"[8388608,16777216)",post_optimizer_step
1,active_allocated,FullRank,0,memlive_3b_fullrank_fsdp_offload,FSDP+offload,"[1,2)",post_optimizer_step
1,active_allocated,FullRank,0,memlive_3b_fullrank_fsdp_offload,FSDP+offload,"[1048576,2097152)",post_optimizer_step
1,active_allocated,FullRank,0,memlive_3b_fullrank_fsdp_offload,FSDP+offload,"[128,256)",post_optimizer_step
6,active_allocated,FullRank,0,memlive_3b_fullrank_fsdp_offload,FSDP+offload,"[134217728,268435456)",post_optimizer_step
1,active_allocated,FullRank,0,memlive_3b_fullrank_fsdp_offload,FSDP+offload,"[2147483648,4294967296)",post_optimizer_step
1,active_allocated,FullRank,0,memlive_3b_fullrank_fsdp_offload,FSDP+offload,"[262144,524288)",post_optimizer_step
1,active_allocated,FullRank,0,memlive_3b_fullrank_fsdp_offload,FSDP+offload,"[268435456,536870912)",post_optimizer_step
24,active_allocated,FullRank,0,memlive_3b_fullrank_fsdp_offload,FSDP+offload,"[33554432,67108864)",post_optimizer_step
3,active_allocated,FullRank,0,memlive_3b_fullrank_fsdp_offload,FSDP+offload,"[4,8)",post_optimizer_step
1,active_allocated,FullRank,0,memlive_3b_fullrank_fsdp_offload,FSDP+offload,"[4096,8192)",post_optimizer_step
26,active_allocated,FullRank,0,memlive_3b_fullrank_fsdp_offload,FSDP+offload,"[67108864,134217728)",post_optimizer_step
2,active_allocated,FullRank,0,memlive_3b_fullrank_fsdp_offload,FSDP+offload,"[8,16)",post_optimizer_step
3,active_allocated,FullRank,0,memlive_3b_fullrank_fsdp_offload,FSDP+offload,"[8192,16384)",post_optimizer_step
2,active_allocated,FullRank,0,memlive_3b_fullrank_fsdp_offload,FSDP+offload,"[8388608,16777216)",post_optimizer_step
1,active_allocated,FullRank,0,memlive_3b_fullrank_fsdp_offload,FSDP+offload,"[1,2)",post_optimizer_step
1,active_allocated,FullRank,0,memlive_3b_fullrank_fsdp_offload,FSDP+offload,"[1048576,2097152)",post_optimizer_step
1,active_allocated,FullRank,0,memlive_3b_fullrank_fsdp_offload,FSDP+offload,"[128,256)",post_optimizer_step
6,active_allocated,FullRank,0,memlive_3b_fullrank_fsdp_offload,FSDP+offload,"[134217728,268435456)",post_optimizer_step
1,active_allocated,FullRank,0,memlive_3b_fullrank_fsdp_offload,FSDP+offload,"[2147483648,4294967296)",post_optimizer_step
1,active_allocated,FullRank,0,memlive_3b_fullrank_fsdp_offload,FSDP+offload,"[262144,524288)",post_optimizer_step
1,active_allocated,FullRank,0,memlive_3b_fullrank_fsdp_offload,FSDP+offload,"[268435456,536870912)",post_optimizer_step
24,active_allocated,FullRank,0,memlive_3b_fullrank_fsdp_offload,FSDP+offload,"[33554432,67108864)",post_optimizer_step
3,active_allocated,FullRank,0,memlive_3b_fullrank_fsdp_offload,FSDP+offload,"[4,8)",post_optimizer_step
1,active_allocated,FullRank,0,memlive_3b_fullrank_fsdp_offload,FSDP+offload,"[4096,8192)",post_optimizer_step
26,active_allocated,FullRank,0,memlive_3b_fullrank_fsdp_offload,FSDP+offload,"[67108864,134217728)",post_optimizer_step
2,active_allocated,FullRank,0,memlive_3b_fullrank_fsdp_offload,FSDP+offload,"[8,16)",post_optimizer_step
3,active_allocated,FullRank,0,memlive_3b_fullrank_fsdp_offload,FSDP+offload,"[8192,16384)",post_optimizer_step
2,active_allocated,FullRank,0,memlive_3b_fullrank_fsdp_offload,FSDP+offload,"[8388608,16777216)",post_optimizer_step
1,active_allocated,FullRank,0,memlive_3b_fullrank_fsdp_offload,FSDP+offload,"[1,2)",post_optimizer_step
1,active_allocated,FullRank,0,memlive_3b_fullrank_fsdp_offload,FSDP+offload,"[1048576,2097152)",post_optimizer_step
1,active_allocated,FullRank,0,memlive_3b_fullrank_fsdp_offload,FSDP+offload,"[128,256)",post_optimizer_step
6,active_allocated,FullRank,0,memlive_3b_fullrank_fsdp_offload,FSDP+offload,"[134217728,268435456)",post_optimizer_step
1,active_allocated,FullRank,0,memlive_3b_fullrank_fsdp_offload,FSDP+offload,"[2147483648,4294967296)",post_optimizer_step
1,active_allocated,FullRank,0,memlive_3b_fullrank_fsdp_offload,FSDP+offload,"[262144,524288)",post_optimizer_step
1,active_allocated,FullRank,0,memlive_3b_fullrank_fsdp_offload,FSDP+offload,"[268435456,536870912)",post_optimizer_step
24,active_allocated,FullRank,0,memlive_3b_fullrank_fsdp_offload,FSDP+offload,"[33554432,67108864)",post_optimizer_step
3,active_allocated,FullRank,0,memlive_3b_fullrank_fsdp_offload,FSDP+offload,"[4,8)",post_optimizer_step
1,active_allocated,FullRank,0,memlive_3b_fullrank_fsdp_offload,FSDP+offload,"[4096,8192)",post_optimizer_step
26,active_allocated,FullRank,0,memlive_3b_fullrank_fsdp_offload,FSDP+offload,"[67108864,134217728)",post_optimizer_step
2,active_allocated,FullRank,0,memlive_3b_fullrank_fsdp_offload,FSDP+offload,"[8,16)",post_optimizer_step
3,active_allocated,FullRank,0,memlive_3b_fullrank_fsdp_offload,FSDP+offload,"[8192,16384)",post_optimizer_step
2,active_allocated,FullRank,0,memlive_3b_fullrank_fsdp_offload,FSDP+offload,"[8388608,16777216)",post_optimizer_step
1,active_allocated,FullRank,0,memlive_3b_fullrank_fsdp_offload,FSDP+offload,"[1,2)",post_optimizer_step
1,active_allocated,FullRank,0,memlive_3b_fullrank_fsdp_offload,FSDP+offload,"[1048576,2097152)",post_optimizer_step
1,active_allocated,FullRank,0,memlive_3b_fullrank_fsdp_offload,FSDP+offload,"[128,256)",post_optimizer_step
6,active_allocated,FullRank,0,memlive_3b_fullrank_fsdp_offload,FSDP+offload,"[134217728,268435456)",post_optimizer_step
1,active_allocated,FullRank,0,memlive_3b_fullrank_fsdp_offload,FSDP+offload,"[2147483648,4294967296)",post_optimizer_step
1,active_allocated,FullRank,0,memlive_3b_fullrank_fsdp_offload,FSDP+offload,"[262144,524288)",post_optimizer_step
1,active_allocated,FullRank,0,memlive_3b_fullrank_fsdp_offload,FSDP+offload,"[268435456,536870912)",post_optimizer_step
24,active_allocated,FullRank,0,memlive_3b_fullrank_fsdp_offload,FSDP+offload,"[33554432,67108864)",post_optimizer_step
3,active_allocated,FullRank,0,memlive_3b_fullrank_fsdp_offload,FSDP+offload,"[4,8)",post_optimizer_step
1,active_allocated,FullRank,0,memlive_3b_fullrank_fsdp_offload,FSDP+offload,"[4096,8192)",post_optimizer_step
26,active_allocated,FullRank,0,memlive_3b_fullrank_fsdp_offload,FSDP+offload,"[67108864,134217728)",post_optimizer_step
2,active_allocated,FullRank,0,memlive_3b_fullrank_fsdp_offload,FSDP+offload,"[8,16)",post_optimizer_step
3,active_allocated,FullRank,0,memlive_3b_fullrank_fsdp_offload,FSDP+offload,"[8192,16384)",post_optimizer_step
2,active_allocated,FullRank,0,memlive_3b_fullrank_fsdp_offload,FSDP+offload,"[8388608,16777216)",post_optimizer_step
1,active_allocated,FullRank,0,memlive_3b_fullrank_fsdp_offload,FSDP+offload,"[1,2)",post_optimizer_step
1,active_allocated,FullRank,0,memlive_3b_fullrank_fsdp_offload,FSDP+offload,"[1048576,2097152)",post_optimizer_step
1,active_allocated,FullRank,0,memlive_3b_fullrank_fsdp_offload,FSDP+offload,"[128,256)",post_optimizer_step
6,active_allocated,FullRank,0,memlive_3b_fullrank_fsdp_offload,FSDP+offload,"[134217728,268435456)",post_optimizer_step
1,active_allocated,FullRank,0,memlive_3b_fullrank_fsdp_offload,FSDP+offload,"[2147483648,4294967296)",post_optimizer_step
1,active_allocated,FullRank,0,memlive_3b_fullrank_fsdp_offload,FSDP+offload,"[262144,524288)",post_optimizer_step
1,active_allocated,FullRank,0,memlive_3b_fullrank_fsdp_offload,FSDP+offload,"[268435456,536870912)",post_optimizer_step
24,active_allocated,FullRank,0,memlive_3b_fullrank_fsdp_offload,FSDP+offload,"[33554432,67108864)",post_optimizer_step
3,active_allocated,FullRank,0,memlive_3b_fullrank_fsdp_offload,FSDP+offload,"[4,8)",post_optimizer_step
1,active_allocated,FullRank,0,memlive_3b_fullrank_fsdp_offload,FSDP+offload,"[4096,8192)",post_optimizer_step
26,active_allocated,FullRank,0,memlive_3b_fullrank_fsdp_offload,FSDP+offload,"[67108864,134217728)",post_optimizer_step
2,active_allocated,FullRank,0,memlive_3b_fullrank_fsdp_offload,FSDP+offload,"[8,16)",post_optimizer_step
3,active_allocated,FullRank,0,memlive_3b_fullrank_fsdp_offload,FSDP+offload,"[8192,16384)",post_optimizer_step
2,active_allocated,FullRank,0,memlive_3b_fullrank_fsdp_offload,FSDP+offload,"[8388608,16777216)",post_optimizer_step
1,active_allocated,FullRank,0,memlive_3b_fullrank_fsdp_offload,FSDP+offload,"[1,2)",post_optimizer_step
1,active_allocated,FullRank,0,memlive_3b_fullrank_fsdp_offload,FSDP+offload,"[1048576,2097152)",post_optimizer_step
1,active_allocated,FullRank,0,memlive_3b_fullrank_fsdp_offload,FSDP+offload,"[128,256)",post_optimizer_step
6,active_allocated,FullRank,0,memlive_3b_fullrank_fsdp_offload,FSDP+offload,"[134217728,268435456)",post_optimizer_step
1,active_allocated,FullRank,0,memlive_3b_fullrank_fsdp_offload,FSDP+offload,"[2147483648,4294967296)",post_optimizer_step
1,active_allocated,FullRank,0,memlive_3b_fullrank_fsdp_offload,FSDP+offload,"[262144,524288)",post_optimizer_step
1,active_allocated,FullRank,0,memlive_3b_fullrank_fsdp_offload,FSDP+offload,"[268435456,536870912)",post_optimizer_step
24,active_allocated,FullRank,0,memlive_3b_fullrank_fsdp_offload,FSDP+offload,"[33554432,67108864)",post_optimizer_step
3,active_allocated,FullRank,0,memlive_3b_fullrank_fsdp_offload,FSDP+offload,"[4,8)",post_optimizer_step
1,active_allocated,FullRank,0,memlive_3b_fullrank_fsdp_offload,FSDP+offload,"[4096,8192)",post_optimizer_step
26,active_allocated,FullRank,0,memlive_3b_fullrank_fsdp_offload,FSDP+offload,"[67108864,134217728)",post_optimizer_step
2,active_allocated,FullRank,0,memlive_3b_fullrank_fsdp_offload,FSDP+offload,"[8,16)",post_optimizer_step
3,active_allocated,FullRank,0,memlive_3b_fullrank_fsdp_offload,FSDP+offload,"[8192,16384)",post_optimizer_step
2,active_allocated,FullRank,0,memlive_3b_fullrank_fsdp_offload,FSDP+offload,"[8388608,16777216)",post_optimizer_step
1,active_allocated,FullRank,0,memlive_3b_fullrank_fsdp_offload,FSDP+offload,"[1,2)",post_optimizer_step
1,active_allocated,FullRank,0,memlive_3b_fullrank_fsdp_offload,FSDP+offload,"[1048576,2097152)",post_optimizer_step
1,active_allocated,FullRank,0,memlive_3b_fullrank_fsdp_offload,FSDP+offload,"[128,256)",post_optimizer_step
6,active_allocated,FullRank,0,memlive_3b_fullrank_fsdp_offload,FSDP+offload,"[134217728,268435456)",post_optimizer_step
1,active_allocated,FullRank,0,memlive_3b_fullrank_fsdp_offload,FSDP+offload,"[2147483648,4294967296)",post_optimizer_step
1,active_allocated,FullRank,0,memlive_3b_fullrank_fsdp_offload,FSDP+offload,"[262144,524288)",post_optimizer_step
1,active_allocated,FullRank,0,memlive_3b_fullrank_fsdp_offload,FSDP+offload,"[268435456,536870912)",post_optimizer_step
24,active_allocated,FullRank,0,memlive_3b_fullrank_fsdp_offload,FSDP+offload,"[33554432,67108864)",post_optimizer_step
3,active_allocated,FullRank,0,memlive_3b_fullrank_fsdp_offload,FSDP+offload,"[4,8)",post_optimizer_step
1,active_allocated,FullRank,0,memlive_3b_fullrank_fsdp_offload,FSDP+offload,"[4096,8192)",post_optimizer_step
26,active_allocated,FullRank,0,memlive_3b_fullrank_fsdp_offload,FSDP+offload,"[67108864,134217728)",post_optimizer_step
2,active_allocated,FullRank,0,memlive_3b_fullrank_fsdp_offload,FSDP+offload,"[8,16)",post_optimizer_step
3,active_allocated,FullRank,0,memlive_3b_fullrank_fsdp_offload,FSDP+offload,"[8192,16384)",post_optimizer_step
2,active_allocated,FullRank,0,memlive_3b_fullrank_fsdp_offload,FSDP+offload,"[8388608,16777216)",post_optimizer_step
1,active_allocated,FullRank,0,memlive_3b_fullrank_fsdp_offload,FSDP+offload,"[1,2)",post_optimizer_step
1,active_allocated,FullRank,0,memlive_3b_fullrank_fsdp_offload,FSDP+offload,"[1048576,2097152)",post_optimizer_step
1,active_allocated,FullRank,0,memlive_3b_fullrank_fsdp_offload,FSDP+offload,"[128,256)",post_optimizer_step
6,active_allocated,FullRank,0,memlive_3b_fullrank_fsdp_offload,FSDP+offload,"[134217728,268435456)",post_optimizer_step
1,active_allocated,FullRank,0,memlive_3b_fullrank_fsdp_offload,FSDP+offload,"[2147483648,4294967296)",post_optimizer_step
1,active_allocated,FullRank,0,memlive_3b_fullrank_fsdp_offload,FSDP+offload,"[262144,524288)",post_optimizer_step
1,active_allocated,FullRank,0,memlive_3b_fullrank_fsdp_offload,FSDP+offload,"[268435456,536870912)",post_optimizer_step
24,active_allocated,FullRank,0,memlive_3b_fullrank_fsdp_offload,FSDP+offload,"[33554432,67108864)",post_optimizer_step
3,active_allocated,FullRank,0,memlive_3b_fullrank_fsdp_offload,FSDP+offload,"[4,8)",post_optimizer_step
1,active_allocated,FullRank,0,memlive_3b_fullrank_fsdp_offload,FSDP+offload,"[4096,8192)",post_optimizer_step
26,active_allocated,FullRank,0,memlive_3b_fullrank_fsdp_offload,FSDP+offload,"[67108864,134217728)",post_optimizer_step
2,active_allocated,FullRank,0,memlive_3b_fullrank_fsdp_offload,FSDP+offload,"[8,16)",post_optimizer_step
3,active_allocated,FullRank,0,memlive_3b_fullrank_fsdp_offload,FSDP+offload,"[8192,16384)",post_optimizer_step
2,active_allocated,FullRank,0,memlive_3b_fullrank_fsdp_offload,FSDP+offload,"[8388608,16777216)",post_optimizer_step
1,active_allocated,FullRank,0,memlive_3b_fullrank_fsdp_offload,FSDP+offload,"[1,2)",steady_state_after_iter_10
1,active_allocated,FullRank,0,memlive_3b_fullrank_fsdp_offload,FSDP+offload,"[1048576,2097152)",steady_state_after_iter_10
1,active_allocated,FullRank,0,memlive_3b_fullrank_fsdp_offload,FSDP+offload,"[128,256)",steady_state_after_iter_10
6,active_allocated,FullRank,0,memlive_3b_fullrank_fsdp_offload,FSDP+offload,"[134217728,268435456)",steady_state_after_iter_10
1,active_allocated,FullRank,0,memlive_3b_fullrank_fsdp_offload,FSDP+offload,"[2147483648,4294967296)",steady_state_after_iter_10
1,active_allocated,FullRank,0,memlive_3b_fullrank_fsdp_offload,FSDP+offload,"[262144,524288)",steady_state_after_iter_10
1,active_allocated,FullRank,0,memlive_3b_fullrank_fsdp_offload,FSDP+offload,"[268435456,536870912)",steady_state_after_iter_10
24,active_allocated,FullRank,0,memlive_3b_fullrank_fsdp_offload,FSDP+offload,"[33554432,67108864)",steady_state_after_iter_10
3,active_allocated,FullRank,0,memlive_3b_fullrank_fsdp_offload,FSDP+offload,"[4,8)",steady_state_after_iter_10
1,active_allocated,FullRank,0,memlive_3b_fullrank_fsdp_offload,FSDP+offload,"[4096,8192)",steady_state_after_iter_10
26,active_allocated,FullRank,0,memlive_3b_fullrank_fsdp_offload,FSDP+offload,"[67108864,134217728)",steady_state_after_iter_10
1,active_allocated,FullRank,0,memlive_3b_fullrank_fsdp_offload,FSDP+offload,"[8,16)",steady_state_after_iter_10
3,active_allocated,FullRank,0,memlive_3b_fullrank_fsdp_offload,FSDP+offload,"[8192,16384)",steady_state_after_iter_10
2,active_allocated,FullRank,0,memlive_3b_fullrank_fsdp_offload,FSDP+offload,"[8388608,16777216)",steady_state_after_iter_10
