active_allocated_bytes,active_allocated_gb,active_block_count,allocated_bytes,allocated_gb,inactive_split_block_count,inactive_split_bytes,inactive_split_gb,iteration,largest_free_block_bytes,largest_free_block_gb,max_reserved_max_allocated_gap_bytes,max_reserved_max_allocated_gap_gb,model_impl,rank,reserved_allocated_gap_bytes,reserved_allocated_gap_gb,reserved_bytes,reserved_gb,reserved_inactive_bytes,reserved_inactive_gb,run_id,runtime_mode,snapshot_path,snapshot_phase,snapshot_status,stats_path
9740018688,9.071099281311035,83,9740018176,9.071098804473877,0,284367872,0.26483821868896484,0,257949696,0.240234375,331082752,0.30834484100341797,CoLA,0,6095576576,5.676948070526123,15835594752,14.748046875,6095576576,5.676948070526123,memlive_3b_cola_distopt,DistOpt,/home/zhengyangwang/offloading/ATC-Megatron/benchmarks/0525/memory_liveness_20260526T040751Z/raw/memlive_3b_cola_distopt/post_backward_iter000000_rank00000_of00004.pickle,post_backward,ok,/home/zhengyangwang/offloading/ATC-Megatron/benchmarks/0525/memory_liveness_20260526T040751Z/raw/memlive_3b_cola_distopt/post_backward_iter000000_rank00000_of00004.stats.json
12502634496,11.643985748291016,217,12502633984,11.643985271453857,0,531165184,0.4946861267089844,1,257949696,0.240234375,497188864,0.463043212890625,CoLA,0,6268973568,5.838436603546143,18771607552,17.482421875,6268973568,5.838436603546143,memlive_3b_cola_distopt,DistOpt,/home/zhengyangwang/offloading/ATC-Megatron/benchmarks/0525/memory_liveness_20260526T040751Z/raw/memlive_3b_cola_distopt/post_backward_iter000001_rank00000_of00004.pickle,post_backward,ok,/home/zhengyangwang/offloading/ATC-Megatron/benchmarks/0525/memory_liveness_20260526T040751Z/raw/memlive_3b_cola_distopt/post_backward_iter000001_rank00000_of00004.stats.json
12502634496,11.643985748291016,217,12502633984,11.643985271453857,0,531165184,0.4946861267089844,2,257949696,0.240234375,702709760,0.654449462890625,CoLA,0,6474494464,6.029842853546143,18977128448,17.673828125,6474494464,6.029842853546143,memlive_3b_cola_distopt,DistOpt,/home/zhengyangwang/offloading/ATC-Megatron/benchmarks/0525/memory_liveness_20260526T040751Z/raw/memlive_3b_cola_distopt/post_backward_iter000002_rank00000_of00004.pickle,post_backward,ok,/home/zhengyangwang/offloading/ATC-Megatron/benchmarks/0525/memory_liveness_20260526T040751Z/raw/memlive_3b_cola_distopt/post_backward_iter000002_rank00000_of00004.stats.json
12502634496,11.643985748291016,217,12502633984,11.643985271453857,0,531165184,0.4946861267089844,3,257949696,0.240234375,702709760,0.654449462890625,CoLA,0,6474494464,6.029842853546143,18977128448,17.673828125,6474494464,6.029842853546143,memlive_3b_cola_distopt,DistOpt,/home/zhengyangwang/offloading/ATC-Megatron/benchmarks/0525/memory_liveness_20260526T040751Z/raw/memlive_3b_cola_distopt/post_backward_iter000003_rank00000_of00004.pickle,post_backward,ok,/home/zhengyangwang/offloading/ATC-Megatron/benchmarks/0525/memory_liveness_20260526T040751Z/raw/memlive_3b_cola_distopt/post_backward_iter000003_rank00000_of00004.stats.json
12502634496,11.643985748291016,217,12502633984,11.643985271453857,0,531165184,0.4946861267089844,4,257949696,0.240234375,702709760,0.654449462890625,CoLA,0,6474494464,6.029842853546143,18977128448,17.673828125,6474494464,6.029842853546143,memlive_3b_cola_distopt,DistOpt,/home/zhengyangwang/offloading/ATC-Megatron/benchmarks/0525/memory_liveness_20260526T040751Z/raw/memlive_3b_cola_distopt/post_backward_iter000004_rank00000_of00004.pickle,post_backward,ok,/home/zhengyangwang/offloading/ATC-Megatron/benchmarks/0525/memory_liveness_20260526T040751Z/raw/memlive_3b_cola_distopt/post_backward_iter000004_rank00000_of00004.stats.json
12502634496,11.643985748291016,217,12502633984,11.643985271453857,0,531165184,0.4946861267089844,5,257949696,0.240234375,702709760,0.654449462890625,CoLA,0,6474494464,6.029842853546143,18977128448,17.673828125,6474494464,6.029842853546143,memlive_3b_cola_distopt,DistOpt,/home/zhengyangwang/offloading/ATC-Megatron/benchmarks/0525/memory_liveness_20260526T040751Z/raw/memlive_3b_cola_distopt/post_backward_iter000005_rank00000_of00004.pickle,post_backward,ok,/home/zhengyangwang/offloading/ATC-Megatron/benchmarks/0525/memory_liveness_20260526T040751Z/raw/memlive_3b_cola_distopt/post_backward_iter000005_rank00000_of00004.stats.json
12502634496,11.643985748291016,217,12502633984,11.643985271453857,0,531165184,0.4946861267089844,6,257949696,0.240234375,702709760,0.654449462890625,CoLA,0,6474494464,6.029842853546143,18977128448,17.673828125,6474494464,6.029842853546143,memlive_3b_cola_distopt,DistOpt,/home/zhengyangwang/offloading/ATC-Megatron/benchmarks/0525/memory_liveness_20260526T040751Z/raw/memlive_3b_cola_distopt/post_backward_iter000006_rank00000_of00004.pickle,post_backward,ok,/home/zhengyangwang/offloading/ATC-Megatron/benchmarks/0525/memory_liveness_20260526T040751Z/raw/memlive_3b_cola_distopt/post_backward_iter000006_rank00000_of00004.stats.json
12502634496,11.643985748291016,217,12502633984,11.643985271453857,0,531165184,0.4946861267089844,7,257949696,0.240234375,702709760,0.654449462890625,CoLA,0,6474494464,6.029842853546143,18977128448,17.673828125,6474494464,6.029842853546143,memlive_3b_cola_distopt,DistOpt,/home/zhengyangwang/offloading/ATC-Megatron/benchmarks/0525/memory_liveness_20260526T040751Z/raw/memlive_3b_cola_distopt/post_backward_iter000007_rank00000_of00004.pickle,post_backward,ok,/home/zhengyangwang/offloading/ATC-Megatron/benchmarks/0525/memory_liveness_20260526T040751Z/raw/memlive_3b_cola_distopt/post_backward_iter000007_rank00000_of00004.stats.json
12502634496,11.643985748291016,217,12502633984,11.643985271453857,0,531165184,0.4946861267089844,8,257949696,0.240234375,702709760,0.654449462890625,CoLA,0,6474494464,6.029842853546143,18977128448,17.673828125,6474494464,6.029842853546143,memlive_3b_cola_distopt,DistOpt,/home/zhengyangwang/offloading/ATC-Megatron/benchmarks/0525/memory_liveness_20260526T040751Z/raw/memlive_3b_cola_distopt/post_backward_iter000008_rank00000_of00004.pickle,post_backward,ok,/home/zhengyangwang/offloading/ATC-Megatron/benchmarks/0525/memory_liveness_20260526T040751Z/raw/memlive_3b_cola_distopt/post_backward_iter000008_rank00000_of00004.stats.json
12502634496,11.643985748291016,217,12502633984,11.643985271453857,0,531165184,0.4946861267089844,9,257949696,0.240234375,702709760,0.654449462890625,CoLA,0,6474494464,6.029842853546143,18977128448,17.673828125,6474494464,6.029842853546143,memlive_3b_cola_distopt,DistOpt,/home/zhengyangwang/offloading/ATC-Megatron/benchmarks/0525/memory_liveness_20260526T040751Z/raw/memlive_3b_cola_distopt/post_backward_iter000009_rank00000_of00004.pickle,post_backward,ok,/home/zhengyangwang/offloading/ATC-Megatron/benchmarks/0525/memory_liveness_20260526T040751Z/raw/memlive_3b_cola_distopt/post_backward_iter000009_rank00000_of00004.stats.json
12502634496,11.643985748291016,217,12502633984,11.643985271453857,0,531165184,0.4946861267089844,10,257949696,0.240234375,702709760,0.654449462890625,CoLA,0,6474494464,6.029842853546143,18977128448,17.673828125,6474494464,6.029842853546143,memlive_3b_cola_distopt,DistOpt,/home/zhengyangwang/offloading/ATC-Megatron/benchmarks/0525/memory_liveness_20260526T040751Z/raw/memlive_3b_cola_distopt/post_backward_iter000010_rank00000_of00004.pickle,post_backward,ok,/home/zhengyangwang/offloading/ATC-Megatron/benchmarks/0525/memory_liveness_20260526T040751Z/raw/memlive_3b_cola_distopt/post_backward_iter000010_rank00000_of00004.stats.json
12502634496,11.643985748291016,217,12502633984,11.643985271453857,0,531165184,0.4946861267089844,11,257949696,0.240234375,702709760,0.654449462890625,CoLA,0,6474494464,6.029842853546143,18977128448,17.673828125,6474494464,6.029842853546143,memlive_3b_cola_distopt,DistOpt,/home/zhengyangwang/offloading/ATC-Megatron/benchmarks/0525/memory_liveness_20260526T040751Z/raw/memlive_3b_cola_distopt/post_backward_iter000011_rank00000_of00004.pickle,post_backward,ok,/home/zhengyangwang/offloading/ATC-Megatron/benchmarks/0525/memory_liveness_20260526T040751Z/raw/memlive_3b_cola_distopt/post_backward_iter000011_rank00000_of00004.stats.json
9654383104,8.991344928741455,73,9654382592,8.991344451904297,0,153996800,0.14342069625854492,0,20971520,0.01953125,594832896,0.5539813041687012,CoLA,0,2064502784,1.9227180480957031,11718885376,10.9140625,2064502784,1.9227180480957031,memlive_3b_cola_distopt,DistOpt,/home/zhengyangwang/offloading/ATC-Megatron/benchmarks/0525/memory_liveness_20260526T040751Z/raw/memlive_3b_cola_distopt/post_init_iter000000_rank00000_of00004.pickle,post_init,ok,/home/zhengyangwang/offloading/ATC-Megatron/benchmarks/0525/memory_liveness_20260526T040751Z/raw/memlive_3b_cola_distopt/post_init_iter000000_rank00000_of00004.stats.json
12502633472,11.6439847946167,215,12502632960,11.643984317779541,0,531166208,0.4946870803833008,0,257949696,0.240234375,1153166336,1.073969841003418,CoLA,0,4155045376,3.869687557220459,16657678336,15.513671875,4155045376,3.869687557220459,memlive_3b_cola_distopt,DistOpt,/home/zhengyangwang/offloading/ATC-Megatron/benchmarks/0525/memory_liveness_20260526T040751Z/raw/memlive_3b_cola_distopt/post_optimizer_step_iter000000_rank00000_of00004.pickle,post_optimizer_step,ok,/home/zhengyangwang/offloading/ATC-Megatron/benchmarks/0525/memory_liveness_20260526T040751Z/raw/memlive_3b_cola_distopt/post_optimizer_step_iter000000_rank00000_of00004.stats.json
12502634496,11.643985748291016,217,12502633984,11.643985271453857,0,531165184,0.4946861267089844,1,257949696,0.240234375,497188864,0.463043212890625,CoLA,0,6268973568,5.838436603546143,18771607552,17.482421875,6268973568,5.838436603546143,memlive_3b_cola_distopt,DistOpt,/home/zhengyangwang/offloading/ATC-Megatron/benchmarks/0525/memory_liveness_20260526T040751Z/raw/memlive_3b_cola_distopt/post_optimizer_step_iter000001_rank00000_of00004.pickle,post_optimizer_step,ok,/home/zhengyangwang/offloading/ATC-Megatron/benchmarks/0525/memory_liveness_20260526T040751Z/raw/memlive_3b_cola_distopt/post_optimizer_step_iter000001_rank00000_of00004.stats.json
12502634496,11.643985748291016,217,12502633984,11.643985271453857,0,531165184,0.4946861267089844,2,257949696,0.240234375,702709760,0.654449462890625,CoLA,0,6474494464,6.029842853546143,18977128448,17.673828125,6474494464,6.029842853546143,memlive_3b_cola_distopt,DistOpt,/home/zhengyangwang/offloading/ATC-Megatron/benchmarks/0525/memory_liveness_20260526T040751Z/raw/memlive_3b_cola_distopt/post_optimizer_step_iter000002_rank00000_of00004.pickle,post_optimizer_step,ok,/home/zhengyangwang/offloading/ATC-Megatron/benchmarks/0525/memory_liveness_20260526T040751Z/raw/memlive_3b_cola_distopt/post_optimizer_step_iter000002_rank00000_of00004.stats.json
12502634496,11.643985748291016,217,12502633984,11.643985271453857,0,531165184,0.4946861267089844,3,257949696,0.240234375,702709760,0.654449462890625,CoLA,0,6474494464,6.029842853546143,18977128448,17.673828125,6474494464,6.029842853546143,memlive_3b_cola_distopt,DistOpt,/home/zhengyangwang/offloading/ATC-Megatron/benchmarks/0525/memory_liveness_20260526T040751Z/raw/memlive_3b_cola_distopt/post_optimizer_step_iter000003_rank00000_of00004.pickle,post_optimizer_step,ok,/home/zhengyangwang/offloading/ATC-Megatron/benchmarks/0525/memory_liveness_20260526T040751Z/raw/memlive_3b_cola_distopt/post_optimizer_step_iter000003_rank00000_of00004.stats.json
12502634496,11.643985748291016,217,12502633984,11.643985271453857,0,531165184,0.4946861267089844,4,257949696,0.240234375,702709760,0.654449462890625,CoLA,0,6474494464,6.029842853546143,18977128448,17.673828125,6474494464,6.029842853546143,memlive_3b_cola_distopt,DistOpt,/home/zhengyangwang/offloading/ATC-Megatron/benchmarks/0525/memory_liveness_20260526T040751Z/raw/memlive_3b_cola_distopt/post_optimizer_step_iter000004_rank00000_of00004.pickle,post_optimizer_step,ok,/home/zhengyangwang/offloading/ATC-Megatron/benchmarks/0525/memory_liveness_20260526T040751Z/raw/memlive_3b_cola_distopt/post_optimizer_step_iter000004_rank00000_of00004.stats.json
12502634496,11.643985748291016,217,12502633984,11.643985271453857,0,531165184,0.4946861267089844,5,257949696,0.240234375,702709760,0.654449462890625,CoLA,0,6474494464,6.029842853546143,18977128448,17.673828125,6474494464,6.029842853546143,memlive_3b_cola_distopt,DistOpt,/home/zhengyangwang/offloading/ATC-Megatron/benchmarks/0525/memory_liveness_20260526T040751Z/raw/memlive_3b_cola_distopt/post_optimizer_step_iter000005_rank00000_of00004.pickle,post_optimizer_step,ok,/home/zhengyangwang/offloading/ATC-Megatron/benchmarks/0525/memory_liveness_20260526T040751Z/raw/memlive_3b_cola_distopt/post_optimizer_step_iter000005_rank00000_of00004.stats.json
12502634496,11.643985748291016,217,12502633984,11.643985271453857,0,531165184,0.4946861267089844,6,257949696,0.240234375,702709760,0.654449462890625,CoLA,0,6474494464,6.029842853546143,18977128448,17.673828125,6474494464,6.029842853546143,memlive_3b_cola_distopt,DistOpt,/home/zhengyangwang/offloading/ATC-Megatron/benchmarks/0525/memory_liveness_20260526T040751Z/raw/memlive_3b_cola_distopt/post_optimizer_step_iter000006_rank00000_of00004.pickle,post_optimizer_step,ok,/home/zhengyangwang/offloading/ATC-Megatron/benchmarks/0525/memory_liveness_20260526T040751Z/raw/memlive_3b_cola_distopt/post_optimizer_step_iter000006_rank00000_of00004.stats.json
12502634496,11.643985748291016,217,12502633984,11.643985271453857,0,531165184,0.4946861267089844,7,257949696,0.240234375,702709760,0.654449462890625,CoLA,0,6474494464,6.029842853546143,18977128448,17.673828125,6474494464,6.029842853546143,memlive_3b_cola_distopt,DistOpt,/home/zhengyangwang/offloading/ATC-Megatron/benchmarks/0525/memory_liveness_20260526T040751Z/raw/memlive_3b_cola_distopt/post_optimizer_step_iter000007_rank00000_of00004.pickle,post_optimizer_step,ok,/home/zhengyangwang/offloading/ATC-Megatron/benchmarks/0525/memory_liveness_20260526T040751Z/raw/memlive_3b_cola_distopt/post_optimizer_step_iter000007_rank00000_of00004.stats.json
12502634496,11.643985748291016,217,12502633984,11.643985271453857,0,531165184,0.4946861267089844,8,257949696,0.240234375,702709760,0.654449462890625,CoLA,0,6474494464,6.029842853546143,18977128448,17.673828125,6474494464,6.029842853546143,memlive_3b_cola_distopt,DistOpt,/home/zhengyangwang/offloading/ATC-Megatron/benchmarks/0525/memory_liveness_20260526T040751Z/raw/memlive_3b_cola_distopt/post_optimizer_step_iter000008_rank00000_of00004.pickle,post_optimizer_step,ok,/home/zhengyangwang/offloading/ATC-Megatron/benchmarks/0525/memory_liveness_20260526T040751Z/raw/memlive_3b_cola_distopt/post_optimizer_step_iter000008_rank00000_of00004.stats.json
12502634496,11.643985748291016,217,12502633984,11.643985271453857,0,531165184,0.4946861267089844,9,257949696,0.240234375,702709760,0.654449462890625,CoLA,0,6474494464,6.029842853546143,18977128448,17.673828125,6474494464,6.029842853546143,memlive_3b_cola_distopt,DistOpt,/home/zhengyangwang/offloading/ATC-Megatron/benchmarks/0525/memory_liveness_20260526T040751Z/raw/memlive_3b_cola_distopt/post_optimizer_step_iter000009_rank00000_of00004.pickle,post_optimizer_step,ok,/home/zhengyangwang/offloading/ATC-Megatron/benchmarks/0525/memory_liveness_20260526T040751Z/raw/memlive_3b_cola_distopt/post_optimizer_step_iter000009_rank00000_of00004.stats.json
12502634496,11.643985748291016,217,12502633984,11.643985271453857,0,531165184,0.4946861267089844,10,257949696,0.240234375,702709760,0.654449462890625,CoLA,0,6474494464,6.029842853546143,18977128448,17.673828125,6474494464,6.029842853546143,memlive_3b_cola_distopt,DistOpt,/home/zhengyangwang/offloading/ATC-Megatron/benchmarks/0525/memory_liveness_20260526T040751Z/raw/memlive_3b_cola_distopt/post_optimizer_step_iter000010_rank00000_of00004.pickle,post_optimizer_step,ok,/home/zhengyangwang/offloading/ATC-Megatron/benchmarks/0525/memory_liveness_20260526T040751Z/raw/memlive_3b_cola_distopt/post_optimizer_step_iter000010_rank00000_of00004.stats.json
12502634496,11.643985748291016,217,12502633984,11.643985271453857,0,531165184,0.4946861267089844,11,257949696,0.240234375,702709760,0.654449462890625,CoLA,0,6474494464,6.029842853546143,18977128448,17.673828125,6474494464,6.029842853546143,memlive_3b_cola_distopt,DistOpt,/home/zhengyangwang/offloading/ATC-Megatron/benchmarks/0525/memory_liveness_20260526T040751Z/raw/memlive_3b_cola_distopt/post_optimizer_step_iter000011_rank00000_of00004.pickle,post_optimizer_step,ok,/home/zhengyangwang/offloading/ATC-Megatron/benchmarks/0525/memory_liveness_20260526T040751Z/raw/memlive_3b_cola_distopt/post_optimizer_step_iter000011_rank00000_of00004.stats.json
12502633984,11.643985271453857,216,12502633472,11.6439847946167,0,531165696,0.4946866035461426,10,257949696,0.240234375,702709760,0.654449462890625,CoLA,0,6474494976,6.029843330383301,18977128448,17.673828125,6474494976,6.029843330383301,memlive_3b_cola_distopt,DistOpt,/home/zhengyangwang/offloading/ATC-Megatron/benchmarks/0525/memory_liveness_20260526T040751Z/raw/memlive_3b_cola_distopt/steady_state_after_iter_10_iter000010_rank00000_of00004.pickle,steady_state_after_iter_10,ok,/home/zhengyangwang/offloading/ATC-Megatron/benchmarks/0525/memory_liveness_20260526T040751Z/raw/memlive_3b_cola_distopt/steady_state_after_iter_10_iter000010_rank00000_of00004.stats.json
8357236224,7.78328275680542,16,8357235712,7.783282279968262,0,272544256,0.2538266181945801,0,257949696,0.240234375,317923840,0.29608964920043945,CoLA,0,6079558656,5.662030220031738,14436794368,13.4453125,6079558656,5.662030220031738,memlive_3b_cola_distopt_offload,DistOpt+offload,/home/zhengyangwang/offloading/ATC-Megatron/benchmarks/0525/memory_liveness_20260526T040751Z/raw/memlive_3b_cola_distopt_offload/post_backward_iter000000_rank00000_of00004.pickle,post_backward,ok,/home/zhengyangwang/offloading/ATC-Megatron/benchmarks/0525/memory_liveness_20260526T040751Z/raw/memlive_3b_cola_distopt_offload/post_backward_iter000000_rank00000_of00004.stats.json
8357237248,7.783283710479736,18,8357236736,7.783283233642578,0,272543232,0.25382566452026367,1,411041792,0.3828125,728965632,0.6789021492004395,CoLA,0,6490599424,6.044841766357422,14847836160,13.828125,6490599424,6.044841766357422,memlive_3b_cola_distopt_offload,DistOpt+offload,/home/zhengyangwang/offloading/ATC-Megatron/benchmarks/0525/memory_liveness_20260526T040751Z/raw/memlive_3b_cola_distopt_offload/post_backward_iter000001_rank00000_of00004.pickle,post_backward,ok,/home/zhengyangwang/offloading/ATC-Megatron/benchmarks/0525/memory_liveness_20260526T040751Z/raw/memlive_3b_cola_distopt_offload/post_backward_iter000001_rank00000_of00004.stats.json
8357237248,7.783283710479736,18,8357236736,7.783283233642578,0,274640384,0.25577878952026367,2,411041792,0.3828125,728965632,0.6789021492004395,CoLA,0,6490599424,6.044841766357422,14847836160,13.828125,6490599424,6.044841766357422,memlive_3b_cola_distopt_offload,DistOpt+offload,/home/zhengyangwang/offloading/ATC-Megatron/benchmarks/0525/memory_liveness_20260526T040751Z/raw/memlive_3b_cola_distopt_offload/post_backward_iter000002_rank00000_of00004.pickle,post_backward,ok,/home/zhengyangwang/offloading/ATC-Megatron/benchmarks/0525/memory_liveness_20260526T040751Z/raw/memlive_3b_cola_distopt_offload/post_backward_iter000002_rank00000_of00004.stats.json
8357237248,7.783283710479736,18,8357236736,7.783283233642578,0,272543232,0.25382566452026367,3,411041792,0.3828125,728965632,0.6789021492004395,CoLA,0,6490599424,6.044841766357422,14847836160,13.828125,6490599424,6.044841766357422,memlive_3b_cola_distopt_offload,DistOpt+offload,/home/zhengyangwang/offloading/ATC-Megatron/benchmarks/0525/memory_liveness_20260526T040751Z/raw/memlive_3b_cola_distopt_offload/post_backward_iter000003_rank00000_of00004.pickle,post_backward,ok,/home/zhengyangwang/offloading/ATC-Megatron/benchmarks/0525/memory_liveness_20260526T040751Z/raw/memlive_3b_cola_distopt_offload/post_backward_iter000003_rank00000_of00004.stats.json
8357237248,7.783283710479736,18,8357236736,7.783283233642578,0,272543232,0.25382566452026367,4,411041792,0.3828125,728965632,0.6789021492004395,CoLA,0,6490599424,6.044841766357422,14847836160,13.828125,6490599424,6.044841766357422,memlive_3b_cola_distopt_offload,DistOpt+offload,/home/zhengyangwang/offloading/ATC-Megatron/benchmarks/0525/memory_liveness_20260526T040751Z/raw/memlive_3b_cola_distopt_offload/post_backward_iter000004_rank00000_of00004.pickle,post_backward,ok,/home/zhengyangwang/offloading/ATC-Megatron/benchmarks/0525/memory_liveness_20260526T040751Z/raw/memlive_3b_cola_distopt_offload/post_backward_iter000004_rank00000_of00004.stats.json
8357237248,7.783283710479736,18,8357236736,7.783283233642578,0,272543232,0.25382566452026367,5,411041792,0.3828125,728965632,0.6789021492004395,CoLA,0,6490599424,6.044841766357422,14847836160,13.828125,6490599424,6.044841766357422,memlive_3b_cola_distopt_offload,DistOpt+offload,/home/zhengyangwang/offloading/ATC-Megatron/benchmarks/0525/memory_liveness_20260526T040751Z/raw/memlive_3b_cola_distopt_offload/post_backward_iter000005_rank00000_of00004.pickle,post_backward,ok,/home/zhengyangwang/offloading/ATC-Megatron/benchmarks/0525/memory_liveness_20260526T040751Z/raw/memlive_3b_cola_distopt_offload/post_backward_iter000005_rank00000_of00004.stats.json
8357237248,7.783283710479736,18,8357236736,7.783283233642578,0,272543232,0.25382566452026367,6,411041792,0.3828125,728965632,0.6789021492004395,CoLA,0,6490599424,6.044841766357422,14847836160,13.828125,6490599424,6.044841766357422,memlive_3b_cola_distopt_offload,DistOpt+offload,/home/zhengyangwang/offloading/ATC-Megatron/benchmarks/0525/memory_liveness_20260526T040751Z/raw/memlive_3b_cola_distopt_offload/post_backward_iter000006_rank00000_of00004.pickle,post_backward,ok,/home/zhengyangwang/offloading/ATC-Megatron/benchmarks/0525/memory_liveness_20260526T040751Z/raw/memlive_3b_cola_distopt_offload/post_backward_iter000006_rank00000_of00004.stats.json
8357237248,7.783283710479736,18,8357236736,7.783283233642578,0,272543232,0.25382566452026367,7,411041792,0.3828125,728965632,0.6789021492004395,CoLA,0,6490599424,6.044841766357422,14847836160,13.828125,6490599424,6.044841766357422,memlive_3b_cola_distopt_offload,DistOpt+offload,/home/zhengyangwang/offloading/ATC-Megatron/benchmarks/0525/memory_liveness_20260526T040751Z/raw/memlive_3b_cola_distopt_offload/post_backward_iter000007_rank00000_of00004.pickle,post_backward,ok,/home/zhengyangwang/offloading/ATC-Megatron/benchmarks/0525/memory_liveness_20260526T040751Z/raw/memlive_3b_cola_distopt_offload/post_backward_iter000007_rank00000_of00004.stats.json
8357237248,7.783283710479736,18,8357236736,7.783283233642578,0,272543232,0.25382566452026367,8,411041792,0.3828125,728965632,0.6789021492004395,CoLA,0,6490599424,6.044841766357422,14847836160,13.828125,6490599424,6.044841766357422,memlive_3b_cola_distopt_offload,DistOpt+offload,/home/zhengyangwang/offloading/ATC-Megatron/benchmarks/0525/memory_liveness_20260526T040751Z/raw/memlive_3b_cola_distopt_offload/post_backward_iter000008_rank00000_of00004.pickle,post_backward,ok,/home/zhengyangwang/offloading/ATC-Megatron/benchmarks/0525/memory_liveness_20260526T040751Z/raw/memlive_3b_cola_distopt_offload/post_backward_iter000008_rank00000_of00004.stats.json
8357237248,7.783283710479736,18,8357236736,7.783283233642578,0,272543232,0.25382566452026367,9,411041792,0.3828125,728965632,0.6789021492004395,CoLA,0,6490599424,6.044841766357422,14847836160,13.828125,6490599424,6.044841766357422,memlive_3b_cola_distopt_offload,DistOpt+offload,/home/zhengyangwang/offloading/ATC-Megatron/benchmarks/0525/memory_liveness_20260526T040751Z/raw/memlive_3b_cola_distopt_offload/post_backward_iter000009_rank00000_of00004.pickle,post_backward,ok,/home/zhengyangwang/offloading/ATC-Megatron/benchmarks/0525/memory_liveness_20260526T040751Z/raw/memlive_3b_cola_distopt_offload/post_backward_iter000009_rank00000_of00004.stats.json
8357237248,7.783283710479736,18,8357236736,7.783283233642578,0,272543232,0.25382566452026367,10,411041792,0.3828125,728965632,0.6789021492004395,CoLA,0,6490599424,6.044841766357422,14847836160,13.828125,6490599424,6.044841766357422,memlive_3b_cola_distopt_offload,DistOpt+offload,/home/zhengyangwang/offloading/ATC-Megatron/benchmarks/0525/memory_liveness_20260526T040751Z/raw/memlive_3b_cola_distopt_offload/post_backward_iter000010_rank00000_of00004.pickle,post_backward,ok,/home/zhengyangwang/offloading/ATC-Megatron/benchmarks/0525/memory_liveness_20260526T040751Z/raw/memlive_3b_cola_distopt_offload/post_backward_iter000010_rank00000_of00004.stats.json
8357237248,7.783283710479736,18,8357236736,7.783283233642578,0,272543232,0.25382566452026367,11,411041792,0.3828125,728965632,0.6789021492004395,CoLA,0,6490599424,6.044841766357422,14847836160,13.828125,6490599424,6.044841766357422,memlive_3b_cola_distopt_offload,DistOpt+offload,/home/zhengyangwang/offloading/ATC-Megatron/benchmarks/0525/memory_liveness_20260526T040751Z/raw/memlive_3b_cola_distopt_offload/post_backward_iter000011_rank00000_of00004.pickle,post_backward,ok,/home/zhengyangwang/offloading/ATC-Megatron/benchmarks/0525/memory_liveness_20260526T040751Z/raw/memlive_3b_cola_distopt_offload/post_backward_iter000011_rank00000_of00004.stats.json
8271600640,7.70352840423584,6,8271600128,7.703527927398682,0,3761152,0.0035028457641601562,0,205520896,0.19140625,3436032,0.003200054168701172,CoLA,0,2855888384,2.6597533226013184,11127488512,10.36328125,2855888384,2.6597533226013184,memlive_3b_cola_distopt_offload,DistOpt+offload,/home/zhengyangwang/offloading/ATC-Megatron/benchmarks/0525/memory_liveness_20260526T040751Z/raw/memlive_3b_cola_distopt_offload/post_init_iter000000_rank00000_of00004.pickle,post_init,ok,/home/zhengyangwang/offloading/ATC-Megatron/benchmarks/0525/memory_liveness_20260526T040751Z/raw/memlive_3b_cola_distopt_offload/post_init_iter000000_rank00000_of00004.stats.json
8357236224,7.78328275680542,16,8357235712,7.783282279968262,0,272544256,0.2538266181945801,0,411041792,0.3828125,728965632,0.6789021492004395,CoLA,0,6490600448,6.044842720031738,14847836160,13.828125,6490600448,6.044842720031738,memlive_3b_cola_distopt_offload,DistOpt+offload,/home/zhengyangwang/offloading/ATC-Megatron/benchmarks/0525/memory_liveness_20260526T040751Z/raw/memlive_3b_cola_distopt_offload/post_optimizer_step_iter000000_rank00000_of00004.pickle,post_optimizer_step,ok,/home/zhengyangwang/offloading/ATC-Megatron/benchmarks/0525/memory_liveness_20260526T040751Z/raw/memlive_3b_cola_distopt_offload/post_optimizer_step_iter000000_rank00000_of00004.stats.json
8357237248,7.783283710479736,18,8357236736,7.783283233642578,0,272543232,0.25382566452026367,1,411041792,0.3828125,728965632,0.6789021492004395,CoLA,0,6490599424,6.044841766357422,14847836160,13.828125,6490599424,6.044841766357422,memlive_3b_cola_distopt_offload,DistOpt+offload,/home/zhengyangwang/offloading/ATC-Megatron/benchmarks/0525/memory_liveness_20260526T040751Z/raw/memlive_3b_cola_distopt_offload/post_optimizer_step_iter000001_rank00000_of00004.pickle,post_optimizer_step,ok,/home/zhengyangwang/offloading/ATC-Megatron/benchmarks/0525/memory_liveness_20260526T040751Z/raw/memlive_3b_cola_distopt_offload/post_optimizer_step_iter000001_rank00000_of00004.stats.json
8357237248,7.783283710479736,18,8357236736,7.783283233642578,0,272543232,0.25382566452026367,2,411041792,0.3828125,728965632,0.6789021492004395,CoLA,0,6490599424,6.044841766357422,14847836160,13.828125,6490599424,6.044841766357422,memlive_3b_cola_distopt_offload,DistOpt+offload,/home/zhengyangwang/offloading/ATC-Megatron/benchmarks/0525/memory_liveness_20260526T040751Z/raw/memlive_3b_cola_distopt_offload/post_optimizer_step_iter000002_rank00000_of00004.pickle,post_optimizer_step,ok,/home/zhengyangwang/offloading/ATC-Megatron/benchmarks/0525/memory_liveness_20260526T040751Z/raw/memlive_3b_cola_distopt_offload/post_optimizer_step_iter000002_rank00000_of00004.stats.json
8357237248,7.783283710479736,18,8357236736,7.783283233642578,0,272543232,0.25382566452026367,3,411041792,0.3828125,728965632,0.6789021492004395,CoLA,0,6490599424,6.044841766357422,14847836160,13.828125,6490599424,6.044841766357422,memlive_3b_cola_distopt_offload,DistOpt+offload,/home/zhengyangwang/offloading/ATC-Megatron/benchmarks/0525/memory_liveness_20260526T040751Z/raw/memlive_3b_cola_distopt_offload/post_optimizer_step_iter000003_rank00000_of00004.pickle,post_optimizer_step,ok,/home/zhengyangwang/offloading/ATC-Megatron/benchmarks/0525/memory_liveness_20260526T040751Z/raw/memlive_3b_cola_distopt_offload/post_optimizer_step_iter000003_rank00000_of00004.stats.json
8357237248,7.783283710479736,18,8357236736,7.783283233642578,0,272543232,0.25382566452026367,4,411041792,0.3828125,728965632,0.6789021492004395,CoLA,0,6490599424,6.044841766357422,14847836160,13.828125,6490599424,6.044841766357422,memlive_3b_cola_distopt_offload,DistOpt+offload,/home/zhengyangwang/offloading/ATC-Megatron/benchmarks/0525/memory_liveness_20260526T040751Z/raw/memlive_3b_cola_distopt_offload/post_optimizer_step_iter000004_rank00000_of00004.pickle,post_optimizer_step,ok,/home/zhengyangwang/offloading/ATC-Megatron/benchmarks/0525/memory_liveness_20260526T040751Z/raw/memlive_3b_cola_distopt_offload/post_optimizer_step_iter000004_rank00000_of00004.stats.json
8357237248,7.783283710479736,18,8357236736,7.783283233642578,0,272543232,0.25382566452026367,5,411041792,0.3828125,728965632,0.6789021492004395,CoLA,0,6490599424,6.044841766357422,14847836160,13.828125,6490599424,6.044841766357422,memlive_3b_cola_distopt_offload,DistOpt+offload,/home/zhengyangwang/offloading/ATC-Megatron/benchmarks/0525/memory_liveness_20260526T040751Z/raw/memlive_3b_cola_distopt_offload/post_optimizer_step_iter000005_rank00000_of00004.pickle,post_optimizer_step,ok,/home/zhengyangwang/offloading/ATC-Megatron/benchmarks/0525/memory_liveness_20260526T040751Z/raw/memlive_3b_cola_distopt_offload/post_optimizer_step_iter000005_rank00000_of00004.stats.json
8357237248,7.783283710479736,18,8357236736,7.783283233642578,0,272543232,0.25382566452026367,6,411041792,0.3828125,728965632,0.6789021492004395,CoLA,0,6490599424,6.044841766357422,14847836160,13.828125,6490599424,6.044841766357422,memlive_3b_cola_distopt_offload,DistOpt+offload,/home/zhengyangwang/offloading/ATC-Megatron/benchmarks/0525/memory_liveness_20260526T040751Z/raw/memlive_3b_cola_distopt_offload/post_optimizer_step_iter000006_rank00000_of00004.pickle,post_optimizer_step,ok,/home/zhengyangwang/offloading/ATC-Megatron/benchmarks/0525/memory_liveness_20260526T040751Z/raw/memlive_3b_cola_distopt_offload/post_optimizer_step_iter000006_rank00000_of00004.stats.json
8357237248,7.783283710479736,18,8357236736,7.783283233642578,0,272543232,0.25382566452026367,7,411041792,0.3828125,728965632,0.6789021492004395,CoLA,0,6490599424,6.044841766357422,14847836160,13.828125,6490599424,6.044841766357422,memlive_3b_cola_distopt_offload,DistOpt+offload,/home/zhengyangwang/offloading/ATC-Megatron/benchmarks/0525/memory_liveness_20260526T040751Z/raw/memlive_3b_cola_distopt_offload/post_optimizer_step_iter000007_rank00000_of00004.pickle,post_optimizer_step,ok,/home/zhengyangwang/offloading/ATC-Megatron/benchmarks/0525/memory_liveness_20260526T040751Z/raw/memlive_3b_cola_distopt_offload/post_optimizer_step_iter000007_rank00000_of00004.stats.json
8357237248,7.783283710479736,18,8357236736,7.783283233642578,0,272543232,0.25382566452026367,8,411041792,0.3828125,728965632,0.6789021492004395,CoLA,0,6490599424,6.044841766357422,14847836160,13.828125,6490599424,6.044841766357422,memlive_3b_cola_distopt_offload,DistOpt+offload,/home/zhengyangwang/offloading/ATC-Megatron/benchmarks/0525/memory_liveness_20260526T040751Z/raw/memlive_3b_cola_distopt_offload/post_optimizer_step_iter000008_rank00000_of00004.pickle,post_optimizer_step,ok,/home/zhengyangwang/offloading/ATC-Megatron/benchmarks/0525/memory_liveness_20260526T040751Z/raw/memlive_3b_cola_distopt_offload/post_optimizer_step_iter000008_rank00000_of00004.stats.json
8357237248,7.783283710479736,18,8357236736,7.783283233642578,0,272543232,0.25382566452026367,9,411041792,0.3828125,728965632,0.6789021492004395,CoLA,0,6490599424,6.044841766357422,14847836160,13.828125,6490599424,6.044841766357422,memlive_3b_cola_distopt_offload,DistOpt+offload,/home/zhengyangwang/offloading/ATC-Megatron/benchmarks/0525/memory_liveness_20260526T040751Z/raw/memlive_3b_cola_distopt_offload/post_optimizer_step_iter000009_rank00000_of00004.pickle,post_optimizer_step,ok,/home/zhengyangwang/offloading/ATC-Megatron/benchmarks/0525/memory_liveness_20260526T040751Z/raw/memlive_3b_cola_distopt_offload/post_optimizer_step_iter000009_rank00000_of00004.stats.json
8357237248,7.783283710479736,18,8357236736,7.783283233642578,0,272543232,0.25382566452026367,10,411041792,0.3828125,728965632,0.6789021492004395,CoLA,0,6490599424,6.044841766357422,14847836160,13.828125,6490599424,6.044841766357422,memlive_3b_cola_distopt_offload,DistOpt+offload,/home/zhengyangwang/offloading/ATC-Megatron/benchmarks/0525/memory_liveness_20260526T040751Z/raw/memlive_3b_cola_distopt_offload/post_optimizer_step_iter000010_rank00000_of00004.pickle,post_optimizer_step,ok,/home/zhengyangwang/offloading/ATC-Megatron/benchmarks/0525/memory_liveness_20260526T040751Z/raw/memlive_3b_cola_distopt_offload/post_optimizer_step_iter000010_rank00000_of00004.stats.json
8357237248,7.783283710479736,18,8357236736,7.783283233642578,0,272543232,0.25382566452026367,11,411041792,0.3828125,728965632,0.6789021492004395,CoLA,0,6490599424,6.044841766357422,14847836160,13.828125,6490599424,6.044841766357422,memlive_3b_cola_distopt_offload,DistOpt+offload,/home/zhengyangwang/offloading/ATC-Megatron/benchmarks/0525/memory_liveness_20260526T040751Z/raw/memlive_3b_cola_distopt_offload/post_optimizer_step_iter000011_rank00000_of00004.pickle,post_optimizer_step,ok,/home/zhengyangwang/offloading/ATC-Megatron/benchmarks/0525/memory_liveness_20260526T040751Z/raw/memlive_3b_cola_distopt_offload/post_optimizer_step_iter000011_rank00000_of00004.stats.json
8357236736,7.783283233642578,17,8357236224,7.78328275680542,0,272543744,0.2538261413574219,10,411041792,0.3828125,728965632,0.6789021492004395,CoLA,0,6490599936,6.04484224319458,14847836160,13.828125,6490599936,6.04484224319458,memlive_3b_cola_distopt_offload,DistOpt+offload,/home/zhengyangwang/offloading/ATC-Megatron/benchmarks/0525/memory_liveness_20260526T040751Z/raw/memlive_3b_cola_distopt_offload/steady_state_after_iter_10_iter000010_rank00000_of00004.pickle,steady_state_after_iter_10,ok,/home/zhengyangwang/offloading/ATC-Megatron/benchmarks/0525/memory_liveness_20260526T040751Z/raw/memlive_3b_cola_distopt_offload/steady_state_after_iter_10_iter000010_rank00000_of00004.stats.json
3546986496,3.3033885955810547,66,3546985984,3.3033881187438965,0,171264000,0.1595020294189453,0,819986432,0.763671875,4501343232,4.192202568054199,CoLA,0,12624153088,11.757158756256104,16171139072,15.060546875,12624153088,11.757158756256104,memlive_3b_cola_fsdp,FSDP,/home/zhengyangwang/offloading/ATC-Megatron/benchmarks/0525/memory_liveness_20260526T040751Z/raw/memlive_3b_cola_fsdp/post_backward_iter000000_rank00000_of00004.pickle,post_backward,ok,/home/zhengyangwang/offloading/ATC-Megatron/benchmarks/0525/memory_liveness_20260526T040751Z/raw/memlive_3b_cola_fsdp/post_backward_iter000000_rank00000_of00004.stats.json
3461350912,3.2236342430114746,56,3461350400,3.2236337661743164,0,34601472,0.03222513198852539,0,18440192,0.01717376708984375,2876283904,2.67874813079834,CoLA,0,36699136,0.034178733825683594,3498049536,3.2578125,36699136,0.034178733825683594,memlive_3b_cola_fsdp,FSDP,/home/zhengyangwang/offloading/ATC-Megatron/benchmarks/0525/memory_liveness_20260526T040751Z/raw/memlive_3b_cola_fsdp/post_init_iter000000_rank00000_of00004.pickle,post_init,ok,/home/zhengyangwang/offloading/ATC-Megatron/benchmarks/0525/memory_liveness_20260526T040751Z/raw/memlive_3b_cola_fsdp/post_init_iter000000_rank00000_of00004.stats.json
1089484800,1.0146617889404297,26,1089484288,1.0146613121032715,0,254789632,0.2372913360595703,0,819986432,0.763671875,937479168,0.8730955123901367,CoLA,0,3708799488,3.4540886878967285,4798283776,4.46875,3708799488,3.4540886878967285,memlive_3b_cola_fsdp_fsdp_4layer,FSDP,/home/zhengyangwang/offloading/ATC-Megatron/benchmarks/0525/memory_liveness_20260526T040751Z/raw/memlive_3b_cola_fsdp_fsdp_4layer/post_backward_iter000000_rank00000_of00004.pickle,post_backward,ok,/home/zhengyangwang/offloading/ATC-Megatron/benchmarks/0525/memory_liveness_20260526T040751Z/raw/memlive_3b_cola_fsdp_fsdp_4layer/post_backward_iter000000_rank00000_of00004.stats.json
1003849216,0.9349074363708496,16,1003848704,0.9349069595336914,0,120224256,0.11196756362915039,0,98150400,0.09140968322753906,406105088,0.37821483612060547,CoLA,0,122321920,0.1139211654663086,1126170624,1.048828125,122321920,0.1139211654663086,memlive_3b_cola_fsdp_fsdp_4layer,FSDP,/home/zhengyangwang/offloading/ATC-Megatron/benchmarks/0525/memory_liveness_20260526T040751Z/raw/memlive_3b_cola_fsdp_fsdp_4layer/post_init_iter000000_rank00000_of00004.pickle,post_init,ok,/home/zhengyangwang/offloading/ATC-Megatron/benchmarks/0525/memory_liveness_20260526T040751Z/raw/memlive_3b_cola_fsdp_fsdp_4layer/post_init_iter000000_rank00000_of00004.stats.json
3546985984,3.3033881187438965,65,3546985472,3.3033876419067383,0,288705024,0.2688775062561035,0,819986432,0.763671875,4513467904,4.203494548797607,CoLA,0,12632542208,11.764971733093262,16179527680,15.068359375,12632542208,11.764971733093262,memlive_3b_cola_fsdp_offload,FSDP+offload,/home/zhengyangwang/offloading/ATC-Megatron/benchmarks/0525/memory_liveness_20260526T040751Z/raw/memlive_3b_cola_fsdp_offload/post_backward_iter000000_rank00000_of00004.pickle,post_backward,ok,/home/zhengyangwang/offloading/ATC-Megatron/benchmarks/0525/memory_liveness_20260526T040751Z/raw/memlive_3b_cola_fsdp_offload/post_backward_iter000000_rank00000_of00004.stats.json
3546987008,3.303389072418213,67,3546986496,3.3033885955810547,0,288704000,0.2688765525817871,1,819986432,0.763671875,4508178944,4.198568820953369,CoLA,0,12632541184,11.764970779418945,16179527680,15.068359375,12632541184,11.764970779418945,memlive_3b_cola_fsdp_offload,FSDP+offload,/home/zhengyangwang/offloading/ATC-Megatron/benchmarks/0525/memory_liveness_20260526T040751Z/raw/memlive_3b_cola_fsdp_offload/post_backward_iter000001_rank00000_of00004.pickle,post_backward,ok,/home/zhengyangwang/offloading/ATC-Megatron/benchmarks/0525/memory_liveness_20260526T040751Z/raw/memlive_3b_cola_fsdp_offload/post_backward_iter000001_rank00000_of00004.stats.json
3546987008,3.303389072418213,67,3546986496,3.3033885955810547,0,290801152,0.2708296775817871,2,819986432,0.763671875,4508178944,4.198568820953369,CoLA,0,12632541184,11.764970779418945,16179527680,15.068359375,12632541184,11.764970779418945,memlive_3b_cola_fsdp_offload,FSDP+offload,/home/zhengyangwang/offloading/ATC-Megatron/benchmarks/0525/memory_liveness_20260526T040751Z/raw/memlive_3b_cola_fsdp_offload/post_backward_iter000002_rank00000_of00004.pickle,post_backward,ok,/home/zhengyangwang/offloading/ATC-Megatron/benchmarks/0525/memory_liveness_20260526T040751Z/raw/memlive_3b_cola_fsdp_offload/post_backward_iter000002_rank00000_of00004.stats.json
3546987008,3.303389072418213,67,3546986496,3.3033885955810547,0,288704000,0.2688765525817871,3,819986432,0.763671875,4508178944,4.198568820953369,CoLA,0,12632541184,11.764970779418945,16179527680,15.068359375,12632541184,11.764970779418945,memlive_3b_cola_fsdp_offload,FSDP+offload,/home/zhengyangwang/offloading/ATC-Megatron/benchmarks/0525/memory_liveness_20260526T040751Z/raw/memlive_3b_cola_fsdp_offload/post_backward_iter000003_rank00000_of00004.pickle,post_backward,ok,/home/zhengyangwang/offloading/ATC-Megatron/benchmarks/0525/memory_liveness_20260526T040751Z/raw/memlive_3b_cola_fsdp_offload/post_backward_iter000003_rank00000_of00004.stats.json
3546987008,3.303389072418213,67,3546986496,3.3033885955810547,0,288704000,0.2688765525817871,4,819986432,0.763671875,4508178944,4.198568820953369,CoLA,0,12632541184,11.764970779418945,16179527680,15.068359375,12632541184,11.764970779418945,memlive_3b_cola_fsdp_offload,FSDP+offload,/home/zhengyangwang/offloading/ATC-Megatron/benchmarks/0525/memory_liveness_20260526T040751Z/raw/memlive_3b_cola_fsdp_offload/post_backward_iter000004_rank00000_of00004.pickle,post_backward,ok,/home/zhengyangwang/offloading/ATC-Megatron/benchmarks/0525/memory_liveness_20260526T040751Z/raw/memlive_3b_cola_fsdp_offload/post_backward_iter000004_rank00000_of00004.stats.json
3546987008,3.303389072418213,67,3546986496,3.3033885955810547,0,288704000,0.2688765525817871,5,819986432,0.763671875,4508178944,4.198568820953369,CoLA,0,12632541184,11.764970779418945,16179527680,15.068359375,12632541184,11.764970779418945,memlive_3b_cola_fsdp_offload,FSDP+offload,/home/zhengyangwang/offloading/ATC-Megatron/benchmarks/0525/memory_liveness_20260526T040751Z/raw/memlive_3b_cola_fsdp_offload/post_backward_iter000005_rank00000_of00004.pickle,post_backward,ok,/home/zhengyangwang/offloading/ATC-Megatron/benchmarks/0525/memory_liveness_20260526T040751Z/raw/memlive_3b_cola_fsdp_offload/post_backward_iter000005_rank00000_of00004.stats.json
3546987008,3.303389072418213,67,3546986496,3.3033885955810547,0,288704000,0.2688765525817871,6,819986432,0.763671875,4508178944,4.198568820953369,CoLA,0,12632541184,11.764970779418945,16179527680,15.068359375,12632541184,11.764970779418945,memlive_3b_cola_fsdp_offload,FSDP+offload,/home/zhengyangwang/offloading/ATC-Megatron/benchmarks/0525/memory_liveness_20260526T040751Z/raw/memlive_3b_cola_fsdp_offload/post_backward_iter000006_rank00000_of00004.pickle,post_backward,ok,/home/zhengyangwang/offloading/ATC-Megatron/benchmarks/0525/memory_liveness_20260526T040751Z/raw/memlive_3b_cola_fsdp_offload/post_backward_iter000006_rank00000_of00004.stats.json
3546987008,3.303389072418213,67,3546986496,3.3033885955810547,0,288704000,0.2688765525817871,7,819986432,0.763671875,4508178944,4.198568820953369,CoLA,0,12632541184,11.764970779418945,16179527680,15.068359375,12632541184,11.764970779418945,memlive_3b_cola_fsdp_offload,FSDP+offload,/home/zhengyangwang/offloading/ATC-Megatron/benchmarks/0525/memory_liveness_20260526T040751Z/raw/memlive_3b_cola_fsdp_offload/post_backward_iter000007_rank00000_of00004.pickle,post_backward,ok,/home/zhengyangwang/offloading/ATC-Megatron/benchmarks/0525/memory_liveness_20260526T040751Z/raw/memlive_3b_cola_fsdp_offload/post_backward_iter000007_rank00000_of00004.stats.json
3546987008,3.303389072418213,67,3546986496,3.3033885955810547,0,288704000,0.2688765525817871,8,819986432,0.763671875,4508178944,4.198568820953369,CoLA,0,12632541184,11.764970779418945,16179527680,15.068359375,12632541184,11.764970779418945,memlive_3b_cola_fsdp_offload,FSDP+offload,/home/zhengyangwang/offloading/ATC-Megatron/benchmarks/0525/memory_liveness_20260526T040751Z/raw/memlive_3b_cola_fsdp_offload/post_backward_iter000008_rank00000_of00004.pickle,post_backward,ok,/home/zhengyangwang/offloading/ATC-Megatron/benchmarks/0525/memory_liveness_20260526T040751Z/raw/memlive_3b_cola_fsdp_offload/post_backward_iter000008_rank00000_of00004.stats.json
3546987008,3.303389072418213,67,3546986496,3.3033885955810547,0,288704000,0.2688765525817871,9,819986432,0.763671875,4508178944,4.198568820953369,CoLA,0,12632541184,11.764970779418945,16179527680,15.068359375,12632541184,11.764970779418945,memlive_3b_cola_fsdp_offload,FSDP+offload,/home/zhengyangwang/offloading/ATC-Megatron/benchmarks/0525/memory_liveness_20260526T040751Z/raw/memlive_3b_cola_fsdp_offload/post_backward_iter000009_rank00000_of00004.pickle,post_backward,ok,/home/zhengyangwang/offloading/ATC-Megatron/benchmarks/0525/memory_liveness_20260526T040751Z/raw/memlive_3b_cola_fsdp_offload/post_backward_iter000009_rank00000_of00004.stats.json
3546987008,3.303389072418213,67,3546986496,3.3033885955810547,0,288704000,0.2688765525817871,10,819986432,0.763671875,4508178944,4.198568820953369,CoLA,0,12632541184,11.764970779418945,16179527680,15.068359375,12632541184,11.764970779418945,memlive_3b_cola_fsdp_offload,FSDP+offload,/home/zhengyangwang/offloading/ATC-Megatron/benchmarks/0525/memory_liveness_20260526T040751Z/raw/memlive_3b_cola_fsdp_offload/post_backward_iter000010_rank00000_of00004.pickle,post_backward,ok,/home/zhengyangwang/offloading/ATC-Megatron/benchmarks/0525/memory_liveness_20260526T040751Z/raw/memlive_3b_cola_fsdp_offload/post_backward_iter000010_rank00000_of00004.stats.json
3546987008,3.303389072418213,67,3546986496,3.3033885955810547,0,288704000,0.2688765525817871,11,819986432,0.763671875,4508178944,4.198568820953369,CoLA,0,12632541184,11.764970779418945,16179527680,15.068359375,12632541184,11.764970779418945,memlive_3b_cola_fsdp_offload,FSDP+offload,/home/zhengyangwang/offloading/ATC-Megatron/benchmarks/0525/memory_liveness_20260526T040751Z/raw/memlive_3b_cola_fsdp_offload/post_backward_iter000011_rank00000_of00004.pickle,post_backward,ok,/home/zhengyangwang/offloading/ATC-Megatron/benchmarks/0525/memory_liveness_20260526T040751Z/raw/memlive_3b_cola_fsdp_offload/post_backward_iter000011_rank00000_of00004.stats.json
3461350400,3.2236337661743164,55,3461349888,3.223633289337158,0,34601984,0.032225608825683594,0,205520896,0.19140625,2779774976,2.5888671875,CoLA,0,242220544,0.2255854606628418,3703570432,3.44921875,242220544,0.2255854606628418,memlive_3b_cola_fsdp_offload,FSDP+offload,/home/zhengyangwang/offloading/ATC-Megatron/benchmarks/0525/memory_liveness_20260526T040751Z/raw/memlive_3b_cola_fsdp_offload/post_init_iter000000_rank00000_of00004.pickle,post_init,ok,/home/zhengyangwang/offloading/ATC-Megatron/benchmarks/0525/memory_liveness_20260526T040751Z/raw/memlive_3b_cola_fsdp_offload/post_init_iter000000_rank00000_of00004.stats.json
5040838656,4.694646835327148,77,5040838656,4.694646835327148,0,290121728,0.27019691467285156,0,819986432,0.763671875,4513467904,4.203494548797607,CoLA,0,11138689024,10.373712539672852,16179527680,15.068359375,11138689024,10.373712539672852,memlive_3b_cola_fsdp_offload,FSDP+offload,/home/zhengyangwang/offloading/ATC-Megatron/benchmarks/0525/memory_liveness_20260526T040751Z/raw/memlive_3b_cola_fsdp_offload/post_optimizer_step_iter000000_rank00000_of00004.pickle,post_optimizer_step,ok,/home/zhengyangwang/offloading/ATC-Megatron/benchmarks/0525/memory_liveness_20260526T040751Z/raw/memlive_3b_cola_fsdp_offload/post_optimizer_step_iter000000_rank00000_of00004.stats.json
5040839680,4.694647789001465,79,5040839680,4.694647789001465,0,290120704,0.27019596099853516,1,819986432,0.763671875,4508178944,4.198568820953369,CoLA,0,11138688000,10.373711585998535,16179527680,15.068359375,11138688000,10.373711585998535,memlive_3b_cola_fsdp_offload,FSDP+offload,/home/zhengyangwang/offloading/ATC-Megatron/benchmarks/0525/memory_liveness_20260526T040751Z/raw/memlive_3b_cola_fsdp_offload/post_optimizer_step_iter000001_rank00000_of00004.pickle,post_optimizer_step,ok,/home/zhengyangwang/offloading/ATC-Megatron/benchmarks/0525/memory_liveness_20260526T040751Z/raw/memlive_3b_cola_fsdp_offload/post_optimizer_step_iter000001_rank00000_of00004.stats.json
5040839680,4.694647789001465,79,5040839680,4.694647789001465,0,290120704,0.27019596099853516,2,819986432,0.763671875,4508178944,4.198568820953369,CoLA,0,11138688000,10.373711585998535,16179527680,15.068359375,11138688000,10.373711585998535,memlive_3b_cola_fsdp_offload,FSDP+offload,/home/zhengyangwang/offloading/ATC-Megatron/benchmarks/0525/memory_liveness_20260526T040751Z/raw/memlive_3b_cola_fsdp_offload/post_optimizer_step_iter000002_rank00000_of00004.pickle,post_optimizer_step,ok,/home/zhengyangwang/offloading/ATC-Megatron/benchmarks/0525/memory_liveness_20260526T040751Z/raw/memlive_3b_cola_fsdp_offload/post_optimizer_step_iter000002_rank00000_of00004.stats.json
5040839680,4.694647789001465,79,5040839680,4.694647789001465,0,290120704,0.27019596099853516,3,819986432,0.763671875,4508178944,4.198568820953369,CoLA,0,11138688000,10.373711585998535,16179527680,15.068359375,11138688000,10.373711585998535,memlive_3b_cola_fsdp_offload,FSDP+offload,/home/zhengyangwang/offloading/ATC-Megatron/benchmarks/0525/memory_liveness_20260526T040751Z/raw/memlive_3b_cola_fsdp_offload/post_optimizer_step_iter000003_rank00000_of00004.pickle,post_optimizer_step,ok,/home/zhengyangwang/offloading/ATC-Megatron/benchmarks/0525/memory_liveness_20260526T040751Z/raw/memlive_3b_cola_fsdp_offload/post_optimizer_step_iter000003_rank00000_of00004.stats.json
5040839680,4.694647789001465,79,5040839680,4.694647789001465,0,290120704,0.27019596099853516,4,819986432,0.763671875,4508178944,4.198568820953369,CoLA,0,11138688000,10.373711585998535,16179527680,15.068359375,11138688000,10.373711585998535,memlive_3b_cola_fsdp_offload,FSDP+offload,/home/zhengyangwang/offloading/ATC-Megatron/benchmarks/0525/memory_liveness_20260526T040751Z/raw/memlive_3b_cola_fsdp_offload/post_optimizer_step_iter000004_rank00000_of00004.pickle,post_optimizer_step,ok,/home/zhengyangwang/offloading/ATC-Megatron/benchmarks/0525/memory_liveness_20260526T040751Z/raw/memlive_3b_cola_fsdp_offload/post_optimizer_step_iter000004_rank00000_of00004.stats.json
5040839680,4.694647789001465,79,5040839680,4.694647789001465,0,290120704,0.27019596099853516,5,819986432,0.763671875,4508178944,4.198568820953369,CoLA,0,11138688000,10.373711585998535,16179527680,15.068359375,11138688000,10.373711585998535,memlive_3b_cola_fsdp_offload,FSDP+offload,/home/zhengyangwang/offloading/ATC-Megatron/benchmarks/0525/memory_liveness_20260526T040751Z/raw/memlive_3b_cola_fsdp_offload/post_optimizer_step_iter000005_rank00000_of00004.pickle,post_optimizer_step,ok,/home/zhengyangwang/offloading/ATC-Megatron/benchmarks/0525/memory_liveness_20260526T040751Z/raw/memlive_3b_cola_fsdp_offload/post_optimizer_step_iter000005_rank00000_of00004.stats.json
5040839680,4.694647789001465,79,5040839680,4.694647789001465,0,290120704,0.27019596099853516,6,819986432,0.763671875,4508178944,4.198568820953369,CoLA,0,11138688000,10.373711585998535,16179527680,15.068359375,11138688000,10.373711585998535,memlive_3b_cola_fsdp_offload,FSDP+offload,/home/zhengyangwang/offloading/ATC-Megatron/benchmarks/0525/memory_liveness_20260526T040751Z/raw/memlive_3b_cola_fsdp_offload/post_optimizer_step_iter000006_rank00000_of00004.pickle,post_optimizer_step,ok,/home/zhengyangwang/offloading/ATC-Megatron/benchmarks/0525/memory_liveness_20260526T040751Z/raw/memlive_3b_cola_fsdp_offload/post_optimizer_step_iter000006_rank00000_of00004.stats.json
5040839680,4.694647789001465,79,5040839680,4.694647789001465,0,290120704,0.27019596099853516,7,819986432,0.763671875,4508178944,4.198568820953369,CoLA,0,11138688000,10.373711585998535,16179527680,15.068359375,11138688000,10.373711585998535,memlive_3b_cola_fsdp_offload,FSDP+offload,/home/zhengyangwang/offloading/ATC-Megatron/benchmarks/0525/memory_liveness_20260526T040751Z/raw/memlive_3b_cola_fsdp_offload/post_optimizer_step_iter000007_rank00000_of00004.pickle,post_optimizer_step,ok,/home/zhengyangwang/offloading/ATC-Megatron/benchmarks/0525/memory_liveness_20260526T040751Z/raw/memlive_3b_cola_fsdp_offload/post_optimizer_step_iter000007_rank00000_of00004.stats.json
5040839680,4.694647789001465,79,5040839680,4.694647789001465,0,290120704,0.27019596099853516,8,819986432,0.763671875,4508178944,4.198568820953369,CoLA,0,11138688000,10.373711585998535,16179527680,15.068359375,11138688000,10.373711585998535,memlive_3b_cola_fsdp_offload,FSDP+offload,/home/zhengyangwang/offloading/ATC-Megatron/benchmarks/0525/memory_liveness_20260526T040751Z/raw/memlive_3b_cola_fsdp_offload/post_optimizer_step_iter000008_rank00000_of00004.pickle,post_optimizer_step,ok,/home/zhengyangwang/offloading/ATC-Megatron/benchmarks/0525/memory_liveness_20260526T040751Z/raw/memlive_3b_cola_fsdp_offload/post_optimizer_step_iter000008_rank00000_of00004.stats.json
5040839680,4.694647789001465,79,5040839680,4.694647789001465,0,290120704,0.27019596099853516,9,819986432,0.763671875,4508178944,4.198568820953369,CoLA,0,11138688000,10.373711585998535,16179527680,15.068359375,11138688000,10.373711585998535,memlive_3b_cola_fsdp_offload,FSDP+offload,/home/zhengyangwang/offloading/ATC-Megatron/benchmarks/0525/memory_liveness_20260526T040751Z/raw/memlive_3b_cola_fsdp_offload/post_optimizer_step_iter000009_rank00000_of00004.pickle,post_optimizer_step,ok,/home/zhengyangwang/offloading/ATC-Megatron/benchmarks/0525/memory_liveness_20260526T040751Z/raw/memlive_3b_cola_fsdp_offload/post_optimizer_step_iter000009_rank00000_of00004.stats.json
5040839680,4.694647789001465,79,5040839680,4.694647789001465,0,290120704,0.27019596099853516,10,819986432,0.763671875,4508178944,4.198568820953369,CoLA,0,11138688000,10.373711585998535,16179527680,15.068359375,11138688000,10.373711585998535,memlive_3b_cola_fsdp_offload,FSDP+offload,/home/zhengyangwang/offloading/ATC-Megatron/benchmarks/0525/memory_liveness_20260526T040751Z/raw/memlive_3b_cola_fsdp_offload/post_optimizer_step_iter000010_rank00000_of00004.pickle,post_optimizer_step,ok,/home/zhengyangwang/offloading/ATC-Megatron/benchmarks/0525/memory_liveness_20260526T040751Z/raw/memlive_3b_cola_fsdp_offload/post_optimizer_step_iter000010_rank00000_of00004.stats.json
5040839680,4.694647789001465,79,5040839680,4.694647789001465,0,290120704,0.27019596099853516,11,819986432,0.763671875,4508178944,4.198568820953369,CoLA,0,11138688000,10.373711585998535,16179527680,15.068359375,11138688000,10.373711585998535,memlive_3b_cola_fsdp_offload,FSDP+offload,/home/zhengyangwang/offloading/ATC-Megatron/benchmarks/0525/memory_liveness_20260526T040751Z/raw/memlive_3b_cola_fsdp_offload/post_optimizer_step_iter000011_rank00000_of00004.pickle,post_optimizer_step,ok,/home/zhengyangwang/offloading/ATC-Megatron/benchmarks/0525/memory_liveness_20260526T040751Z/raw/memlive_3b_cola_fsdp_offload/post_optimizer_step_iter000011_rank00000_of00004.stats.json
5040839680,4.694647789001465,78,5040839168,4.694647312164307,0,290120704,0.27019596099853516,10,819986432,0.763671875,4508178944,4.198568820953369,CoLA,0,11138688512,10.373712062835693,16179527680,15.068359375,11138688512,10.373712062835693,memlive_3b_cola_fsdp_offload,FSDP+offload,/home/zhengyangwang/offloading/ATC-Megatron/benchmarks/0525/memory_liveness_20260526T040751Z/raw/memlive_3b_cola_fsdp_offload/steady_state_after_iter_10_iter000010_rank00000_of00004.pickle,steady_state_after_iter_10,ok,/home/zhengyangwang/offloading/ATC-Megatron/benchmarks/0525/memory_liveness_20260526T040751Z/raw/memlive_3b_cola_fsdp_offload/steady_state_after_iter_10_iter000010_rank00000_of00004.stats.json
22343233024,20.808757305145264,51,22343232512,20.808756828308105,0,230511104,0.21468019485473633,0,257949696,0.240234375,1243056640,1.157686710357666,FullRank,0,6333223936,5.8982744216918945,28676456448,26.70703125,6333223936,5.8982744216918945,memlive_3b_fullrank_distopt,DistOpt,/home/zhengyangwang/offloading/ATC-Megatron/benchmarks/0525/memory_liveness_20260526T040751Z/raw/memlive_3b_fullrank_distopt/post_backward_iter000000_rank00000_of00004.pickle,post_backward,ok,/home/zhengyangwang/offloading/ATC-Megatron/benchmarks/0525/memory_liveness_20260526T040751Z/raw/memlive_3b_fullrank_distopt/post_backward_iter000000_rank00000_of00004.stats.json
28714597888,26.742553234100342,121,28714597376,26.742552757263184,0,507118080,0.4722905158996582,1,205520896,0.19140625,1051095552,0.9789090156555176,FullRank,0,6142166016,5.720337867736816,34856763392,32.462890625,6142166016,5.720337867736816,memlive_3b_fullrank_distopt,DistOpt,/home/zhengyangwang/offloading/ATC-Megatron/benchmarks/0525/memory_liveness_20260526T040751Z/raw/memlive_3b_fullrank_distopt/post_backward_iter000001_rank00000_of00004.pickle,post_backward,ok,/home/zhengyangwang/offloading/ATC-Megatron/benchmarks/0525/memory_liveness_20260526T040751Z/raw/memlive_3b_fullrank_distopt/post_backward_iter000001_rank00000_of00004.stats.json
28714597888,26.742553234100342,121,28714597376,26.742552757263184,0,507118080,0.4722905158996582,2,205520896,0.19140625,1051095552,0.9789090156555176,FullRank,0,6142166016,5.720337867736816,34856763392,32.462890625,6142166016,5.720337867736816,memlive_3b_fullrank_distopt,DistOpt,/home/zhengyangwang/offloading/ATC-Megatron/benchmarks/0525/memory_liveness_20260526T040751Z/raw/memlive_3b_fullrank_distopt/post_backward_iter000002_rank00000_of00004.pickle,post_backward,ok,/home/zhengyangwang/offloading/ATC-Megatron/benchmarks/0525/memory_liveness_20260526T040751Z/raw/memlive_3b_fullrank_distopt/post_backward_iter000002_rank00000_of00004.stats.json
28714597888,26.742553234100342,121,28714597376,26.742552757263184,0,507118080,0.4722905158996582,3,205520896,0.19140625,1051095552,0.9789090156555176,FullRank,0,6142166016,5.720337867736816,34856763392,32.462890625,6142166016,5.720337867736816,memlive_3b_fullrank_distopt,DistOpt,/home/zhengyangwang/offloading/ATC-Megatron/benchmarks/0525/memory_liveness_20260526T040751Z/raw/memlive_3b_fullrank_distopt/post_backward_iter000003_rank00000_of00004.pickle,post_backward,ok,/home/zhengyangwang/offloading/ATC-Megatron/benchmarks/0525/memory_liveness_20260526T040751Z/raw/memlive_3b_fullrank_distopt/post_backward_iter000003_rank00000_of00004.stats.json
28714597888,26.742553234100342,121,28714597376,26.742552757263184,0,507118080,0.4722905158996582,4,205520896,0.19140625,1051095552,0.9789090156555176,FullRank,0,6142166016,5.720337867736816,34856763392,32.462890625,6142166016,5.720337867736816,memlive_3b_fullrank_distopt,DistOpt,/home/zhengyangwang/offloading/ATC-Megatron/benchmarks/0525/memory_liveness_20260526T040751Z/raw/memlive_3b_fullrank_distopt/post_backward_iter000004_rank00000_of00004.pickle,post_backward,ok,/home/zhengyangwang/offloading/ATC-Megatron/benchmarks/0525/memory_liveness_20260526T040751Z/raw/memlive_3b_fullrank_distopt/post_backward_iter000004_rank00000_of00004.stats.json
28714597888,26.742553234100342,121,28714597376,26.742552757263184,0,507118080,0.4722905158996582,5,205520896,0.19140625,1051095552,0.9789090156555176,FullRank,0,6142166016,5.720337867736816,34856763392,32.462890625,6142166016,5.720337867736816,memlive_3b_fullrank_distopt,DistOpt,/home/zhengyangwang/offloading/ATC-Megatron/benchmarks/0525/memory_liveness_20260526T040751Z/raw/memlive_3b_fullrank_distopt/post_backward_iter000005_rank00000_of00004.pickle,post_backward,ok,/home/zhengyangwang/offloading/ATC-Megatron/benchmarks/0525/memory_liveness_20260526T040751Z/raw/memlive_3b_fullrank_distopt/post_backward_iter000005_rank00000_of00004.stats.json
28714597888,26.742553234100342,121,28714597376,26.742552757263184,0,507118080,0.4722905158996582,6,205520896,0.19140625,1051095552,0.9789090156555176,FullRank,0,6142166016,5.720337867736816,34856763392,32.462890625,6142166016,5.720337867736816,memlive_3b_fullrank_distopt,DistOpt,/home/zhengyangwang/offloading/ATC-Megatron/benchmarks/0525/memory_liveness_20260526T040751Z/raw/memlive_3b_fullrank_distopt/post_backward_iter000006_rank00000_of00004.pickle,post_backward,ok,/home/zhengyangwang/offloading/ATC-Megatron/benchmarks/0525/memory_liveness_20260526T040751Z/raw/memlive_3b_fullrank_distopt/post_backward_iter000006_rank00000_of00004.stats.json
28714597888,26.742553234100342,121,28714597376,26.742552757263184,0,507118080,0.4722905158996582,7,205520896,0.19140625,1051095552,0.9789090156555176,FullRank,0,6142166016,5.720337867736816,34856763392,32.462890625,6142166016,5.720337867736816,memlive_3b_fullrank_distopt,DistOpt,/home/zhengyangwang/offloading/ATC-Megatron/benchmarks/0525/memory_liveness_20260526T040751Z/raw/memlive_3b_fullrank_distopt/post_backward_iter000007_rank00000_of00004.pickle,post_backward,ok,/home/zhengyangwang/offloading/ATC-Megatron/benchmarks/0525/memory_liveness_20260526T040751Z/raw/memlive_3b_fullrank_distopt/post_backward_iter000007_rank00000_of00004.stats.json
28714597888,26.742553234100342,121,28714597376,26.742552757263184,0,507118080,0.4722905158996582,8,205520896,0.19140625,1051095552,0.9789090156555176,FullRank,0,6142166016,5.720337867736816,34856763392,32.462890625,6142166016,5.720337867736816,memlive_3b_fullrank_distopt,DistOpt,/home/zhengyangwang/offloading/ATC-Megatron/benchmarks/0525/memory_liveness_20260526T040751Z/raw/memlive_3b_fullrank_distopt/post_backward_iter000008_rank00000_of00004.pickle,post_backward,ok,/home/zhengyangwang/offloading/ATC-Megatron/benchmarks/0525/memory_liveness_20260526T040751Z/raw/memlive_3b_fullrank_distopt/post_backward_iter000008_rank00000_of00004.stats.json
28714597888,26.742553234100342,121,28714597376,26.742552757263184,0,507118080,0.4722905158996582,9,205520896,0.19140625,1051095552,0.9789090156555176,FullRank,0,6142166016,5.720337867736816,34856763392,32.462890625,6142166016,5.720337867736816,memlive_3b_fullrank_distopt,DistOpt,/home/zhengyangwang/offloading/ATC-Megatron/benchmarks/0525/memory_liveness_20260526T040751Z/raw/memlive_3b_fullrank_distopt/post_backward_iter000009_rank00000_of00004.pickle,post_backward,ok,/home/zhengyangwang/offloading/ATC-Megatron/benchmarks/0525/memory_liveness_20260526T040751Z/raw/memlive_3b_fullrank_distopt/post_backward_iter000009_rank00000_of00004.stats.json
28714597888,26.742553234100342,121,28714597376,26.742552757263184,0,507118080,0.4722905158996582,10,205520896,0.19140625,1051095552,0.9789090156555176,FullRank,0,6142166016,5.720337867736816,34856763392,32.462890625,6142166016,5.720337867736816,memlive_3b_fullrank_distopt,DistOpt,/home/zhengyangwang/offloading/ATC-Megatron/benchmarks/0525/memory_liveness_20260526T040751Z/raw/memlive_3b_fullrank_distopt/post_backward_iter000010_rank00000_of00004.pickle,post_backward,ok,/home/zhengyangwang/offloading/ATC-Megatron/benchmarks/0525/memory_liveness_20260526T040751Z/raw/memlive_3b_fullrank_distopt/post_backward_iter000010_rank00000_of00004.stats.json
28714597888,26.742553234100342,121,28714597376,26.742552757263184,0,507118080,0.4722905158996582,11,205520896,0.19140625,1051095552,0.9789090156555176,FullRank,0,6142166016,5.720337867736816,34856763392,32.462890625,6142166016,5.720337867736816,memlive_3b_fullrank_distopt,DistOpt,/home/zhengyangwang/offloading/ATC-Megatron/benchmarks/0525/memory_liveness_20260526T040751Z/raw/memlive_3b_fullrank_distopt/post_backward_iter000011_rank00000_of00004.pickle,post_backward,ok,/home/zhengyangwang/offloading/ATC-Megatron/benchmarks/0525/memory_liveness_20260526T040751Z/raw/memlive_3b_fullrank_distopt/post_backward_iter000011_rank00000_of00004.stats.json
22257007616,20.728453636169434,41,22257007104,20.728453159332275,0,253821952,0.2363901138305664,0,111149056,0.103515625,2144351744,1.9970831871032715,FullRank,0,5343610368,4.976624965667725,27600617472,25.705078125,5343610368,4.976624965667725,memlive_3b_fullrank_distopt,DistOpt,/home/zhengyangwang/offloading/ATC-Megatron/benchmarks/0525/memory_liveness_20260526T040751Z/raw/memlive_3b_fullrank_distopt/post_init_iter000000_rank00000_of00004.pickle,post_init,ok,/home/zhengyangwang/offloading/ATC-Megatron/benchmarks/0525/memory_liveness_20260526T040751Z/raw/memlive_3b_fullrank_distopt/post_init_iter000000_rank00000_of00004.stats.json
28714596864,26.742552280426025,119,28714596352,26.742551803588867,0,507119104,0.4722914695739746,0,111149056,0.103515625,3912893952,3.6441664695739746,FullRank,0,3912894464,3.644166946411133,32627490816,30.38671875,3912894464,3.644166946411133,memlive_3b_fullrank_distopt,DistOpt,/home/zhengyangwang/offloading/ATC-Megatron/benchmarks/0525/memory_liveness_20260526T040751Z/raw/memlive_3b_fullrank_distopt/post_optimizer_step_iter000000_rank00000_of00004.pickle,post_optimizer_step,ok,/home/zhengyangwang/offloading/ATC-Megatron/benchmarks/0525/memory_liveness_20260526T040751Z/raw/memlive_3b_fullrank_distopt/post_optimizer_step_iter000000_rank00000_of00004.stats.json
28714597888,26.742553234100342,121,28714597376,26.742552757263184,0,507118080,0.4722905158996582,1,205520896,0.19140625,1051095552,0.9789090156555176,FullRank,0,6142166016,5.720337867736816,34856763392,32.462890625,6142166016,5.720337867736816,memlive_3b_fullrank_distopt,DistOpt,/home/zhengyangwang/offloading/ATC-Megatron/benchmarks/0525/memory_liveness_20260526T040751Z/raw/memlive_3b_fullrank_distopt/post_optimizer_step_iter000001_rank00000_of00004.pickle,post_optimizer_step,ok,/home/zhengyangwang/offloading/ATC-Megatron/benchmarks/0525/memory_liveness_20260526T040751Z/raw/memlive_3b_fullrank_distopt/post_optimizer_step_iter000001_rank00000_of00004.stats.json
28714597888,26.742553234100342,121,28714597376,26.742552757263184,0,507118080,0.4722905158996582,2,205520896,0.19140625,1051095552,0.9789090156555176,FullRank,0,6142166016,5.720337867736816,34856763392,32.462890625,6142166016,5.720337867736816,memlive_3b_fullrank_distopt,DistOpt,/home/zhengyangwang/offloading/ATC-Megatron/benchmarks/0525/memory_liveness_20260526T040751Z/raw/memlive_3b_fullrank_distopt/post_optimizer_step_iter000002_rank00000_of00004.pickle,post_optimizer_step,ok,/home/zhengyangwang/offloading/ATC-Megatron/benchmarks/0525/memory_liveness_20260526T040751Z/raw/memlive_3b_fullrank_distopt/post_optimizer_step_iter000002_rank00000_of00004.stats.json
28714597888,26.742553234100342,121,28714597376,26.742552757263184,0,507118080,0.4722905158996582,3,205520896,0.19140625,1051095552,0.9789090156555176,FullRank,0,6142166016,5.720337867736816,34856763392,32.462890625,6142166016,5.720337867736816,memlive_3b_fullrank_distopt,DistOpt,/home/zhengyangwang/offloading/ATC-Megatron/benchmarks/0525/memory_liveness_20260526T040751Z/raw/memlive_3b_fullrank_distopt/post_optimizer_step_iter000003_rank00000_of00004.pickle,post_optimizer_step,ok,/home/zhengyangwang/offloading/ATC-Megatron/benchmarks/0525/memory_liveness_20260526T040751Z/raw/memlive_3b_fullrank_distopt/post_optimizer_step_iter000003_rank00000_of00004.stats.json
28714597888,26.742553234100342,121,28714597376,26.742552757263184,0,507118080,0.4722905158996582,4,205520896,0.19140625,1051095552,0.9789090156555176,FullRank,0,6142166016,5.720337867736816,34856763392,32.462890625,6142166016,5.720337867736816,memlive_3b_fullrank_distopt,DistOpt,/home/zhengyangwang/offloading/ATC-Megatron/benchmarks/0525/memory_liveness_20260526T040751Z/raw/memlive_3b_fullrank_distopt/post_optimizer_step_iter000004_rank00000_of00004.pickle,post_optimizer_step,ok,/home/zhengyangwang/offloading/ATC-Megatron/benchmarks/0525/memory_liveness_20260526T040751Z/raw/memlive_3b_fullrank_distopt/post_optimizer_step_iter000004_rank00000_of00004.stats.json
28714597888,26.742553234100342,121,28714597376,26.742552757263184,0,507118080,0.4722905158996582,5,205520896,0.19140625,1051095552,0.9789090156555176,FullRank,0,6142166016,5.720337867736816,34856763392,32.462890625,6142166016,5.720337867736816,memlive_3b_fullrank_distopt,DistOpt,/home/zhengyangwang/offloading/ATC-Megatron/benchmarks/0525/memory_liveness_20260526T040751Z/raw/memlive_3b_fullrank_distopt/post_optimizer_step_iter000005_rank00000_of00004.pickle,post_optimizer_step,ok,/home/zhengyangwang/offloading/ATC-Megatron/benchmarks/0525/memory_liveness_20260526T040751Z/raw/memlive_3b_fullrank_distopt/post_optimizer_step_iter000005_rank00000_of00004.stats.json
28714597888,26.742553234100342,121,28714597376,26.742552757263184,0,507118080,0.4722905158996582,6,205520896,0.19140625,1051095552,0.9789090156555176,FullRank,0,6142166016,5.720337867736816,34856763392,32.462890625,6142166016,5.720337867736816,memlive_3b_fullrank_distopt,DistOpt,/home/zhengyangwang/offloading/ATC-Megatron/benchmarks/0525/memory_liveness_20260526T040751Z/raw/memlive_3b_fullrank_distopt/post_optimizer_step_iter000006_rank00000_of00004.pickle,post_optimizer_step,ok,/home/zhengyangwang/offloading/ATC-Megatron/benchmarks/0525/memory_liveness_20260526T040751Z/raw/memlive_3b_fullrank_distopt/post_optimizer_step_iter000006_rank00000_of00004.stats.json
28714597888,26.742553234100342,121,28714597376,26.742552757263184,0,507118080,0.4722905158996582,7,205520896,0.19140625,1051095552,0.9789090156555176,FullRank,0,6142166016,5.720337867736816,34856763392,32.462890625,6142166016,5.720337867736816,memlive_3b_fullrank_distopt,DistOpt,/home/zhengyangwang/offloading/ATC-Megatron/benchmarks/0525/memory_liveness_20260526T040751Z/raw/memlive_3b_fullrank_distopt/post_optimizer_step_iter000007_rank00000_of00004.pickle,post_optimizer_step,ok,/home/zhengyangwang/offloading/ATC-Megatron/benchmarks/0525/memory_liveness_20260526T040751Z/raw/memlive_3b_fullrank_distopt/post_optimizer_step_iter000007_rank00000_of00004.stats.json
28714597888,26.742553234100342,121,28714597376,26.742552757263184,0,507118080,0.4722905158996582,8,205520896,0.19140625,1051095552,0.9789090156555176,FullRank,0,6142166016,5.720337867736816,34856763392,32.462890625,6142166016,5.720337867736816,memlive_3b_fullrank_distopt,DistOpt,/home/zhengyangwang/offloading/ATC-Megatron/benchmarks/0525/memory_liveness_20260526T040751Z/raw/memlive_3b_fullrank_distopt/post_optimizer_step_iter000008_rank00000_of00004.pickle,post_optimizer_step,ok,/home/zhengyangwang/offloading/ATC-Megatron/benchmarks/0525/memory_liveness_20260526T040751Z/raw/memlive_3b_fullrank_distopt/post_optimizer_step_iter000008_rank00000_of00004.stats.json
28714597888,26.742553234100342,121,28714597376,26.742552757263184,0,507118080,0.4722905158996582,9,205520896,0.19140625,1051095552,0.9789090156555176,FullRank,0,6142166016,5.720337867736816,34856763392,32.462890625,6142166016,5.720337867736816,memlive_3b_fullrank_distopt,DistOpt,/home/zhengyangwang/offloading/ATC-Megatron/benchmarks/0525/memory_liveness_20260526T040751Z/raw/memlive_3b_fullrank_distopt/post_optimizer_step_iter000009_rank00000_of00004.pickle,post_optimizer_step,ok,/home/zhengyangwang/offloading/ATC-Megatron/benchmarks/0525/memory_liveness_20260526T040751Z/raw/memlive_3b_fullrank_distopt/post_optimizer_step_iter000009_rank00000_of00004.stats.json
28714597888,26.742553234100342,121,28714597376,26.742552757263184,0,507118080,0.4722905158996582,10,205520896,0.19140625,1051095552,0.9789090156555176,FullRank,0,6142166016,5.720337867736816,34856763392,32.462890625,6142166016,5.720337867736816,memlive_3b_fullrank_distopt,DistOpt,/home/zhengyangwang/offloading/ATC-Megatron/benchmarks/0525/memory_liveness_20260526T040751Z/raw/memlive_3b_fullrank_distopt/post_optimizer_step_iter000010_rank00000_of00004.pickle,post_optimizer_step,ok,/home/zhengyangwang/offloading/ATC-Megatron/benchmarks/0525/memory_liveness_20260526T040751Z/raw/memlive_3b_fullrank_distopt/post_optimizer_step_iter000010_rank00000_of00004.stats.json
28714597888,26.742553234100342,121,28714597376,26.742552757263184,0,507118080,0.4722905158996582,11,205520896,0.19140625,1051095552,0.9789090156555176,FullRank,0,6142166016,5.720337867736816,34856763392,32.462890625,6142166016,5.720337867736816,memlive_3b_fullrank_distopt,DistOpt,/home/zhengyangwang/offloading/ATC-Megatron/benchmarks/0525/memory_liveness_20260526T040751Z/raw/memlive_3b_fullrank_distopt/post_optimizer_step_iter000011_rank00000_of00004.pickle,post_optimizer_step,ok,/home/zhengyangwang/offloading/ATC-Megatron/benchmarks/0525/memory_liveness_20260526T040751Z/raw/memlive_3b_fullrank_distopt/post_optimizer_step_iter000011_rank00000_of00004.stats.json
28714597376,26.742552757263184,120,28714596864,26.742552280426025,0,507118592,0.4722909927368164,10,205520896,0.19140625,1051095552,0.9789090156555176,FullRank,0,6142166528,5.720338344573975,34856763392,32.462890625,6142166528,5.720338344573975,memlive_3b_fullrank_distopt,DistOpt,/home/zhengyangwang/offloading/ATC-Megatron/benchmarks/0525/memory_liveness_20260526T040751Z/raw/memlive_3b_fullrank_distopt/steady_state_after_iter_10_iter000010_rank00000_of00004.pickle,steady_state_after_iter_10,ok,/home/zhengyangwang/offloading/ATC-Megatron/benchmarks/0525/memory_liveness_20260526T040751Z/raw/memlive_3b_fullrank_distopt/steady_state_after_iter_10_iter000010_rank00000_of00004.stats.json
19157976576,17.84225606918335,16,19157976064,17.84225559234619,0,114850304,0.10696268081665039,0,257949696,0.240234375,349189632,0.3252081871032715,FullRank,0,6647479296,6.190947532653809,25805455360,24.033203125,6647479296,6.190947532653809,memlive_3b_fullrank_distopt_offload,DistOpt+offload,/home/zhengyangwang/offloading/ATC-Megatron/benchmarks/0525/memory_liveness_20260526T040751Z/raw/memlive_3b_fullrank_distopt_offload/post_backward_iter000000_rank00000_of00004.pickle,post_backward,ok,/home/zhengyangwang/offloading/ATC-Megatron/benchmarks/0525/memory_liveness_20260526T040751Z/raw/memlive_3b_fullrank_distopt_offload/post_backward_iter000000_rank00000_of00004.stats.json
19157977600,17.842257022857666,18,19157977088,17.842256546020508,0,114849280,0.10696172714233398,1,411041792,0.3828125,760231424,0.7080206871032715,FullRank,0,7058520064,6.573759078979492,26216497152,24.416015625,7058520064,6.573759078979492,memlive_3b_fullrank_distopt_offload,DistOpt+offload,/home/zhengyangwang/offloading/ATC-Megatron/benchmarks/0525/memory_liveness_20260526T040751Z/raw/memlive_3b_fullrank_distopt_offload/post_backward_iter000001_rank00000_of00004.pickle,post_backward,ok,/home/zhengyangwang/offloading/ATC-Megatron/benchmarks/0525/memory_liveness_20260526T040751Z/raw/memlive_3b_fullrank_distopt_offload/post_backward_iter000001_rank00000_of00004.stats.json
19157977600,17.842257022857666,18,19157977088,17.842256546020508,0,116946432,0.10891485214233398,2,411041792,0.3828125,760231424,0.7080206871032715,FullRank,0,7058520064,6.573759078979492,26216497152,24.416015625,7058520064,6.573759078979492,memlive_3b_fullrank_distopt_offload,DistOpt+offload,/home/zhengyangwang/offloading/ATC-Megatron/benchmarks/0525/memory_liveness_20260526T040751Z/raw/memlive_3b_fullrank_distopt_offload/post_backward_iter000002_rank00000_of00004.pickle,post_backward,ok,/home/zhengyangwang/offloading/ATC-Megatron/benchmarks/0525/memory_liveness_20260526T040751Z/raw/memlive_3b_fullrank_distopt_offload/post_backward_iter000002_rank00000_of00004.stats.json
19157977600,17.842257022857666,18,19157977088,17.842256546020508,0,114849280,0.10696172714233398,3,411041792,0.3828125,760231424,0.7080206871032715,FullRank,0,7058520064,6.573759078979492,26216497152,24.416015625,7058520064,6.573759078979492,memlive_3b_fullrank_distopt_offload,DistOpt+offload,/home/zhengyangwang/offloading/ATC-Megatron/benchmarks/0525/memory_liveness_20260526T040751Z/raw/memlive_3b_fullrank_distopt_offload/post_backward_iter000003_rank00000_of00004.pickle,post_backward,ok,/home/zhengyangwang/offloading/ATC-Megatron/benchmarks/0525/memory_liveness_20260526T040751Z/raw/memlive_3b_fullrank_distopt_offload/post_backward_iter000003_rank00000_of00004.stats.json
19157977600,17.842257022857666,18,19157977088,17.842256546020508,0,114849280,0.10696172714233398,4,411041792,0.3828125,760231424,0.7080206871032715,FullRank,0,7058520064,6.573759078979492,26216497152,24.416015625,7058520064,6.573759078979492,memlive_3b_fullrank_distopt_offload,DistOpt+offload,/home/zhengyangwang/offloading/ATC-Megatron/benchmarks/0525/memory_liveness_20260526T040751Z/raw/memlive_3b_fullrank_distopt_offload/post_backward_iter000004_rank00000_of00004.pickle,post_backward,ok,/home/zhengyangwang/offloading/ATC-Megatron/benchmarks/0525/memory_liveness_20260526T040751Z/raw/memlive_3b_fullrank_distopt_offload/post_backward_iter000004_rank00000_of00004.stats.json
19157977600,17.842257022857666,18,19157977088,17.842256546020508,0,114849280,0.10696172714233398,5,411041792,0.3828125,760231424,0.7080206871032715,FullRank,0,7058520064,6.573759078979492,26216497152,24.416015625,7058520064,6.573759078979492,memlive_3b_fullrank_distopt_offload,DistOpt+offload,/home/zhengyangwang/offloading/ATC-Megatron/benchmarks/0525/memory_liveness_20260526T040751Z/raw/memlive_3b_fullrank_distopt_offload/post_backward_iter000005_rank00000_of00004.pickle,post_backward,ok,/home/zhengyangwang/offloading/ATC-Megatron/benchmarks/0525/memory_liveness_20260526T040751Z/raw/memlive_3b_fullrank_distopt_offload/post_backward_iter000005_rank00000_of00004.stats.json
19157977600,17.842257022857666,18,19157977088,17.842256546020508,0,114849280,0.10696172714233398,6,411041792,0.3828125,760231424,0.7080206871032715,FullRank,0,7058520064,6.573759078979492,26216497152,24.416015625,7058520064,6.573759078979492,memlive_3b_fullrank_distopt_offload,DistOpt+offload,/home/zhengyangwang/offloading/ATC-Megatron/benchmarks/0525/memory_liveness_20260526T040751Z/raw/memlive_3b_fullrank_distopt_offload/post_backward_iter000006_rank00000_of00004.pickle,post_backward,ok,/home/zhengyangwang/offloading/ATC-Megatron/benchmarks/0525/memory_liveness_20260526T040751Z/raw/memlive_3b_fullrank_distopt_offload/post_backward_iter000006_rank00000_of00004.stats.json
19157977600,17.842257022857666,18,19157977088,17.842256546020508,0,114849280,0.10696172714233398,7,411041792,0.3828125,760231424,0.7080206871032715,FullRank,0,7058520064,6.573759078979492,26216497152,24.416015625,7058520064,6.573759078979492,memlive_3b_fullrank_distopt_offload,DistOpt+offload,/home/zhengyangwang/offloading/ATC-Megatron/benchmarks/0525/memory_liveness_20260526T040751Z/raw/memlive_3b_fullrank_distopt_offload/post_backward_iter000007_rank00000_of00004.pickle,post_backward,ok,/home/zhengyangwang/offloading/ATC-Megatron/benchmarks/0525/memory_liveness_20260526T040751Z/raw/memlive_3b_fullrank_distopt_offload/post_backward_iter000007_rank00000_of00004.stats.json
19157977600,17.842257022857666,18,19157977088,17.842256546020508,0,114849280,0.10696172714233398,8,411041792,0.3828125,760231424,0.7080206871032715,FullRank,0,7058520064,6.573759078979492,26216497152,24.416015625,7058520064,6.573759078979492,memlive_3b_fullrank_distopt_offload,DistOpt+offload,/home/zhengyangwang/offloading/ATC-Megatron/benchmarks/0525/memory_liveness_20260526T040751Z/raw/memlive_3b_fullrank_distopt_offload/post_backward_iter000008_rank00000_of00004.pickle,post_backward,ok,/home/zhengyangwang/offloading/ATC-Megatron/benchmarks/0525/memory_liveness_20260526T040751Z/raw/memlive_3b_fullrank_distopt_offload/post_backward_iter000008_rank00000_of00004.stats.json
19157977600,17.842257022857666,18,19157977088,17.842256546020508,0,114849280,0.10696172714233398,9,411041792,0.3828125,760231424,0.7080206871032715,FullRank,0,7058520064,6.573759078979492,26216497152,24.416015625,7058520064,6.573759078979492,memlive_3b_fullrank_distopt_offload,DistOpt+offload,/home/zhengyangwang/offloading/ATC-Megatron/benchmarks/0525/memory_liveness_20260526T040751Z/raw/memlive_3b_fullrank_distopt_offload/post_backward_iter000009_rank00000_of00004.pickle,post_backward,ok,/home/zhengyangwang/offloading/ATC-Megatron/benchmarks/0525/memory_liveness_20260526T040751Z/raw/memlive_3b_fullrank_distopt_offload/post_backward_iter000009_rank00000_of00004.stats.json
19157977600,17.842257022857666,18,19157977088,17.842256546020508,0,114849280,0.10696172714233398,10,411041792,0.3828125,760231424,0.7080206871032715,FullRank,0,7058520064,6.573759078979492,26216497152,24.416015625,7058520064,6.573759078979492,memlive_3b_fullrank_distopt_offload,DistOpt+offload,/home/zhengyangwang/offloading/ATC-Megatron/benchmarks/0525/memory_liveness_20260526T040751Z/raw/memlive_3b_fullrank_distopt_offload/post_backward_iter000010_rank00000_of00004.pickle,post_backward,ok,/home/zhengyangwang/offloading/ATC-Megatron/benchmarks/0525/memory_liveness_20260526T040751Z/raw/memlive_3b_fullrank_distopt_offload/post_backward_iter000010_rank00000_of00004.stats.json
19157977600,17.842257022857666,18,19157977088,17.842256546020508,0,114849280,0.10696172714233398,11,411041792,0.3828125,760231424,0.7080206871032715,FullRank,0,7058520064,6.573759078979492,26216497152,24.416015625,7058520064,6.573759078979492,memlive_3b_fullrank_distopt_offload,DistOpt+offload,/home/zhengyangwang/offloading/ATC-Megatron/benchmarks/0525/memory_liveness_20260526T040751Z/raw/memlive_3b_fullrank_distopt_offload/post_backward_iter000011_rank00000_of00004.pickle,post_backward,ok,/home/zhengyangwang/offloading/ATC-Megatron/benchmarks/0525/memory_liveness_20260526T040751Z/raw/memlive_3b_fullrank_distopt_offload/post_backward_iter000011_rank00000_of00004.stats.json
19072340992,17.76250171661377,6,19072340480,17.76250123977661,0,3353600,0.0031232833862304688,0,205520896,0.19140625,70268416,0.06544256210327148,FullRank,0,6454193664,6.010936260223389,25526534144,23.7734375,6454193664,6.010936260223389,memlive_3b_fullrank_distopt_offload,DistOpt+offload,/home/zhengyangwang/offloading/ATC-Megatron/benchmarks/0525/memory_liveness_20260526T040751Z/raw/memlive_3b_fullrank_distopt_offload/post_init_iter000000_rank00000_of00004.pickle,post_init,ok,/home/zhengyangwang/offloading/ATC-Megatron/benchmarks/0525/memory_liveness_20260526T040751Z/raw/memlive_3b_fullrank_distopt_offload/post_init_iter000000_rank00000_of00004.stats.json
19157976576,17.84225606918335,16,19157976064,17.84225559234619,0,114850304,0.10696268081665039,0,411041792,0.3828125,760231424,0.7080206871032715,FullRank,0,7058521088,6.573760032653809,26216497152,24.416015625,7058521088,6.573760032653809,memlive_3b_fullrank_distopt_offload,DistOpt+offload,/home/zhengyangwang/offloading/ATC-Megatron/benchmarks/0525/memory_liveness_20260526T040751Z/raw/memlive_3b_fullrank_distopt_offload/post_optimizer_step_iter000000_rank00000_of00004.pickle,post_optimizer_step,ok,/home/zhengyangwang/offloading/ATC-Megatron/benchmarks/0525/memory_liveness_20260526T040751Z/raw/memlive_3b_fullrank_distopt_offload/post_optimizer_step_iter000000_rank00000_of00004.stats.json
19157977600,17.842257022857666,18,19157977088,17.842256546020508,0,114849280,0.10696172714233398,1,411041792,0.3828125,760231424,0.7080206871032715,FullRank,0,7058520064,6.573759078979492,26216497152,24.416015625,7058520064,6.573759078979492,memlive_3b_fullrank_distopt_offload,DistOpt+offload,/home/zhengyangwang/offloading/ATC-Megatron/benchmarks/0525/memory_liveness_20260526T040751Z/raw/memlive_3b_fullrank_distopt_offload/post_optimizer_step_iter000001_rank00000_of00004.pickle,post_optimizer_step,ok,/home/zhengyangwang/offloading/ATC-Megatron/benchmarks/0525/memory_liveness_20260526T040751Z/raw/memlive_3b_fullrank_distopt_offload/post_optimizer_step_iter000001_rank00000_of00004.stats.json
19157977600,17.842257022857666,18,19157977088,17.842256546020508,0,114849280,0.10696172714233398,2,411041792,0.3828125,760231424,0.7080206871032715,FullRank,0,7058520064,6.573759078979492,26216497152,24.416015625,7058520064,6.573759078979492,memlive_3b_fullrank_distopt_offload,DistOpt+offload,/home/zhengyangwang/offloading/ATC-Megatron/benchmarks/0525/memory_liveness_20260526T040751Z/raw/memlive_3b_fullrank_distopt_offload/post_optimizer_step_iter000002_rank00000_of00004.pickle,post_optimizer_step,ok,/home/zhengyangwang/offloading/ATC-Megatron/benchmarks/0525/memory_liveness_20260526T040751Z/raw/memlive_3b_fullrank_distopt_offload/post_optimizer_step_iter000002_rank00000_of00004.stats.json
19157977600,17.842257022857666,18,19157977088,17.842256546020508,0,114849280,0.10696172714233398,3,411041792,0.3828125,760231424,0.7080206871032715,FullRank,0,7058520064,6.573759078979492,26216497152,24.416015625,7058520064,6.573759078979492,memlive_3b_fullrank_distopt_offload,DistOpt+offload,/home/zhengyangwang/offloading/ATC-Megatron/benchmarks/0525/memory_liveness_20260526T040751Z/raw/memlive_3b_fullrank_distopt_offload/post_optimizer_step_iter000003_rank00000_of00004.pickle,post_optimizer_step,ok,/home/zhengyangwang/offloading/ATC-Megatron/benchmarks/0525/memory_liveness_20260526T040751Z/raw/memlive_3b_fullrank_distopt_offload/post_optimizer_step_iter000003_rank00000_of00004.stats.json
19157977600,17.842257022857666,18,19157977088,17.842256546020508,0,114849280,0.10696172714233398,4,411041792,0.3828125,760231424,0.7080206871032715,FullRank,0,7058520064,6.573759078979492,26216497152,24.416015625,7058520064,6.573759078979492,memlive_3b_fullrank_distopt_offload,DistOpt+offload,/home/zhengyangwang/offloading/ATC-Megatron/benchmarks/0525/memory_liveness_20260526T040751Z/raw/memlive_3b_fullrank_distopt_offload/post_optimizer_step_iter000004_rank00000_of00004.pickle,post_optimizer_step,ok,/home/zhengyangwang/offloading/ATC-Megatron/benchmarks/0525/memory_liveness_20260526T040751Z/raw/memlive_3b_fullrank_distopt_offload/post_optimizer_step_iter000004_rank00000_of00004.stats.json
19157977600,17.842257022857666,18,19157977088,17.842256546020508,0,114849280,0.10696172714233398,5,411041792,0.3828125,760231424,0.7080206871032715,FullRank,0,7058520064,6.573759078979492,26216497152,24.416015625,7058520064,6.573759078979492,memlive_3b_fullrank_distopt_offload,DistOpt+offload,/home/zhengyangwang/offloading/ATC-Megatron/benchmarks/0525/memory_liveness_20260526T040751Z/raw/memlive_3b_fullrank_distopt_offload/post_optimizer_step_iter000005_rank00000_of00004.pickle,post_optimizer_step,ok,/home/zhengyangwang/offloading/ATC-Megatron/benchmarks/0525/memory_liveness_20260526T040751Z/raw/memlive_3b_fullrank_distopt_offload/post_optimizer_step_iter000005_rank00000_of00004.stats.json
19157977600,17.842257022857666,18,19157977088,17.842256546020508,0,114849280,0.10696172714233398,6,411041792,0.3828125,760231424,0.7080206871032715,FullRank,0,7058520064,6.573759078979492,26216497152,24.416015625,7058520064,6.573759078979492,memlive_3b_fullrank_distopt_offload,DistOpt+offload,/home/zhengyangwang/offloading/ATC-Megatron/benchmarks/0525/memory_liveness_20260526T040751Z/raw/memlive_3b_fullrank_distopt_offload/post_optimizer_step_iter000006_rank00000_of00004.pickle,post_optimizer_step,ok,/home/zhengyangwang/offloading/ATC-Megatron/benchmarks/0525/memory_liveness_20260526T040751Z/raw/memlive_3b_fullrank_distopt_offload/post_optimizer_step_iter000006_rank00000_of00004.stats.json
19157977600,17.842257022857666,18,19157977088,17.842256546020508,0,114849280,0.10696172714233398,7,411041792,0.3828125,760231424,0.7080206871032715,FullRank,0,7058520064,6.573759078979492,26216497152,24.416015625,7058520064,6.573759078979492,memlive_3b_fullrank_distopt_offload,DistOpt+offload,/home/zhengyangwang/offloading/ATC-Megatron/benchmarks/0525/memory_liveness_20260526T040751Z/raw/memlive_3b_fullrank_distopt_offload/post_optimizer_step_iter000007_rank00000_of00004.pickle,post_optimizer_step,ok,/home/zhengyangwang/offloading/ATC-Megatron/benchmarks/0525/memory_liveness_20260526T040751Z/raw/memlive_3b_fullrank_distopt_offload/post_optimizer_step_iter000007_rank00000_of00004.stats.json
19157977600,17.842257022857666,18,19157977088,17.842256546020508,0,114849280,0.10696172714233398,8,411041792,0.3828125,760231424,0.7080206871032715,FullRank,0,7058520064,6.573759078979492,26216497152,24.416015625,7058520064,6.573759078979492,memlive_3b_fullrank_distopt_offload,DistOpt+offload,/home/zhengyangwang/offloading/ATC-Megatron/benchmarks/0525/memory_liveness_20260526T040751Z/raw/memlive_3b_fullrank_distopt_offload/post_optimizer_step_iter000008_rank00000_of00004.pickle,post_optimizer_step,ok,/home/zhengyangwang/offloading/ATC-Megatron/benchmarks/0525/memory_liveness_20260526T040751Z/raw/memlive_3b_fullrank_distopt_offload/post_optimizer_step_iter000008_rank00000_of00004.stats.json
19157977600,17.842257022857666,18,19157977088,17.842256546020508,0,114849280,0.10696172714233398,9,411041792,0.3828125,760231424,0.7080206871032715,FullRank,0,7058520064,6.573759078979492,26216497152,24.416015625,7058520064,6.573759078979492,memlive_3b_fullrank_distopt_offload,DistOpt+offload,/home/zhengyangwang/offloading/ATC-Megatron/benchmarks/0525/memory_liveness_20260526T040751Z/raw/memlive_3b_fullrank_distopt_offload/post_optimizer_step_iter000009_rank00000_of00004.pickle,post_optimizer_step,ok,/home/zhengyangwang/offloading/ATC-Megatron/benchmarks/0525/memory_liveness_20260526T040751Z/raw/memlive_3b_fullrank_distopt_offload/post_optimizer_step_iter000009_rank00000_of00004.stats.json
19157977600,17.842257022857666,18,19157977088,17.842256546020508,0,114849280,0.10696172714233398,10,411041792,0.3828125,760231424,0.7080206871032715,FullRank,0,7058520064,6.573759078979492,26216497152,24.416015625,7058520064,6.573759078979492,memlive_3b_fullrank_distopt_offload,DistOpt+offload,/home/zhengyangwang/offloading/ATC-Megatron/benchmarks/0525/memory_liveness_20260526T040751Z/raw/memlive_3b_fullrank_distopt_offload/post_optimizer_step_iter000010_rank00000_of00004.pickle,post_optimizer_step,ok,/home/zhengyangwang/offloading/ATC-Megatron/benchmarks/0525/memory_liveness_20260526T040751Z/raw/memlive_3b_fullrank_distopt_offload/post_optimizer_step_iter000010_rank00000_of00004.stats.json
19157977600,17.842257022857666,18,19157977088,17.842256546020508,0,114849280,0.10696172714233398,11,411041792,0.3828125,760231424,0.7080206871032715,FullRank,0,7058520064,6.573759078979492,26216497152,24.416015625,7058520064,6.573759078979492,memlive_3b_fullrank_distopt_offload,DistOpt+offload,/home/zhengyangwang/offloading/ATC-Megatron/benchmarks/0525/memory_liveness_20260526T040751Z/raw/memlive_3b_fullrank_distopt_offload/post_optimizer_step_iter000011_rank00000_of00004.pickle,post_optimizer_step,ok,/home/zhengyangwang/offloading/ATC-Megatron/benchmarks/0525/memory_liveness_20260526T040751Z/raw/memlive_3b_fullrank_distopt_offload/post_optimizer_step_iter000011_rank00000_of00004.stats.json
19157977088,17.842256546020508,17,19157976576,17.84225606918335,0,114849792,0.10696220397949219,10,411041792,0.3828125,760231424,0.7080206871032715,FullRank,0,7058520576,6.57375955581665,26216497152,24.416015625,7058520576,6.57375955581665,memlive_3b_fullrank_distopt_offload,DistOpt+offload,/home/zhengyangwang/offloading/ATC-Megatron/benchmarks/0525/memory_liveness_20260526T040751Z/raw/memlive_3b_fullrank_distopt_offload/steady_state_after_iter_10_iter000010_rank00000_of00004.pickle,steady_state_after_iter_10,ok,/home/zhengyangwang/offloading/ATC-Megatron/benchmarks/0525/memory_liveness_20260526T040751Z/raw/memlive_3b_fullrank_distopt_offload/steady_state_after_iter_10_iter000010_rank00000_of00004.stats.json
8043937280,7.491500377655029,66,8043936768,7.491499900817871,0,214647296,0.1999058723449707,0,819986432,0.763671875,8048406016,7.495662212371826,FullRank,0,18849940480,17.55537509918213,26893877248,25.046875,18849940480,17.55537509918213,memlive_3b_fullrank_fsdp,FSDP,/home/zhengyangwang/offloading/ATC-Megatron/benchmarks/0525/memory_liveness_20260526T040751Z/raw/memlive_3b_fullrank_fsdp/post_backward_iter000000_rank00000_of00004.pickle,post_backward,ok,/home/zhengyangwang/offloading/ATC-Megatron/benchmarks/0525/memory_liveness_20260526T040751Z/raw/memlive_3b_fullrank_fsdp/post_backward_iter000000_rank00000_of00004.stats.json
7958301696,7.411746025085449,56,7958301184,7.411745548248291,0,77984768,0.07262897491455078,0,38829568,0.0361628532409668,6778384384,6.312862396240234,FullRank,0,80082432,0.07458257675170898,8038383616,7.486328125,80082432,0.07458257675170898,memlive_3b_fullrank_fsdp,FSDP,/home/zhengyangwang/offloading/ATC-Megatron/benchmarks/0525/memory_liveness_20260526T040751Z/raw/memlive_3b_fullrank_fsdp/post_init_iter000000_rank00000_of00004.pickle,post_init,ok,/home/zhengyangwang/offloading/ATC-Megatron/benchmarks/0525/memory_liveness_20260526T040751Z/raw/memlive_3b_fullrank_fsdp/post_init_iter000000_rank00000_of00004.stats.json
1839437824,1.7131099700927734,26,1839437312,1.7131094932556152,0,182216704,0.16970252990722656,0,819986432,0.763671875,1947216896,1.8134870529174805,FullRank,0,5764835840,5.368921756744385,7604273152,7.08203125,5764835840,5.368921756744385,memlive_3b_fullrank_fsdp_fsdp_4layer,FSDP,/home/zhengyangwang/offloading/ATC-Megatron/benchmarks/0525/memory_liveness_20260526T040751Z/raw/memlive_3b_fullrank_fsdp_fsdp_4layer/post_backward_iter000000_rank00000_of00004.pickle,post_backward,ok,/home/zhengyangwang/offloading/ATC-Megatron/benchmarks/0525/memory_liveness_20260526T040751Z/raw/memlive_3b_fullrank_fsdp_fsdp_4layer/post_backward_iter000000_rank00000_of00004.stats.json
1753802240,1.6333556175231934,16,1753801728,1.6333551406860352,0,47651328,0.04437875747680664,0,38829568,0.0361628532409668,1344252928,1.2519330978393555,FullRank,0,49748992,0.046332359313964844,1803550720,1.6796875,49748992,0.046332359313964844,memlive_3b_fullrank_fsdp_fsdp_4layer,FSDP,/home/zhengyangwang/offloading/ATC-Megatron/benchmarks/0525/memory_liveness_20260526T040751Z/raw/memlive_3b_fullrank_fsdp_fsdp_4layer/post_init_iter000000_rank00000_of00004.pickle,post_init,ok,/home/zhengyangwang/offloading/ATC-Megatron/benchmarks/0525/memory_liveness_20260526T040751Z/raw/memlive_3b_fullrank_fsdp_fsdp_4layer/post_init_iter000000_rank00000_of00004.stats.json
8043936768,7.491499900817871,65,8043936256,7.491499423980713,0,332088320,0.3092813491821289,0,819986432,0.763671875,7538798592,7.021053314208984,FullRank,0,18340333056,17.080766201019287,26384269312,24.572265625,18340333056,17.080766201019287,memlive_3b_fullrank_fsdp_offload,FSDP+offload,/home/zhengyangwang/offloading/ATC-Megatron/benchmarks/0525/memory_liveness_20260526T040751Z/raw/memlive_3b_fullrank_fsdp_offload/post_backward_iter000000_rank00000_of00004.pickle,post_backward,ok,/home/zhengyangwang/offloading/ATC-Megatron/benchmarks/0525/memory_liveness_20260526T040751Z/raw/memlive_3b_fullrank_fsdp_offload/post_backward_iter000000_rank00000_of00004.stats.json
8043937792,7.4915008544921875,67,8043937280,7.491500377655029,0,332087296,0.3092803955078125,1,819986432,0.763671875,8532848640,7.946834564208984,FullRank,0,19334382080,18.00654649734497,27378319360,25.498046875,19334382080,18.00654649734497,memlive_3b_fullrank_fsdp_offload,FSDP+offload,/home/zhengyangwang/offloading/ATC-Megatron/benchmarks/0525/memory_liveness_20260526T040751Z/raw/memlive_3b_fullrank_fsdp_offload/post_backward_iter000001_rank00000_of00004.pickle,post_backward,ok,/home/zhengyangwang/offloading/ATC-Megatron/benchmarks/0525/memory_liveness_20260526T040751Z/raw/memlive_3b_fullrank_fsdp_offload/post_backward_iter000001_rank00000_of00004.stats.json
8043937792,7.4915008544921875,67,8043937280,7.491500377655029,0,334184448,0.3112335205078125,2,819986432,0.763671875,8532848640,7.946834564208984,FullRank,0,19334382080,18.00654649734497,27378319360,25.498046875,19334382080,18.00654649734497,memlive_3b_fullrank_fsdp_offload,FSDP+offload,/home/zhengyangwang/offloading/ATC-Megatron/benchmarks/0525/memory_liveness_20260526T040751Z/raw/memlive_3b_fullrank_fsdp_offload/post_backward_iter000002_rank00000_of00004.pickle,post_backward,ok,/home/zhengyangwang/offloading/ATC-Megatron/benchmarks/0525/memory_liveness_20260526T040751Z/raw/memlive_3b_fullrank_fsdp_offload/post_backward_iter000002_rank00000_of00004.stats.json
8043937792,7.4915008544921875,67,8043937280,7.491500377655029,0,332087296,0.3092803955078125,3,819986432,0.763671875,8532848640,7.946834564208984,FullRank,0,19334382080,18.00654649734497,27378319360,25.498046875,19334382080,18.00654649734497,memlive_3b_fullrank_fsdp_offload,FSDP+offload,/home/zhengyangwang/offloading/ATC-Megatron/benchmarks/0525/memory_liveness_20260526T040751Z/raw/memlive_3b_fullrank_fsdp_offload/post_backward_iter000003_rank00000_of00004.pickle,post_backward,ok,/home/zhengyangwang/offloading/ATC-Megatron/benchmarks/0525/memory_liveness_20260526T040751Z/raw/memlive_3b_fullrank_fsdp_offload/post_backward_iter000003_rank00000_of00004.stats.json
8043937792,7.4915008544921875,67,8043937280,7.491500377655029,0,332087296,0.3092803955078125,4,819986432,0.763671875,8532848640,7.946834564208984,FullRank,0,19334382080,18.00654649734497,27378319360,25.498046875,19334382080,18.00654649734497,memlive_3b_fullrank_fsdp_offload,FSDP+offload,/home/zhengyangwang/offloading/ATC-Megatron/benchmarks/0525/memory_liveness_20260526T040751Z/raw/memlive_3b_fullrank_fsdp_offload/post_backward_iter000004_rank00000_of00004.pickle,post_backward,ok,/home/zhengyangwang/offloading/ATC-Megatron/benchmarks/0525/memory_liveness_20260526T040751Z/raw/memlive_3b_fullrank_fsdp_offload/post_backward_iter000004_rank00000_of00004.stats.json
8043937792,7.4915008544921875,67,8043937280,7.491500377655029,0,332087296,0.3092803955078125,5,819986432,0.763671875,8532848640,7.946834564208984,FullRank,0,19334382080,18.00654649734497,27378319360,25.498046875,19334382080,18.00654649734497,memlive_3b_fullrank_fsdp_offload,FSDP+offload,/home/zhengyangwang/offloading/ATC-Megatron/benchmarks/0525/memory_liveness_20260526T040751Z/raw/memlive_3b_fullrank_fsdp_offload/post_backward_iter000005_rank00000_of00004.pickle,post_backward,ok,/home/zhengyangwang/offloading/ATC-Megatron/benchmarks/0525/memory_liveness_20260526T040751Z/raw/memlive_3b_fullrank_fsdp_offload/post_backward_iter000005_rank00000_of00004.stats.json
8043937792,7.4915008544921875,67,8043937280,7.491500377655029,0,332087296,0.3092803955078125,6,819986432,0.763671875,8532848640,7.946834564208984,FullRank,0,19334382080,18.00654649734497,27378319360,25.498046875,19334382080,18.00654649734497,memlive_3b_fullrank_fsdp_offload,FSDP+offload,/home/zhengyangwang/offloading/ATC-Megatron/benchmarks/0525/memory_liveness_20260526T040751Z/raw/memlive_3b_fullrank_fsdp_offload/post_backward_iter000006_rank00000_of00004.pickle,post_backward,ok,/home/zhengyangwang/offloading/ATC-Megatron/benchmarks/0525/memory_liveness_20260526T040751Z/raw/memlive_3b_fullrank_fsdp_offload/post_backward_iter000006_rank00000_of00004.stats.json
8043937792,7.4915008544921875,67,8043937280,7.491500377655029,0,332087296,0.3092803955078125,7,819986432,0.763671875,8532848640,7.946834564208984,FullRank,0,19334382080,18.00654649734497,27378319360,25.498046875,19334382080,18.00654649734497,memlive_3b_fullrank_fsdp_offload,FSDP+offload,/home/zhengyangwang/offloading/ATC-Megatron/benchmarks/0525/memory_liveness_20260526T040751Z/raw/memlive_3b_fullrank_fsdp_offload/post_backward_iter000007_rank00000_of00004.pickle,post_backward,ok,/home/zhengyangwang/offloading/ATC-Megatron/benchmarks/0525/memory_liveness_20260526T040751Z/raw/memlive_3b_fullrank_fsdp_offload/post_backward_iter000007_rank00000_of00004.stats.json
8043937792,7.4915008544921875,67,8043937280,7.491500377655029,0,332087296,0.3092803955078125,8,819986432,0.763671875,8532848640,7.946834564208984,FullRank,0,19334382080,18.00654649734497,27378319360,25.498046875,19334382080,18.00654649734497,memlive_3b_fullrank_fsdp_offload,FSDP+offload,/home/zhengyangwang/offloading/ATC-Megatron/benchmarks/0525/memory_liveness_20260526T040751Z/raw/memlive_3b_fullrank_fsdp_offload/post_backward_iter000008_rank00000_of00004.pickle,post_backward,ok,/home/zhengyangwang/offloading/ATC-Megatron/benchmarks/0525/memory_liveness_20260526T040751Z/raw/memlive_3b_fullrank_fsdp_offload/post_backward_iter000008_rank00000_of00004.stats.json
8043937792,7.4915008544921875,67,8043937280,7.491500377655029,0,332087296,0.3092803955078125,9,819986432,0.763671875,8532848640,7.946834564208984,FullRank,0,19334382080,18.00654649734497,27378319360,25.498046875,19334382080,18.00654649734497,memlive_3b_fullrank_fsdp_offload,FSDP+offload,/home/zhengyangwang/offloading/ATC-Megatron/benchmarks/0525/memory_liveness_20260526T040751Z/raw/memlive_3b_fullrank_fsdp_offload/post_backward_iter000009_rank00000_of00004.pickle,post_backward,ok,/home/zhengyangwang/offloading/ATC-Megatron/benchmarks/0525/memory_liveness_20260526T040751Z/raw/memlive_3b_fullrank_fsdp_offload/post_backward_iter000009_rank00000_of00004.stats.json
8043937792,7.4915008544921875,67,8043937280,7.491500377655029,0,332087296,0.3092803955078125,10,819986432,0.763671875,8532848640,7.946834564208984,FullRank,0,19334382080,18.00654649734497,27378319360,25.498046875,19334382080,18.00654649734497,memlive_3b_fullrank_fsdp_offload,FSDP+offload,/home/zhengyangwang/offloading/ATC-Megatron/benchmarks/0525/memory_liveness_20260526T040751Z/raw/memlive_3b_fullrank_fsdp_offload/post_backward_iter000010_rank00000_of00004.pickle,post_backward,ok,/home/zhengyangwang/offloading/ATC-Megatron/benchmarks/0525/memory_liveness_20260526T040751Z/raw/memlive_3b_fullrank_fsdp_offload/post_backward_iter000010_rank00000_of00004.stats.json
8043937792,7.4915008544921875,67,8043937280,7.491500377655029,0,332087296,0.3092803955078125,11,819986432,0.763671875,8532848640,7.946834564208984,FullRank,0,19334382080,18.00654649734497,27378319360,25.498046875,19334382080,18.00654649734497,memlive_3b_fullrank_fsdp_offload,FSDP+offload,/home/zhengyangwang/offloading/ATC-Megatron/benchmarks/0525/memory_liveness_20260526T040751Z/raw/memlive_3b_fullrank_fsdp_offload/post_backward_iter000011_rank00000_of00004.pickle,post_backward,ok,/home/zhengyangwang/offloading/ATC-Megatron/benchmarks/0525/memory_liveness_20260526T040751Z/raw/memlive_3b_fullrank_fsdp_offload/post_backward_iter000011_rank00000_of00004.stats.json
7958301184,7.411745548248291,55,7958300672,7.411745071411133,0,77985280,0.07262945175170898,0,205520896,0.19140625,6572866048,6.121458530426025,FullRank,0,285603840,0.2659893035888672,8243904512,7.677734375,285603840,0.2659893035888672,memlive_3b_fullrank_fsdp_offload,FSDP+offload,/home/zhengyangwang/offloading/ATC-Megatron/benchmarks/0525/memory_liveness_20260526T040751Z/raw/memlive_3b_fullrank_fsdp_offload/post_init_iter000000_rank00000_of00004.pickle,post_init,ok,/home/zhengyangwang/offloading/ATC-Megatron/benchmarks/0525/memory_liveness_20260526T040751Z/raw/memlive_3b_fullrank_fsdp_offload/post_init_iter000000_rank00000_of00004.stats.json
9694265856,9.028488636016846,71,9694265856,9.028488636016846,0,340606464,0.3172144889831543,0,819986432,0.763671875,7538798592,7.021053314208984,FullRank,0,16690003456,15.543776988983154,26384269312,24.572265625,16690003456,15.543776988983154,memlive_3b_fullrank_fsdp_offload,FSDP+offload,/home/zhengyangwang/offloading/ATC-Megatron/benchmarks/0525/memory_liveness_20260526T040751Z/raw/memlive_3b_fullrank_fsdp_offload/post_optimizer_step_iter000000_rank00000_of00004.pickle,post_optimizer_step,ok,/home/zhengyangwang/offloading/ATC-Megatron/benchmarks/0525/memory_liveness_20260526T040751Z/raw/memlive_3b_fullrank_fsdp_offload/post_optimizer_step_iter000000_rank00000_of00004.stats.json
9694266880,9.028489589691162,73,9694266880,9.028489589691162,0,340605440,0.3172135353088379,1,819986432,0.763671875,8532848640,7.946834564208984,FullRank,0,17684052480,16.469557285308838,27378319360,25.498046875,17684052480,16.469557285308838,memlive_3b_fullrank_fsdp_offload,FSDP+offload,/home/zhengyangwang/offloading/ATC-Megatron/benchmarks/0525/memory_liveness_20260526T040751Z/raw/memlive_3b_fullrank_fsdp_offload/post_optimizer_step_iter000001_rank00000_of00004.pickle,post_optimizer_step,ok,/home/zhengyangwang/offloading/ATC-Megatron/benchmarks/0525/memory_liveness_20260526T040751Z/raw/memlive_3b_fullrank_fsdp_offload/post_optimizer_step_iter000001_rank00000_of00004.stats.json
9694266880,9.028489589691162,73,9694266880,9.028489589691162,0,340605440,0.3172135353088379,2,819986432,0.763671875,8532848640,7.946834564208984,FullRank,0,17684052480,16.469557285308838,27378319360,25.498046875,17684052480,16.469557285308838,memlive_3b_fullrank_fsdp_offload,FSDP+offload,/home/zhengyangwang/offloading/ATC-Megatron/benchmarks/0525/memory_liveness_20260526T040751Z/raw/memlive_3b_fullrank_fsdp_offload/post_optimizer_step_iter000002_rank00000_of00004.pickle,post_optimizer_step,ok,/home/zhengyangwang/offloading/ATC-Megatron/benchmarks/0525/memory_liveness_20260526T040751Z/raw/memlive_3b_fullrank_fsdp_offload/post_optimizer_step_iter000002_rank00000_of00004.stats.json
9694266880,9.028489589691162,73,9694266880,9.028489589691162,0,340605440,0.3172135353088379,3,819986432,0.763671875,8532848640,7.946834564208984,FullRank,0,17684052480,16.469557285308838,27378319360,25.498046875,17684052480,16.469557285308838,memlive_3b_fullrank_fsdp_offload,FSDP+offload,/home/zhengyangwang/offloading/ATC-Megatron/benchmarks/0525/memory_liveness_20260526T040751Z/raw/memlive_3b_fullrank_fsdp_offload/post_optimizer_step_iter000003_rank00000_of00004.pickle,post_optimizer_step,ok,/home/zhengyangwang/offloading/ATC-Megatron/benchmarks/0525/memory_liveness_20260526T040751Z/raw/memlive_3b_fullrank_fsdp_offload/post_optimizer_step_iter000003_rank00000_of00004.stats.json
9694266880,9.028489589691162,73,9694266880,9.028489589691162,0,340605440,0.3172135353088379,4,819986432,0.763671875,8532848640,7.946834564208984,FullRank,0,17684052480,16.469557285308838,27378319360,25.498046875,17684052480,16.469557285308838,memlive_3b_fullrank_fsdp_offload,FSDP+offload,/home/zhengyangwang/offloading/ATC-Megatron/benchmarks/0525/memory_liveness_20260526T040751Z/raw/memlive_3b_fullrank_fsdp_offload/post_optimizer_step_iter000004_rank00000_of00004.pickle,post_optimizer_step,ok,/home/zhengyangwang/offloading/ATC-Megatron/benchmarks/0525/memory_liveness_20260526T040751Z/raw/memlive_3b_fullrank_fsdp_offload/post_optimizer_step_iter000004_rank00000_of00004.stats.json
9694266880,9.028489589691162,73,9694266880,9.028489589691162,0,340605440,0.3172135353088379,5,819986432,0.763671875,8532848640,7.946834564208984,FullRank,0,17684052480,16.469557285308838,27378319360,25.498046875,17684052480,16.469557285308838,memlive_3b_fullrank_fsdp_offload,FSDP+offload,/home/zhengyangwang/offloading/ATC-Megatron/benchmarks/0525/memory_liveness_20260526T040751Z/raw/memlive_3b_fullrank_fsdp_offload/post_optimizer_step_iter000005_rank00000_of00004.pickle,post_optimizer_step,ok,/home/zhengyangwang/offloading/ATC-Megatron/benchmarks/0525/memory_liveness_20260526T040751Z/raw/memlive_3b_fullrank_fsdp_offload/post_optimizer_step_iter000005_rank00000_of00004.stats.json
9694266880,9.028489589691162,73,9694266880,9.028489589691162,0,340605440,0.3172135353088379,6,819986432,0.763671875,8532848640,7.946834564208984,FullRank,0,17684052480,16.469557285308838,27378319360,25.498046875,17684052480,16.469557285308838,memlive_3b_fullrank_fsdp_offload,FSDP+offload,/home/zhengyangwang/offloading/ATC-Megatron/benchmarks/0525/memory_liveness_20260526T040751Z/raw/memlive_3b_fullrank_fsdp_offload/post_optimizer_step_iter000006_rank00000_of00004.pickle,post_optimizer_step,ok,/home/zhengyangwang/offloading/ATC-Megatron/benchmarks/0525/memory_liveness_20260526T040751Z/raw/memlive_3b_fullrank_fsdp_offload/post_optimizer_step_iter000006_rank00000_of00004.stats.json
9694266880,9.028489589691162,73,9694266880,9.028489589691162,0,340605440,0.3172135353088379,7,819986432,0.763671875,8532848640,7.946834564208984,FullRank,0,17684052480,16.469557285308838,27378319360,25.498046875,17684052480,16.469557285308838,memlive_3b_fullrank_fsdp_offload,FSDP+offload,/home/zhengyangwang/offloading/ATC-Megatron/benchmarks/0525/memory_liveness_20260526T040751Z/raw/memlive_3b_fullrank_fsdp_offload/post_optimizer_step_iter000007_rank00000_of00004.pickle,post_optimizer_step,ok,/home/zhengyangwang/offloading/ATC-Megatron/benchmarks/0525/memory_liveness_20260526T040751Z/raw/memlive_3b_fullrank_fsdp_offload/post_optimizer_step_iter000007_rank00000_of00004.stats.json
9694266880,9.028489589691162,73,9694266880,9.028489589691162,0,340605440,0.3172135353088379,8,819986432,0.763671875,8532848640,7.946834564208984,FullRank,0,17684052480,16.469557285308838,27378319360,25.498046875,17684052480,16.469557285308838,memlive_3b_fullrank_fsdp_offload,FSDP+offload,/home/zhengyangwang/offloading/ATC-Megatron/benchmarks/0525/memory_liveness_20260526T040751Z/raw/memlive_3b_fullrank_fsdp_offload/post_optimizer_step_iter000008_rank00000_of00004.pickle,post_optimizer_step,ok,/home/zhengyangwang/offloading/ATC-Megatron/benchmarks/0525/memory_liveness_20260526T040751Z/raw/memlive_3b_fullrank_fsdp_offload/post_optimizer_step_iter000008_rank00000_of00004.stats.json
9694266880,9.028489589691162,73,9694266880,9.028489589691162,0,340605440,0.3172135353088379,9,819986432,0.763671875,8532848640,7.946834564208984,FullRank,0,17684052480,16.469557285308838,27378319360,25.498046875,17684052480,16.469557285308838,memlive_3b_fullrank_fsdp_offload,FSDP+offload,/home/zhengyangwang/offloading/ATC-Megatron/benchmarks/0525/memory_liveness_20260526T040751Z/raw/memlive_3b_fullrank_fsdp_offload/post_optimizer_step_iter000009_rank00000_of00004.pickle,post_optimizer_step,ok,/home/zhengyangwang/offloading/ATC-Megatron/benchmarks/0525/memory_liveness_20260526T040751Z/raw/memlive_3b_fullrank_fsdp_offload/post_optimizer_step_iter000009_rank00000_of00004.stats.json
9694266880,9.028489589691162,73,9694266880,9.028489589691162,0,340605440,0.3172135353088379,10,819986432,0.763671875,8532848640,7.946834564208984,FullRank,0,17684052480,16.469557285308838,27378319360,25.498046875,17684052480,16.469557285308838,memlive_3b_fullrank_fsdp_offload,FSDP+offload,/home/zhengyangwang/offloading/ATC-Megatron/benchmarks/0525/memory_liveness_20260526T040751Z/raw/memlive_3b_fullrank_fsdp_offload/post_optimizer_step_iter000010_rank00000_of00004.pickle,post_optimizer_step,ok,/home/zhengyangwang/offloading/ATC-Megatron/benchmarks/0525/memory_liveness_20260526T040751Z/raw/memlive_3b_fullrank_fsdp_offload/post_optimizer_step_iter000010_rank00000_of00004.stats.json
9694266880,9.028489589691162,73,9694266880,9.028489589691162,0,340605440,0.3172135353088379,11,819986432,0.763671875,8532848640,7.946834564208984,FullRank,0,17684052480,16.469557285308838,27378319360,25.498046875,17684052480,16.469557285308838,memlive_3b_fullrank_fsdp_offload,FSDP+offload,/home/zhengyangwang/offloading/ATC-Megatron/benchmarks/0525/memory_liveness_20260526T040751Z/raw/memlive_3b_fullrank_fsdp_offload/post_optimizer_step_iter000011_rank00000_of00004.pickle,post_optimizer_step,ok,/home/zhengyangwang/offloading/ATC-Megatron/benchmarks/0525/memory_liveness_20260526T040751Z/raw/memlive_3b_fullrank_fsdp_offload/post_optimizer_step_iter000011_rank00000_of00004.stats.json
9694266880,9.028489589691162,72,9694266368,9.028489112854004,0,340605440,0.3172135353088379,10,819986432,0.763671875,8532848640,7.946834564208984,FullRank,0,17684052992,16.469557762145996,27378319360,25.498046875,17684052992,16.469557762145996,memlive_3b_fullrank_fsdp_offload,FSDP+offload,/home/zhengyangwang/offloading/ATC-Megatron/benchmarks/0525/memory_liveness_20260526T040751Z/raw/memlive_3b_fullrank_fsdp_offload/steady_state_after_iter_10_iter000010_rank00000_of00004.pickle,steady_state_after_iter_10,ok,/home/zhengyangwang/offloading/ATC-Megatron/benchmarks/0525/memory_liveness_20260526T040751Z/raw/memlive_3b_fullrank_fsdp_offload/steady_state_after_iter_10_iter000010_rank00000_of00004.stats.json
