block_state,bytes,gb,model_impl,rank,run_id,runtime_mode,snapshot_phase,stack
active_allocated,9649225816,8.986541830003262,CoLA,0,memlive_3b_cola_distopt,DistOpt,post_backward,unavailable
active_allocated,67518473,0.06288147810846567,CoLA,0,memlive_3b_cola_distopt,DistOpt,post_backward,"??:?:torch::unwind::unwind() | ??:?:torch::CapturedTraceback::gather(bool, bool, bool) | memory_snapshot.cpp:?:torch::cuda::(anonymous namespace)::gather_with_cpp() | CUDACachingAllocator.cpp:?:c10::cuda::CUDACachingAllocator::Native::DeviceCachingAllocator::malloc(signed char, unsigned long, CUstream_st*) | ?:?:c10::cuda::CUDACachingAllocator::Native::NativeCachingAllocator::malloc(void**, signed char, unsigned long, CUstream_st*) | ?:?:c10::cuda::CUDACachingAllocator::Native::NativeCachingAllocator::allocate(unsigned long) | ?:?:at::TensorBase at::detail::_empty_generic<long>(c10::ArrayRef<long>, c10::Allocator*, c10::DispatchKeySet, c10::ScalarType, std::optional<c10::MemoryFormat>) | ??:?:at::detail::empty_generic(c10::ArrayRef<long>, c10::Allocator*, c10::DispatchKeySet, c10::ScalarType, std::optional<c10::MemoryFormat>)"
active_allocated,17039360,0.015869140625,CoLA,0,memlive_3b_cola_distopt,DistOpt,post_backward,"??:?:torch::unwind::unwind() | ??:?:torch::CapturedTraceback::gather(bool, bool, bool) | memory_snapshot.cpp:?:torch::cuda::(anonymous namespace)::gather_with_cpp() | CUDACachingAllocator.cpp:?:c10::cuda::CUDACachingAllocator::Native::DeviceCachingAllocator::malloc(signed char, unsigned long, CUstream_st*) | ?:?:c10::cuda::CUDACachingAllocator::Native::NativeCachingAllocator::malloc(void**, signed char, unsigned long, CUstream_st*) | ?:?:c10::cuda::CUDACachingAllocator::Native::NativeCachingAllocator::allocate(unsigned long) | ?:?:at::cuda::getNewWorkspace() | ??:?:at::cuda::getCurrentCUDABlasHandle()"
active_allocated,1077248,0.001003265380859375,CoLA,0,memlive_3b_cola_distopt,DistOpt,post_backward,"??:?:torch::unwind::unwind() | ??:?:torch::CapturedTraceback::gather(bool, bool, bool) | memory_snapshot.cpp:?:torch::cuda::(anonymous namespace)::gather_with_cpp() | CUDACachingAllocator.cpp:?:c10::cuda::CUDACachingAllocator::Native::DeviceCachingAllocator::malloc(signed char, unsigned long, CUstream_st*) | ?:?:c10::cuda::CUDACachingAllocator::Native::NativeCachingAllocator::malloc(void**, signed char, unsigned long, CUstream_st*) | ?:?:c10::cuda::CUDACachingAllocator::Native::NativeCachingAllocator::allocate(unsigned long) | ?:?:at::TensorBase at::detail::_empty_strided_generic<c10::ArrayRef<long> >(c10::ArrayRef<long>, c10::ArrayRef<long>, c10::Allocator*, c10::DispatchKeySet, c10::ScalarType) | ??:?:at::detail::empty_strided_generic(c10::ArrayRef<long>, c10::ArrayRef<long>, c10::Allocator*, c10::DispatchKeySet, c10::ScalarType)"
active_allocated,9649225816,8.986541830003262,CoLA,0,memlive_3b_cola_distopt,DistOpt,post_backward,unavailable
active_allocated,2757998848,2.568586587905884,CoLA,0,memlive_3b_cola_distopt,DistOpt,post_backward,"??:?:torch::unwind::unwind() | ??:?:torch::CapturedTraceback::gather(bool, bool, bool) | memory_snapshot.cpp:?:torch::cuda::(anonymous namespace)::gather_with_cpp() | CUDACachingAllocator.cpp:?:c10::cuda::CUDACachingAllocator::Native::DeviceCachingAllocator::malloc(signed char, unsigned long, CUstream_st*) | ?:?:c10::cuda::CUDACachingAllocator::Native::NativeCachingAllocator::malloc(void**, signed char, unsigned long, CUstream_st*) | ?:?:c10::cuda::CUDACachingAllocator::Native::NativeCachingAllocator::allocate(unsigned long) | ?:?:at::TensorBase at::detail::_empty_strided_generic<c10::ArrayRef<long> >(c10::ArrayRef<long>, c10::ArrayRef<long>, c10::Allocator*, c10::DispatchKeySet, c10::ScalarType) | ??:?:at::detail::empty_strided_generic(c10::ArrayRef<long>, c10::ArrayRef<long>, c10::Allocator*, c10::DispatchKeySet, c10::ScalarType)"
active_allocated,67518481,0.06288148555904627,CoLA,0,memlive_3b_cola_distopt,DistOpt,post_backward,"??:?:torch::unwind::unwind() | ??:?:torch::CapturedTraceback::gather(bool, bool, bool) | memory_snapshot.cpp:?:torch::cuda::(anonymous namespace)::gather_with_cpp() | CUDACachingAllocator.cpp:?:c10::cuda::CUDACachingAllocator::Native::DeviceCachingAllocator::malloc(signed char, unsigned long, CUstream_st*) | ?:?:c10::cuda::CUDACachingAllocator::Native::NativeCachingAllocator::malloc(void**, signed char, unsigned long, CUstream_st*) | ?:?:c10::cuda::CUDACachingAllocator::Native::NativeCachingAllocator::allocate(unsigned long) | ?:?:at::TensorBase at::detail::_empty_generic<long>(c10::ArrayRef<long>, c10::Allocator*, c10::DispatchKeySet, c10::ScalarType, std::optional<c10::MemoryFormat>) | ??:?:at::detail::empty_generic(c10::ArrayRef<long>, c10::Allocator*, c10::DispatchKeySet, c10::ScalarType, std::optional<c10::MemoryFormat>)"
active_allocated,17039360,0.015869140625,CoLA,0,memlive_3b_cola_distopt,DistOpt,post_backward,"??:?:torch::unwind::unwind() | ??:?:torch::CapturedTraceback::gather(bool, bool, bool) | memory_snapshot.cpp:?:torch::cuda::(anonymous namespace)::gather_with_cpp() | CUDACachingAllocator.cpp:?:c10::cuda::CUDACachingAllocator::Native::DeviceCachingAllocator::malloc(signed char, unsigned long, CUstream_st*) | ?:?:c10::cuda::CUDACachingAllocator::Native::NativeCachingAllocator::malloc(void**, signed char, unsigned long, CUstream_st*) | ?:?:c10::cuda::CUDACachingAllocator::Native::NativeCachingAllocator::allocate(unsigned long) | ?:?:at::cuda::getNewWorkspace() | ??:?:at::cuda::getCurrentCUDABlasHandle()"
active_allocated,9649225816,8.986541830003262,CoLA,0,memlive_3b_cola_distopt,DistOpt,post_backward,unavailable
active_allocated,2757998852,2.568586591631174,CoLA,0,memlive_3b_cola_distopt,DistOpt,post_backward,"??:?:torch::unwind::unwind() | ??:?:torch::CapturedTraceback::gather(bool, bool, bool) | memory_snapshot.cpp:?:torch::cuda::(anonymous namespace)::gather_with_cpp() | CUDACachingAllocator.cpp:?:c10::cuda::CUDACachingAllocator::Native::DeviceCachingAllocator::malloc(signed char, unsigned long, CUstream_st*) | ?:?:c10::cuda::CUDACachingAllocator::Native::NativeCachingAllocator::malloc(void**, signed char, unsigned long, CUstream_st*) | ?:?:c10::cuda::CUDACachingAllocator::Native::NativeCachingAllocator::allocate(unsigned long) | ?:?:at::TensorBase at::detail::_empty_strided_generic<c10::ArrayRef<long> >(c10::ArrayRef<long>, c10::ArrayRef<long>, c10::Allocator*, c10::DispatchKeySet, c10::ScalarType) | ??:?:at::detail::empty_strided_generic(c10::ArrayRef<long>, c10::ArrayRef<long>, c10::Allocator*, c10::DispatchKeySet, c10::ScalarType)"
active_allocated,67518477,0.06288148183375597,CoLA,0,memlive_3b_cola_distopt,DistOpt,post_backward,"??:?:torch::unwind::unwind() | ??:?:torch::CapturedTraceback::gather(bool, bool, bool) | memory_snapshot.cpp:?:torch::cuda::(anonymous namespace)::gather_with_cpp() | CUDACachingAllocator.cpp:?:c10::cuda::CUDACachingAllocator::Native::DeviceCachingAllocator::malloc(signed char, unsigned long, CUstream_st*) | ?:?:c10::cuda::CUDACachingAllocator::Native::NativeCachingAllocator::malloc(void**, signed char, unsigned long, CUstream_st*) | ?:?:c10::cuda::CUDACachingAllocator::Native::NativeCachingAllocator::allocate(unsigned long) | ?:?:at::TensorBase at::detail::_empty_generic<long>(c10::ArrayRef<long>, c10::Allocator*, c10::DispatchKeySet, c10::ScalarType, std::optional<c10::MemoryFormat>) | ??:?:at::detail::empty_generic(c10::ArrayRef<long>, c10::Allocator*, c10::DispatchKeySet, c10::ScalarType, std::optional<c10::MemoryFormat>)"
active_allocated,17039360,0.015869140625,CoLA,0,memlive_3b_cola_distopt,DistOpt,post_backward,"??:?:torch::unwind::unwind() | ??:?:torch::CapturedTraceback::gather(bool, bool, bool) | memory_snapshot.cpp:?:torch::cuda::(anonymous namespace)::gather_with_cpp() | CUDACachingAllocator.cpp:?:c10::cuda::CUDACachingAllocator::Native::DeviceCachingAllocator::malloc(signed char, unsigned long, CUstream_st*) | ?:?:c10::cuda::CUDACachingAllocator::Native::NativeCachingAllocator::malloc(void**, signed char, unsigned long, CUstream_st*) | ?:?:c10::cuda::CUDACachingAllocator::Native::NativeCachingAllocator::allocate(unsigned long) | ?:?:at::cuda::getNewWorkspace() | ??:?:at::cuda::getCurrentCUDABlasHandle()"
active_allocated,9649225816,8.986541830003262,CoLA,0,memlive_3b_cola_distopt,DistOpt,post_backward,unavailable
active_allocated,2757998852,2.568586591631174,CoLA,0,memlive_3b_cola_distopt,DistOpt,post_backward,"??:?:torch::unwind::unwind() | ??:?:torch::CapturedTraceback::gather(bool, bool, bool) | memory_snapshot.cpp:?:torch::cuda::(anonymous namespace)::gather_with_cpp() | CUDACachingAllocator.cpp:?:c10::cuda::CUDACachingAllocator::Native::DeviceCachingAllocator::malloc(signed char, unsigned long, CUstream_st*) | ?:?:c10::cuda::CUDACachingAllocator::Native::NativeCachingAllocator::malloc(void**, signed char, unsigned long, CUstream_st*) | ?:?:c10::cuda::CUDACachingAllocator::Native::NativeCachingAllocator::allocate(unsigned long) | ?:?:at::TensorBase at::detail::_empty_strided_generic<c10::ArrayRef<long> >(c10::ArrayRef<long>, c10::ArrayRef<long>, c10::Allocator*, c10::DispatchKeySet, c10::ScalarType) | ??:?:at::detail::empty_strided_generic(c10::ArrayRef<long>, c10::ArrayRef<long>, c10::Allocator*, c10::DispatchKeySet, c10::ScalarType)"
active_allocated,67518477,0.06288148183375597,CoLA,0,memlive_3b_cola_distopt,DistOpt,post_backward,"??:?:torch::unwind::unwind() | ??:?:torch::CapturedTraceback::gather(bool, bool, bool) | memory_snapshot.cpp:?:torch::cuda::(anonymous namespace)::gather_with_cpp() | CUDACachingAllocator.cpp:?:c10::cuda::CUDACachingAllocator::Native::DeviceCachingAllocator::malloc(signed char, unsigned long, CUstream_st*) | ?:?:c10::cuda::CUDACachingAllocator::Native::NativeCachingAllocator::malloc(void**, signed char, unsigned long, CUstream_st*) | ?:?:c10::cuda::CUDACachingAllocator::Native::NativeCachingAllocator::allocate(unsigned long) | ?:?:at::TensorBase at::detail::_empty_generic<long>(c10::ArrayRef<long>, c10::Allocator*, c10::DispatchKeySet, c10::ScalarType, std::optional<c10::MemoryFormat>) | ??:?:at::detail::empty_generic(c10::ArrayRef<long>, c10::Allocator*, c10::DispatchKeySet, c10::ScalarType, std::optional<c10::MemoryFormat>)"
active_allocated,17039360,0.015869140625,CoLA,0,memlive_3b_cola_distopt,DistOpt,post_backward,"??:?:torch::unwind::unwind() | ??:?:torch::CapturedTraceback::gather(bool, bool, bool) | memory_snapshot.cpp:?:torch::cuda::(anonymous namespace)::gather_with_cpp() | CUDACachingAllocator.cpp:?:c10::cuda::CUDACachingAllocator::Native::DeviceCachingAllocator::malloc(signed char, unsigned long, CUstream_st*) | ?:?:c10::cuda::CUDACachingAllocator::Native::NativeCachingAllocator::malloc(void**, signed char, unsigned long, CUstream_st*) | ?:?:c10::cuda::CUDACachingAllocator::Native::NativeCachingAllocator::allocate(unsigned long) | ?:?:at::cuda::getNewWorkspace() | ??:?:at::cuda::getCurrentCUDABlasHandle()"
active_allocated,9649225816,8.986541830003262,CoLA,0,memlive_3b_cola_distopt,DistOpt,post_backward,unavailable
active_allocated,2757998852,2.568586591631174,CoLA,0,memlive_3b_cola_distopt,DistOpt,post_backward,"??:?:torch::unwind::unwind() | ??:?:torch::CapturedTraceback::gather(bool, bool, bool) | memory_snapshot.cpp:?:torch::cuda::(anonymous namespace)::gather_with_cpp() | CUDACachingAllocator.cpp:?:c10::cuda::CUDACachingAllocator::Native::DeviceCachingAllocator::malloc(signed char, unsigned long, CUstream_st*) | ?:?:c10::cuda::CUDACachingAllocator::Native::NativeCachingAllocator::malloc(void**, signed char, unsigned long, CUstream_st*) | ?:?:c10::cuda::CUDACachingAllocator::Native::NativeCachingAllocator::allocate(unsigned long) | ?:?:at::TensorBase at::detail::_empty_strided_generic<c10::ArrayRef<long> >(c10::ArrayRef<long>, c10::ArrayRef<long>, c10::Allocator*, c10::DispatchKeySet, c10::ScalarType) | ??:?:at::detail::empty_strided_generic(c10::ArrayRef<long>, c10::ArrayRef<long>, c10::Allocator*, c10::DispatchKeySet, c10::ScalarType)"
active_allocated,67518477,0.06288148183375597,CoLA,0,memlive_3b_cola_distopt,DistOpt,post_backward,"??:?:torch::unwind::unwind() | ??:?:torch::CapturedTraceback::gather(bool, bool, bool) | memory_snapshot.cpp:?:torch::cuda::(anonymous namespace)::gather_with_cpp() | CUDACachingAllocator.cpp:?:c10::cuda::CUDACachingAllocator::Native::DeviceCachingAllocator::malloc(signed char, unsigned long, CUstream_st*) | ?:?:c10::cuda::CUDACachingAllocator::Native::NativeCachingAllocator::malloc(void**, signed char, unsigned long, CUstream_st*) | ?:?:c10::cuda::CUDACachingAllocator::Native::NativeCachingAllocator::allocate(unsigned long) | ?:?:at::TensorBase at::detail::_empty_generic<long>(c10::ArrayRef<long>, c10::Allocator*, c10::DispatchKeySet, c10::ScalarType, std::optional<c10::MemoryFormat>) | ??:?:at::detail::empty_generic(c10::ArrayRef<long>, c10::Allocator*, c10::DispatchKeySet, c10::ScalarType, std::optional<c10::MemoryFormat>)"
active_allocated,17039360,0.015869140625,CoLA,0,memlive_3b_cola_distopt,DistOpt,post_backward,"??:?:torch::unwind::unwind() | ??:?:torch::CapturedTraceback::gather(bool, bool, bool) | memory_snapshot.cpp:?:torch::cuda::(anonymous namespace)::gather_with_cpp() | CUDACachingAllocator.cpp:?:c10::cuda::CUDACachingAllocator::Native::DeviceCachingAllocator::malloc(signed char, unsigned long, CUstream_st*) | ?:?:c10::cuda::CUDACachingAllocator::Native::NativeCachingAllocator::malloc(void**, signed char, unsigned long, CUstream_st*) | ?:?:c10::cuda::CUDACachingAllocator::Native::NativeCachingAllocator::allocate(unsigned long) | ?:?:at::cuda::getNewWorkspace() | ??:?:at::cuda::getCurrentCUDABlasHandle()"
active_allocated,9649225816,8.986541830003262,CoLA,0,memlive_3b_cola_distopt,DistOpt,post_backward,unavailable
active_allocated,2757998852,2.568586591631174,CoLA,0,memlive_3b_cola_distopt,DistOpt,post_backward,"??:?:torch::unwind::unwind() | ??:?:torch::CapturedTraceback::gather(bool, bool, bool) | memory_snapshot.cpp:?:torch::cuda::(anonymous namespace)::gather_with_cpp() | CUDACachingAllocator.cpp:?:c10::cuda::CUDACachingAllocator::Native::DeviceCachingAllocator::malloc(signed char, unsigned long, CUstream_st*) | ?:?:c10::cuda::CUDACachingAllocator::Native::NativeCachingAllocator::malloc(void**, signed char, unsigned long, CUstream_st*) | ?:?:c10::cuda::CUDACachingAllocator::Native::NativeCachingAllocator::allocate(unsigned long) | ?:?:at::TensorBase at::detail::_empty_strided_generic<c10::ArrayRef<long> >(c10::ArrayRef<long>, c10::ArrayRef<long>, c10::Allocator*, c10::DispatchKeySet, c10::ScalarType) | ??:?:at::detail::empty_strided_generic(c10::ArrayRef<long>, c10::ArrayRef<long>, c10::Allocator*, c10::DispatchKeySet, c10::ScalarType)"
active_allocated,67518477,0.06288148183375597,CoLA,0,memlive_3b_cola_distopt,DistOpt,post_backward,"??:?:torch::unwind::unwind() | ??:?:torch::CapturedTraceback::gather(bool, bool, bool) | memory_snapshot.cpp:?:torch::cuda::(anonymous namespace)::gather_with_cpp() | CUDACachingAllocator.cpp:?:c10::cuda::CUDACachingAllocator::Native::DeviceCachingAllocator::malloc(signed char, unsigned long, CUstream_st*) | ?:?:c10::cuda::CUDACachingAllocator::Native::NativeCachingAllocator::malloc(void**, signed char, unsigned long, CUstream_st*) | ?:?:c10::cuda::CUDACachingAllocator::Native::NativeCachingAllocator::allocate(unsigned long) | ?:?:at::TensorBase at::detail::_empty_generic<long>(c10::ArrayRef<long>, c10::Allocator*, c10::DispatchKeySet, c10::ScalarType, std::optional<c10::MemoryFormat>) | ??:?:at::detail::empty_generic(c10::ArrayRef<long>, c10::Allocator*, c10::DispatchKeySet, c10::ScalarType, std::optional<c10::MemoryFormat>)"
active_allocated,17039360,0.015869140625,CoLA,0,memlive_3b_cola_distopt,DistOpt,post_backward,"??:?:torch::unwind::unwind() | ??:?:torch::CapturedTraceback::gather(bool, bool, bool) | memory_snapshot.cpp:?:torch::cuda::(anonymous namespace)::gather_with_cpp() | CUDACachingAllocator.cpp:?:c10::cuda::CUDACachingAllocator::Native::DeviceCachingAllocator::malloc(signed char, unsigned long, CUstream_st*) | ?:?:c10::cuda::CUDACachingAllocator::Native::NativeCachingAllocator::malloc(void**, signed char, unsigned long, CUstream_st*) | ?:?:c10::cuda::CUDACachingAllocator::Native::NativeCachingAllocator::allocate(unsigned long) | ?:?:at::cuda::getNewWorkspace() | ??:?:at::cuda::getCurrentCUDABlasHandle()"
active_allocated,9649225816,8.986541830003262,CoLA,0,memlive_3b_cola_distopt,DistOpt,post_backward,unavailable
active_allocated,2757998852,2.568586591631174,CoLA,0,memlive_3b_cola_distopt,DistOpt,post_backward,"??:?:torch::unwind::unwind() | ??:?:torch::CapturedTraceback::gather(bool, bool, bool) | memory_snapshot.cpp:?:torch::cuda::(anonymous namespace)::gather_with_cpp() | CUDACachingAllocator.cpp:?:c10::cuda::CUDACachingAllocator::Native::DeviceCachingAllocator::malloc(signed char, unsigned long, CUstream_st*) | ?:?:c10::cuda::CUDACachingAllocator::Native::NativeCachingAllocator::malloc(void**, signed char, unsigned long, CUstream_st*) | ?:?:c10::cuda::CUDACachingAllocator::Native::NativeCachingAllocator::allocate(unsigned long) | ?:?:at::TensorBase at::detail::_empty_strided_generic<c10::ArrayRef<long> >(c10::ArrayRef<long>, c10::ArrayRef<long>, c10::Allocator*, c10::DispatchKeySet, c10::ScalarType) | ??:?:at::detail::empty_strided_generic(c10::ArrayRef<long>, c10::ArrayRef<long>, c10::Allocator*, c10::DispatchKeySet, c10::ScalarType)"
active_allocated,67518477,0.06288148183375597,CoLA,0,memlive_3b_cola_distopt,DistOpt,post_backward,"??:?:torch::unwind::unwind() | ??:?:torch::CapturedTraceback::gather(bool, bool, bool) | memory_snapshot.cpp:?:torch::cuda::(anonymous namespace)::gather_with_cpp() | CUDACachingAllocator.cpp:?:c10::cuda::CUDACachingAllocator::Native::DeviceCachingAllocator::malloc(signed char, unsigned long, CUstream_st*) | ?:?:c10::cuda::CUDACachingAllocator::Native::NativeCachingAllocator::malloc(void**, signed char, unsigned long, CUstream_st*) | ?:?:c10::cuda::CUDACachingAllocator::Native::NativeCachingAllocator::allocate(unsigned long) | ?:?:at::TensorBase at::detail::_empty_generic<long>(c10::ArrayRef<long>, c10::Allocator*, c10::DispatchKeySet, c10::ScalarType, std::optional<c10::MemoryFormat>) | ??:?:at::detail::empty_generic(c10::ArrayRef<long>, c10::Allocator*, c10::DispatchKeySet, c10::ScalarType, std::optional<c10::MemoryFormat>)"
active_allocated,17039360,0.015869140625,CoLA,0,memlive_3b_cola_distopt,DistOpt,post_backward,"??:?:torch::unwind::unwind() | ??:?:torch::CapturedTraceback::gather(bool, bool, bool) | memory_snapshot.cpp:?:torch::cuda::(anonymous namespace)::gather_with_cpp() | CUDACachingAllocator.cpp:?:c10::cuda::CUDACachingAllocator::Native::DeviceCachingAllocator::malloc(signed char, unsigned long, CUstream_st*) | ?:?:c10::cuda::CUDACachingAllocator::Native::NativeCachingAllocator::malloc(void**, signed char, unsigned long, CUstream_st*) | ?:?:c10::cuda::CUDACachingAllocator::Native::NativeCachingAllocator::allocate(unsigned long) | ?:?:at::cuda::getNewWorkspace() | ??:?:at::cuda::getCurrentCUDABlasHandle()"
active_allocated,9649225816,8.986541830003262,CoLA,0,memlive_3b_cola_distopt,DistOpt,post_backward,unavailable
active_allocated,2757998852,2.568586591631174,CoLA,0,memlive_3b_cola_distopt,DistOpt,post_backward,"??:?:torch::unwind::unwind() | ??:?:torch::CapturedTraceback::gather(bool, bool, bool) | memory_snapshot.cpp:?:torch::cuda::(anonymous namespace)::gather_with_cpp() | CUDACachingAllocator.cpp:?:c10::cuda::CUDACachingAllocator::Native::DeviceCachingAllocator::malloc(signed char, unsigned long, CUstream_st*) | ?:?:c10::cuda::CUDACachingAllocator::Native::NativeCachingAllocator::malloc(void**, signed char, unsigned long, CUstream_st*) | ?:?:c10::cuda::CUDACachingAllocator::Native::NativeCachingAllocator::allocate(unsigned long) | ?:?:at::TensorBase at::detail::_empty_strided_generic<c10::ArrayRef<long> >(c10::ArrayRef<long>, c10::ArrayRef<long>, c10::Allocator*, c10::DispatchKeySet, c10::ScalarType) | ??:?:at::detail::empty_strided_generic(c10::ArrayRef<long>, c10::ArrayRef<long>, c10::Allocator*, c10::DispatchKeySet, c10::ScalarType)"
active_allocated,67518477,0.06288148183375597,CoLA,0,memlive_3b_cola_distopt,DistOpt,post_backward,"??:?:torch::unwind::unwind() | ??:?:torch::CapturedTraceback::gather(bool, bool, bool) | memory_snapshot.cpp:?:torch::cuda::(anonymous namespace)::gather_with_cpp() | CUDACachingAllocator.cpp:?:c10::cuda::CUDACachingAllocator::Native::DeviceCachingAllocator::malloc(signed char, unsigned long, CUstream_st*) | ?:?:c10::cuda::CUDACachingAllocator::Native::NativeCachingAllocator::malloc(void**, signed char, unsigned long, CUstream_st*) | ?:?:c10::cuda::CUDACachingAllocator::Native::NativeCachingAllocator::allocate(unsigned long) | ?:?:at::TensorBase at::detail::_empty_generic<long>(c10::ArrayRef<long>, c10::Allocator*, c10::DispatchKeySet, c10::ScalarType, std::optional<c10::MemoryFormat>) | ??:?:at::detail::empty_generic(c10::ArrayRef<long>, c10::Allocator*, c10::DispatchKeySet, c10::ScalarType, std::optional<c10::MemoryFormat>)"
active_allocated,17039360,0.015869140625,CoLA,0,memlive_3b_cola_distopt,DistOpt,post_backward,"??:?:torch::unwind::unwind() | ??:?:torch::CapturedTraceback::gather(bool, bool, bool) | memory_snapshot.cpp:?:torch::cuda::(anonymous namespace)::gather_with_cpp() | CUDACachingAllocator.cpp:?:c10::cuda::CUDACachingAllocator::Native::DeviceCachingAllocator::malloc(signed char, unsigned long, CUstream_st*) | ?:?:c10::cuda::CUDACachingAllocator::Native::NativeCachingAllocator::malloc(void**, signed char, unsigned long, CUstream_st*) | ?:?:c10::cuda::CUDACachingAllocator::Native::NativeCachingAllocator::allocate(unsigned long) | ?:?:at::cuda::getNewWorkspace() | ??:?:at::cuda::getCurrentCUDABlasHandle()"
active_allocated,9649225816,8.986541830003262,CoLA,0,memlive_3b_cola_distopt,DistOpt,post_backward,unavailable
active_allocated,2757998852,2.568586591631174,CoLA,0,memlive_3b_cola_distopt,DistOpt,post_backward,"??:?:torch::unwind::unwind() | ??:?:torch::CapturedTraceback::gather(bool, bool, bool) | memory_snapshot.cpp:?:torch::cuda::(anonymous namespace)::gather_with_cpp() | CUDACachingAllocator.cpp:?:c10::cuda::CUDACachingAllocator::Native::DeviceCachingAllocator::malloc(signed char, unsigned long, CUstream_st*) | ?:?:c10::cuda::CUDACachingAllocator::Native::NativeCachingAllocator::malloc(void**, signed char, unsigned long, CUstream_st*) | ?:?:c10::cuda::CUDACachingAllocator::Native::NativeCachingAllocator::allocate(unsigned long) | ?:?:at::TensorBase at::detail::_empty_strided_generic<c10::ArrayRef<long> >(c10::ArrayRef<long>, c10::ArrayRef<long>, c10::Allocator*, c10::DispatchKeySet, c10::ScalarType) | ??:?:at::detail::empty_strided_generic(c10::ArrayRef<long>, c10::ArrayRef<long>, c10::Allocator*, c10::DispatchKeySet, c10::ScalarType)"
active_allocated,67518477,0.06288148183375597,CoLA,0,memlive_3b_cola_distopt,DistOpt,post_backward,"??:?:torch::unwind::unwind() | ??:?:torch::CapturedTraceback::gather(bool, bool, bool) | memory_snapshot.cpp:?:torch::cuda::(anonymous namespace)::gather_with_cpp() | CUDACachingAllocator.cpp:?:c10::cuda::CUDACachingAllocator::Native::DeviceCachingAllocator::malloc(signed char, unsigned long, CUstream_st*) | ?:?:c10::cuda::CUDACachingAllocator::Native::NativeCachingAllocator::malloc(void**, signed char, unsigned long, CUstream_st*) | ?:?:c10::cuda::CUDACachingAllocator::Native::NativeCachingAllocator::allocate(unsigned long) | ?:?:at::TensorBase at::detail::_empty_generic<long>(c10::ArrayRef<long>, c10::Allocator*, c10::DispatchKeySet, c10::ScalarType, std::optional<c10::MemoryFormat>) | ??:?:at::detail::empty_generic(c10::ArrayRef<long>, c10::Allocator*, c10::DispatchKeySet, c10::ScalarType, std::optional<c10::MemoryFormat>)"
active_allocated,17039360,0.015869140625,CoLA,0,memlive_3b_cola_distopt,DistOpt,post_backward,"??:?:torch::unwind::unwind() | ??:?:torch::CapturedTraceback::gather(bool, bool, bool) | memory_snapshot.cpp:?:torch::cuda::(anonymous namespace)::gather_with_cpp() | CUDACachingAllocator.cpp:?:c10::cuda::CUDACachingAllocator::Native::DeviceCachingAllocator::malloc(signed char, unsigned long, CUstream_st*) | ?:?:c10::cuda::CUDACachingAllocator::Native::NativeCachingAllocator::malloc(void**, signed char, unsigned long, CUstream_st*) | ?:?:c10::cuda::CUDACachingAllocator::Native::NativeCachingAllocator::allocate(unsigned long) | ?:?:at::cuda::getNewWorkspace() | ??:?:at::cuda::getCurrentCUDABlasHandle()"
active_allocated,9649225816,8.986541830003262,CoLA,0,memlive_3b_cola_distopt,DistOpt,post_backward,unavailable
active_allocated,2757998852,2.568586591631174,CoLA,0,memlive_3b_cola_distopt,DistOpt,post_backward,"??:?:torch::unwind::unwind() | ??:?:torch::CapturedTraceback::gather(bool, bool, bool) | memory_snapshot.cpp:?:torch::cuda::(anonymous namespace)::gather_with_cpp() | CUDACachingAllocator.cpp:?:c10::cuda::CUDACachingAllocator::Native::DeviceCachingAllocator::malloc(signed char, unsigned long, CUstream_st*) | ?:?:c10::cuda::CUDACachingAllocator::Native::NativeCachingAllocator::malloc(void**, signed char, unsigned long, CUstream_st*) | ?:?:c10::cuda::CUDACachingAllocator::Native::NativeCachingAllocator::allocate(unsigned long) | ?:?:at::TensorBase at::detail::_empty_strided_generic<c10::ArrayRef<long> >(c10::ArrayRef<long>, c10::ArrayRef<long>, c10::Allocator*, c10::DispatchKeySet, c10::ScalarType) | ??:?:at::detail::empty_strided_generic(c10::ArrayRef<long>, c10::ArrayRef<long>, c10::Allocator*, c10::DispatchKeySet, c10::ScalarType)"
active_allocated,67518477,0.06288148183375597,CoLA,0,memlive_3b_cola_distopt,DistOpt,post_backward,"??:?:torch::unwind::unwind() | ??:?:torch::CapturedTraceback::gather(bool, bool, bool) | memory_snapshot.cpp:?:torch::cuda::(anonymous namespace)::gather_with_cpp() | CUDACachingAllocator.cpp:?:c10::cuda::CUDACachingAllocator::Native::DeviceCachingAllocator::malloc(signed char, unsigned long, CUstream_st*) | ?:?:c10::cuda::CUDACachingAllocator::Native::NativeCachingAllocator::malloc(void**, signed char, unsigned long, CUstream_st*) | ?:?:c10::cuda::CUDACachingAllocator::Native::NativeCachingAllocator::allocate(unsigned long) | ?:?:at::TensorBase at::detail::_empty_generic<long>(c10::ArrayRef<long>, c10::Allocator*, c10::DispatchKeySet, c10::ScalarType, std::optional<c10::MemoryFormat>) | ??:?:at::detail::empty_generic(c10::ArrayRef<long>, c10::Allocator*, c10::DispatchKeySet, c10::ScalarType, std::optional<c10::MemoryFormat>)"
active_allocated,17039360,0.015869140625,CoLA,0,memlive_3b_cola_distopt,DistOpt,post_backward,"??:?:torch::unwind::unwind() | ??:?:torch::CapturedTraceback::gather(bool, bool, bool) | memory_snapshot.cpp:?:torch::cuda::(anonymous namespace)::gather_with_cpp() | CUDACachingAllocator.cpp:?:c10::cuda::CUDACachingAllocator::Native::DeviceCachingAllocator::malloc(signed char, unsigned long, CUstream_st*) | ?:?:c10::cuda::CUDACachingAllocator::Native::NativeCachingAllocator::malloc(void**, signed char, unsigned long, CUstream_st*) | ?:?:c10::cuda::CUDACachingAllocator::Native::NativeCachingAllocator::allocate(unsigned long) | ?:?:at::cuda::getNewWorkspace() | ??:?:at::cuda::getCurrentCUDABlasHandle()"
active_allocated,9649225816,8.986541830003262,CoLA,0,memlive_3b_cola_distopt,DistOpt,post_backward,unavailable
active_allocated,2757998852,2.568586591631174,CoLA,0,memlive_3b_cola_distopt,DistOpt,post_backward,"??:?:torch::unwind::unwind() | ??:?:torch::CapturedTraceback::gather(bool, bool, bool) | memory_snapshot.cpp:?:torch::cuda::(anonymous namespace)::gather_with_cpp() | CUDACachingAllocator.cpp:?:c10::cuda::CUDACachingAllocator::Native::DeviceCachingAllocator::malloc(signed char, unsigned long, CUstream_st*) | ?:?:c10::cuda::CUDACachingAllocator::Native::NativeCachingAllocator::malloc(void**, signed char, unsigned long, CUstream_st*) | ?:?:c10::cuda::CUDACachingAllocator::Native::NativeCachingAllocator::allocate(unsigned long) | ?:?:at::TensorBase at::detail::_empty_strided_generic<c10::ArrayRef<long> >(c10::ArrayRef<long>, c10::ArrayRef<long>, c10::Allocator*, c10::DispatchKeySet, c10::ScalarType) | ??:?:at::detail::empty_strided_generic(c10::ArrayRef<long>, c10::ArrayRef<long>, c10::Allocator*, c10::DispatchKeySet, c10::ScalarType)"
active_allocated,67518477,0.06288148183375597,CoLA,0,memlive_3b_cola_distopt,DistOpt,post_backward,"??:?:torch::unwind::unwind() | ??:?:torch::CapturedTraceback::gather(bool, bool, bool) | memory_snapshot.cpp:?:torch::cuda::(anonymous namespace)::gather_with_cpp() | CUDACachingAllocator.cpp:?:c10::cuda::CUDACachingAllocator::Native::DeviceCachingAllocator::malloc(signed char, unsigned long, CUstream_st*) | ?:?:c10::cuda::CUDACachingAllocator::Native::NativeCachingAllocator::malloc(void**, signed char, unsigned long, CUstream_st*) | ?:?:c10::cuda::CUDACachingAllocator::Native::NativeCachingAllocator::allocate(unsigned long) | ?:?:at::TensorBase at::detail::_empty_generic<long>(c10::ArrayRef<long>, c10::Allocator*, c10::DispatchKeySet, c10::ScalarType, std::optional<c10::MemoryFormat>) | ??:?:at::detail::empty_generic(c10::ArrayRef<long>, c10::Allocator*, c10::DispatchKeySet, c10::ScalarType, std::optional<c10::MemoryFormat>)"
active_allocated,17039360,0.015869140625,CoLA,0,memlive_3b_cola_distopt,DistOpt,post_backward,"??:?:torch::unwind::unwind() | ??:?:torch::CapturedTraceback::gather(bool, bool, bool) | memory_snapshot.cpp:?:torch::cuda::(anonymous namespace)::gather_with_cpp() | CUDACachingAllocator.cpp:?:c10::cuda::CUDACachingAllocator::Native::DeviceCachingAllocator::malloc(signed char, unsigned long, CUstream_st*) | ?:?:c10::cuda::CUDACachingAllocator::Native::NativeCachingAllocator::malloc(void**, signed char, unsigned long, CUstream_st*) | ?:?:c10::cuda::CUDACachingAllocator::Native::NativeCachingAllocator::allocate(unsigned long) | ?:?:at::cuda::getNewWorkspace() | ??:?:at::cuda::getCurrentCUDABlasHandle()"
active_allocated,9649225816,8.986541830003262,CoLA,0,memlive_3b_cola_distopt,DistOpt,post_backward,unavailable
active_allocated,2757998852,2.568586591631174,CoLA,0,memlive_3b_cola_distopt,DistOpt,post_backward,"??:?:torch::unwind::unwind() | ??:?:torch::CapturedTraceback::gather(bool, bool, bool) | memory_snapshot.cpp:?:torch::cuda::(anonymous namespace)::gather_with_cpp() | CUDACachingAllocator.cpp:?:c10::cuda::CUDACachingAllocator::Native::DeviceCachingAllocator::malloc(signed char, unsigned long, CUstream_st*) | ?:?:c10::cuda::CUDACachingAllocator::Native::NativeCachingAllocator::malloc(void**, signed char, unsigned long, CUstream_st*) | ?:?:c10::cuda::CUDACachingAllocator::Native::NativeCachingAllocator::allocate(unsigned long) | ?:?:at::TensorBase at::detail::_empty_strided_generic<c10::ArrayRef<long> >(c10::ArrayRef<long>, c10::ArrayRef<long>, c10::Allocator*, c10::DispatchKeySet, c10::ScalarType) | ??:?:at::detail::empty_strided_generic(c10::ArrayRef<long>, c10::ArrayRef<long>, c10::Allocator*, c10::DispatchKeySet, c10::ScalarType)"
active_allocated,67518477,0.06288148183375597,CoLA,0,memlive_3b_cola_distopt,DistOpt,post_backward,"??:?:torch::unwind::unwind() | ??:?:torch::CapturedTraceback::gather(bool, bool, bool) | memory_snapshot.cpp:?:torch::cuda::(anonymous namespace)::gather_with_cpp() | CUDACachingAllocator.cpp:?:c10::cuda::CUDACachingAllocator::Native::DeviceCachingAllocator::malloc(signed char, unsigned long, CUstream_st*) | ?:?:c10::cuda::CUDACachingAllocator::Native::NativeCachingAllocator::malloc(void**, signed char, unsigned long, CUstream_st*) | ?:?:c10::cuda::CUDACachingAllocator::Native::NativeCachingAllocator::allocate(unsigned long) | ?:?:at::TensorBase at::detail::_empty_generic<long>(c10::ArrayRef<long>, c10::Allocator*, c10::DispatchKeySet, c10::ScalarType, std::optional<c10::MemoryFormat>) | ??:?:at::detail::empty_generic(c10::ArrayRef<long>, c10::Allocator*, c10::DispatchKeySet, c10::ScalarType, std::optional<c10::MemoryFormat>)"
active_allocated,17039360,0.015869140625,CoLA,0,memlive_3b_cola_distopt,DistOpt,post_backward,"??:?:torch::unwind::unwind() | ??:?:torch::CapturedTraceback::gather(bool, bool, bool) | memory_snapshot.cpp:?:torch::cuda::(anonymous namespace)::gather_with_cpp() | CUDACachingAllocator.cpp:?:c10::cuda::CUDACachingAllocator::Native::DeviceCachingAllocator::malloc(signed char, unsigned long, CUstream_st*) | ?:?:c10::cuda::CUDACachingAllocator::Native::NativeCachingAllocator::malloc(void**, signed char, unsigned long, CUstream_st*) | ?:?:c10::cuda::CUDACachingAllocator::Native::NativeCachingAllocator::allocate(unsigned long) | ?:?:at::cuda::getNewWorkspace() | ??:?:at::cuda::getCurrentCUDABlasHandle()"
active_allocated,9649225817,8.986541830934584,CoLA,0,memlive_3b_cola_distopt,DistOpt,post_init,unavailable
active_allocated,9649225816,8.986541830003262,CoLA,0,memlive_3b_cola_distopt,DistOpt,post_optimizer_step,unavailable
active_allocated,2757998848,2.568586587905884,CoLA,0,memlive_3b_cola_distopt,DistOpt,post_optimizer_step,"??:?:torch::unwind::unwind() | ??:?:torch::CapturedTraceback::gather(bool, bool, bool) | memory_snapshot.cpp:?:torch::cuda::(anonymous namespace)::gather_with_cpp() | CUDACachingAllocator.cpp:?:c10::cuda::CUDACachingAllocator::Native::DeviceCachingAllocator::malloc(signed char, unsigned long, CUstream_st*) | ?:?:c10::cuda::CUDACachingAllocator::Native::NativeCachingAllocator::malloc(void**, signed char, unsigned long, CUstream_st*) | ?:?:c10::cuda::CUDACachingAllocator::Native::NativeCachingAllocator::allocate(unsigned long) | ?:?:at::TensorBase at::detail::_empty_strided_generic<c10::ArrayRef<long> >(c10::ArrayRef<long>, c10::ArrayRef<long>, c10::Allocator*, c10::DispatchKeySet, c10::ScalarType) | ??:?:at::detail::empty_strided_generic(c10::ArrayRef<long>, c10::ArrayRef<long>, c10::Allocator*, c10::DispatchKeySet, c10::ScalarType)"
active_allocated,67518473,0.06288147810846567,CoLA,0,memlive_3b_cola_distopt,DistOpt,post_optimizer_step,"??:?:torch::unwind::unwind() | ??:?:torch::CapturedTraceback::gather(bool, bool, bool) | memory_snapshot.cpp:?:torch::cuda::(anonymous namespace)::gather_with_cpp() | CUDACachingAllocator.cpp:?:c10::cuda::CUDACachingAllocator::Native::DeviceCachingAllocator::malloc(signed char, unsigned long, CUstream_st*) | ?:?:c10::cuda::CUDACachingAllocator::Native::NativeCachingAllocator::malloc(void**, signed char, unsigned long, CUstream_st*) | ?:?:c10::cuda::CUDACachingAllocator::Native::NativeCachingAllocator::allocate(unsigned long) | ?:?:at::TensorBase at::detail::_empty_generic<long>(c10::ArrayRef<long>, c10::Allocator*, c10::DispatchKeySet, c10::ScalarType, std::optional<c10::MemoryFormat>) | ??:?:at::detail::empty_generic(c10::ArrayRef<long>, c10::Allocator*, c10::DispatchKeySet, c10::ScalarType, std::optional<c10::MemoryFormat>)"
active_allocated,17039360,0.015869140625,CoLA,0,memlive_3b_cola_distopt,DistOpt,post_optimizer_step,"??:?:torch::unwind::unwind() | ??:?:torch::CapturedTraceback::gather(bool, bool, bool) | memory_snapshot.cpp:?:torch::cuda::(anonymous namespace)::gather_with_cpp() | CUDACachingAllocator.cpp:?:c10::cuda::CUDACachingAllocator::Native::DeviceCachingAllocator::malloc(signed char, unsigned long, CUstream_st*) | ?:?:c10::cuda::CUDACachingAllocator::Native::NativeCachingAllocator::malloc(void**, signed char, unsigned long, CUstream_st*) | ?:?:c10::cuda::CUDACachingAllocator::Native::NativeCachingAllocator::allocate(unsigned long) | ?:?:at::cuda::getNewWorkspace() | ??:?:at::cuda::getCurrentCUDABlasHandle()"
active_allocated,9649225816,8.986541830003262,CoLA,0,memlive_3b_cola_distopt,DistOpt,post_optimizer_step,unavailable
active_allocated,2757998848,2.568586587905884,CoLA,0,memlive_3b_cola_distopt,DistOpt,post_optimizer_step,"??:?:torch::unwind::unwind() | ??:?:torch::CapturedTraceback::gather(bool, bool, bool) | memory_snapshot.cpp:?:torch::cuda::(anonymous namespace)::gather_with_cpp() | CUDACachingAllocator.cpp:?:c10::cuda::CUDACachingAllocator::Native::DeviceCachingAllocator::malloc(signed char, unsigned long, CUstream_st*) | ?:?:c10::cuda::CUDACachingAllocator::Native::NativeCachingAllocator::malloc(void**, signed char, unsigned long, CUstream_st*) | ?:?:c10::cuda::CUDACachingAllocator::Native::NativeCachingAllocator::allocate(unsigned long) | ?:?:at::TensorBase at::detail::_empty_strided_generic<c10::ArrayRef<long> >(c10::ArrayRef<long>, c10::ArrayRef<long>, c10::Allocator*, c10::DispatchKeySet, c10::ScalarType) | ??:?:at::detail::empty_strided_generic(c10::ArrayRef<long>, c10::ArrayRef<long>, c10::Allocator*, c10::DispatchKeySet, c10::ScalarType)"
active_allocated,67518481,0.06288148555904627,CoLA,0,memlive_3b_cola_distopt,DistOpt,post_optimizer_step,"??:?:torch::unwind::unwind() | ??:?:torch::CapturedTraceback::gather(bool, bool, bool) | memory_snapshot.cpp:?:torch::cuda::(anonymous namespace)::gather_with_cpp() | CUDACachingAllocator.cpp:?:c10::cuda::CUDACachingAllocator::Native::DeviceCachingAllocator::malloc(signed char, unsigned long, CUstream_st*) | ?:?:c10::cuda::CUDACachingAllocator::Native::NativeCachingAllocator::malloc(void**, signed char, unsigned long, CUstream_st*) | ?:?:c10::cuda::CUDACachingAllocator::Native::NativeCachingAllocator::allocate(unsigned long) | ?:?:at::TensorBase at::detail::_empty_generic<long>(c10::ArrayRef<long>, c10::Allocator*, c10::DispatchKeySet, c10::ScalarType, std::optional<c10::MemoryFormat>) | ??:?:at::detail::empty_generic(c10::ArrayRef<long>, c10::Allocator*, c10::DispatchKeySet, c10::ScalarType, std::optional<c10::MemoryFormat>)"
active_allocated,17039360,0.015869140625,CoLA,0,memlive_3b_cola_distopt,DistOpt,post_optimizer_step,"??:?:torch::unwind::unwind() | ??:?:torch::CapturedTraceback::gather(bool, bool, bool) | memory_snapshot.cpp:?:torch::cuda::(anonymous namespace)::gather_with_cpp() | CUDACachingAllocator.cpp:?:c10::cuda::CUDACachingAllocator::Native::DeviceCachingAllocator::malloc(signed char, unsigned long, CUstream_st*) | ?:?:c10::cuda::CUDACachingAllocator::Native::NativeCachingAllocator::malloc(void**, signed char, unsigned long, CUstream_st*) | ?:?:c10::cuda::CUDACachingAllocator::Native::NativeCachingAllocator::allocate(unsigned long) | ?:?:at::cuda::getNewWorkspace() | ??:?:at::cuda::getCurrentCUDABlasHandle()"
active_allocated,9649225816,8.986541830003262,CoLA,0,memlive_3b_cola_distopt,DistOpt,post_optimizer_step,unavailable
active_allocated,2757998852,2.568586591631174,CoLA,0,memlive_3b_cola_distopt,DistOpt,post_optimizer_step,"??:?:torch::unwind::unwind() | ??:?:torch::CapturedTraceback::gather(bool, bool, bool) | memory_snapshot.cpp:?:torch::cuda::(anonymous namespace)::gather_with_cpp() | CUDACachingAllocator.cpp:?:c10::cuda::CUDACachingAllocator::Native::DeviceCachingAllocator::malloc(signed char, unsigned long, CUstream_st*) | ?:?:c10::cuda::CUDACachingAllocator::Native::NativeCachingAllocator::malloc(void**, signed char, unsigned long, CUstream_st*) | ?:?:c10::cuda::CUDACachingAllocator::Native::NativeCachingAllocator::allocate(unsigned long) | ?:?:at::TensorBase at::detail::_empty_strided_generic<c10::ArrayRef<long> >(c10::ArrayRef<long>, c10::ArrayRef<long>, c10::Allocator*, c10::DispatchKeySet, c10::ScalarType) | ??:?:at::detail::empty_strided_generic(c10::ArrayRef<long>, c10::ArrayRef<long>, c10::Allocator*, c10::DispatchKeySet, c10::ScalarType)"
active_allocated,67518477,0.06288148183375597,CoLA,0,memlive_3b_cola_distopt,DistOpt,post_optimizer_step,"??:?:torch::unwind::unwind() | ??:?:torch::CapturedTraceback::gather(bool, bool, bool) | memory_snapshot.cpp:?:torch::cuda::(anonymous namespace)::gather_with_cpp() | CUDACachingAllocator.cpp:?:c10::cuda::CUDACachingAllocator::Native::DeviceCachingAllocator::malloc(signed char, unsigned long, CUstream_st*) | ?:?:c10::cuda::CUDACachingAllocator::Native::NativeCachingAllocator::malloc(void**, signed char, unsigned long, CUstream_st*) | ?:?:c10::cuda::CUDACachingAllocator::Native::NativeCachingAllocator::allocate(unsigned long) | ?:?:at::TensorBase at::detail::_empty_generic<long>(c10::ArrayRef<long>, c10::Allocator*, c10::DispatchKeySet, c10::ScalarType, std::optional<c10::MemoryFormat>) | ??:?:at::detail::empty_generic(c10::ArrayRef<long>, c10::Allocator*, c10::DispatchKeySet, c10::ScalarType, std::optional<c10::MemoryFormat>)"
active_allocated,17039360,0.015869140625,CoLA,0,memlive_3b_cola_distopt,DistOpt,post_optimizer_step,"??:?:torch::unwind::unwind() | ??:?:torch::CapturedTraceback::gather(bool, bool, bool) | memory_snapshot.cpp:?:torch::cuda::(anonymous namespace)::gather_with_cpp() | CUDACachingAllocator.cpp:?:c10::cuda::CUDACachingAllocator::Native::DeviceCachingAllocator::malloc(signed char, unsigned long, CUstream_st*) | ?:?:c10::cuda::CUDACachingAllocator::Native::NativeCachingAllocator::malloc(void**, signed char, unsigned long, CUstream_st*) | ?:?:c10::cuda::CUDACachingAllocator::Native::NativeCachingAllocator::allocate(unsigned long) | ?:?:at::cuda::getNewWorkspace() | ??:?:at::cuda::getCurrentCUDABlasHandle()"
active_allocated,9649225816,8.986541830003262,CoLA,0,memlive_3b_cola_distopt,DistOpt,post_optimizer_step,unavailable
active_allocated,2757998852,2.568586591631174,CoLA,0,memlive_3b_cola_distopt,DistOpt,post_optimizer_step,"??:?:torch::unwind::unwind() | ??:?:torch::CapturedTraceback::gather(bool, bool, bool) | memory_snapshot.cpp:?:torch::cuda::(anonymous namespace)::gather_with_cpp() | CUDACachingAllocator.cpp:?:c10::cuda::CUDACachingAllocator::Native::DeviceCachingAllocator::malloc(signed char, unsigned long, CUstream_st*) | ?:?:c10::cuda::CUDACachingAllocator::Native::NativeCachingAllocator::malloc(void**, signed char, unsigned long, CUstream_st*) | ?:?:c10::cuda::CUDACachingAllocator::Native::NativeCachingAllocator::allocate(unsigned long) | ?:?:at::TensorBase at::detail::_empty_strided_generic<c10::ArrayRef<long> >(c10::ArrayRef<long>, c10::ArrayRef<long>, c10::Allocator*, c10::DispatchKeySet, c10::ScalarType) | ??:?:at::detail::empty_strided_generic(c10::ArrayRef<long>, c10::ArrayRef<long>, c10::Allocator*, c10::DispatchKeySet, c10::ScalarType)"
active_allocated,67518477,0.06288148183375597,CoLA,0,memlive_3b_cola_distopt,DistOpt,post_optimizer_step,"??:?:torch::unwind::unwind() | ??:?:torch::CapturedTraceback::gather(bool, bool, bool) | memory_snapshot.cpp:?:torch::cuda::(anonymous namespace)::gather_with_cpp() | CUDACachingAllocator.cpp:?:c10::cuda::CUDACachingAllocator::Native::DeviceCachingAllocator::malloc(signed char, unsigned long, CUstream_st*) | ?:?:c10::cuda::CUDACachingAllocator::Native::NativeCachingAllocator::malloc(void**, signed char, unsigned long, CUstream_st*) | ?:?:c10::cuda::CUDACachingAllocator::Native::NativeCachingAllocator::allocate(unsigned long) | ?:?:at::TensorBase at::detail::_empty_generic<long>(c10::ArrayRef<long>, c10::Allocator*, c10::DispatchKeySet, c10::ScalarType, std::optional<c10::MemoryFormat>) | ??:?:at::detail::empty_generic(c10::ArrayRef<long>, c10::Allocator*, c10::DispatchKeySet, c10::ScalarType, std::optional<c10::MemoryFormat>)"
active_allocated,17039360,0.015869140625,CoLA,0,memlive_3b_cola_distopt,DistOpt,post_optimizer_step,"??:?:torch::unwind::unwind() | ??:?:torch::CapturedTraceback::gather(bool, bool, bool) | memory_snapshot.cpp:?:torch::cuda::(anonymous namespace)::gather_with_cpp() | CUDACachingAllocator.cpp:?:c10::cuda::CUDACachingAllocator::Native::DeviceCachingAllocator::malloc(signed char, unsigned long, CUstream_st*) | ?:?:c10::cuda::CUDACachingAllocator::Native::NativeCachingAllocator::malloc(void**, signed char, unsigned long, CUstream_st*) | ?:?:c10::cuda::CUDACachingAllocator::Native::NativeCachingAllocator::allocate(unsigned long) | ?:?:at::cuda::getNewWorkspace() | ??:?:at::cuda::getCurrentCUDABlasHandle()"
active_allocated,9649225816,8.986541830003262,CoLA,0,memlive_3b_cola_distopt,DistOpt,post_optimizer_step,unavailable
active_allocated,2757998852,2.568586591631174,CoLA,0,memlive_3b_cola_distopt,DistOpt,post_optimizer_step,"??:?:torch::unwind::unwind() | ??:?:torch::CapturedTraceback::gather(bool, bool, bool) | memory_snapshot.cpp:?:torch::cuda::(anonymous namespace)::gather_with_cpp() | CUDACachingAllocator.cpp:?:c10::cuda::CUDACachingAllocator::Native::DeviceCachingAllocator::malloc(signed char, unsigned long, CUstream_st*) | ?:?:c10::cuda::CUDACachingAllocator::Native::NativeCachingAllocator::malloc(void**, signed char, unsigned long, CUstream_st*) | ?:?:c10::cuda::CUDACachingAllocator::Native::NativeCachingAllocator::allocate(unsigned long) | ?:?:at::TensorBase at::detail::_empty_strided_generic<c10::ArrayRef<long> >(c10::ArrayRef<long>, c10::ArrayRef<long>, c10::Allocator*, c10::DispatchKeySet, c10::ScalarType) | ??:?:at::detail::empty_strided_generic(c10::ArrayRef<long>, c10::ArrayRef<long>, c10::Allocator*, c10::DispatchKeySet, c10::ScalarType)"
active_allocated,67518477,0.06288148183375597,CoLA,0,memlive_3b_cola_distopt,DistOpt,post_optimizer_step,"??:?:torch::unwind::unwind() | ??:?:torch::CapturedTraceback::gather(bool, bool, bool) | memory_snapshot.cpp:?:torch::cuda::(anonymous namespace)::gather_with_cpp() | CUDACachingAllocator.cpp:?:c10::cuda::CUDACachingAllocator::Native::DeviceCachingAllocator::malloc(signed char, unsigned long, CUstream_st*) | ?:?:c10::cuda::CUDACachingAllocator::Native::NativeCachingAllocator::malloc(void**, signed char, unsigned long, CUstream_st*) | ?:?:c10::cuda::CUDACachingAllocator::Native::NativeCachingAllocator::allocate(unsigned long) | ?:?:at::TensorBase at::detail::_empty_generic<long>(c10::ArrayRef<long>, c10::Allocator*, c10::DispatchKeySet, c10::ScalarType, std::optional<c10::MemoryFormat>) | ??:?:at::detail::empty_generic(c10::ArrayRef<long>, c10::Allocator*, c10::DispatchKeySet, c10::ScalarType, std::optional<c10::MemoryFormat>)"
active_allocated,17039360,0.015869140625,CoLA,0,memlive_3b_cola_distopt,DistOpt,post_optimizer_step,"??:?:torch::unwind::unwind() | ??:?:torch::CapturedTraceback::gather(bool, bool, bool) | memory_snapshot.cpp:?:torch::cuda::(anonymous namespace)::gather_with_cpp() | CUDACachingAllocator.cpp:?:c10::cuda::CUDACachingAllocator::Native::DeviceCachingAllocator::malloc(signed char, unsigned long, CUstream_st*) | ?:?:c10::cuda::CUDACachingAllocator::Native::NativeCachingAllocator::malloc(void**, signed char, unsigned long, CUstream_st*) | ?:?:c10::cuda::CUDACachingAllocator::Native::NativeCachingAllocator::allocate(unsigned long) | ?:?:at::cuda::getNewWorkspace() | ??:?:at::cuda::getCurrentCUDABlasHandle()"
active_allocated,9649225816,8.986541830003262,CoLA,0,memlive_3b_cola_distopt,DistOpt,post_optimizer_step,unavailable
active_allocated,2757998852,2.568586591631174,CoLA,0,memlive_3b_cola_distopt,DistOpt,post_optimizer_step,"??:?:torch::unwind::unwind() | ??:?:torch::CapturedTraceback::gather(bool, bool, bool) | memory_snapshot.cpp:?:torch::cuda::(anonymous namespace)::gather_with_cpp() | CUDACachingAllocator.cpp:?:c10::cuda::CUDACachingAllocator::Native::DeviceCachingAllocator::malloc(signed char, unsigned long, CUstream_st*) | ?:?:c10::cuda::CUDACachingAllocator::Native::NativeCachingAllocator::malloc(void**, signed char, unsigned long, CUstream_st*) | ?:?:c10::cuda::CUDACachingAllocator::Native::NativeCachingAllocator::allocate(unsigned long) | ?:?:at::TensorBase at::detail::_empty_strided_generic<c10::ArrayRef<long> >(c10::ArrayRef<long>, c10::ArrayRef<long>, c10::Allocator*, c10::DispatchKeySet, c10::ScalarType) | ??:?:at::detail::empty_strided_generic(c10::ArrayRef<long>, c10::ArrayRef<long>, c10::Allocator*, c10::DispatchKeySet, c10::ScalarType)"
active_allocated,67518477,0.06288148183375597,CoLA,0,memlive_3b_cola_distopt,DistOpt,post_optimizer_step,"??:?:torch::unwind::unwind() | ??:?:torch::CapturedTraceback::gather(bool, bool, bool) | memory_snapshot.cpp:?:torch::cuda::(anonymous namespace)::gather_with_cpp() | CUDACachingAllocator.cpp:?:c10::cuda::CUDACachingAllocator::Native::DeviceCachingAllocator::malloc(signed char, unsigned long, CUstream_st*) | ?:?:c10::cuda::CUDACachingAllocator::Native::NativeCachingAllocator::malloc(void**, signed char, unsigned long, CUstream_st*) | ?:?:c10::cuda::CUDACachingAllocator::Native::NativeCachingAllocator::allocate(unsigned long) | ?:?:at::TensorBase at::detail::_empty_generic<long>(c10::ArrayRef<long>, c10::Allocator*, c10::DispatchKeySet, c10::ScalarType, std::optional<c10::MemoryFormat>) | ??:?:at::detail::empty_generic(c10::ArrayRef<long>, c10::Allocator*, c10::DispatchKeySet, c10::ScalarType, std::optional<c10::MemoryFormat>)"
active_allocated,17039360,0.015869140625,CoLA,0,memlive_3b_cola_distopt,DistOpt,post_optimizer_step,"??:?:torch::unwind::unwind() | ??:?:torch::CapturedTraceback::gather(bool, bool, bool) | memory_snapshot.cpp:?:torch::cuda::(anonymous namespace)::gather_with_cpp() | CUDACachingAllocator.cpp:?:c10::cuda::CUDACachingAllocator::Native::DeviceCachingAllocator::malloc(signed char, unsigned long, CUstream_st*) | ?:?:c10::cuda::CUDACachingAllocator::Native::NativeCachingAllocator::malloc(void**, signed char, unsigned long, CUstream_st*) | ?:?:c10::cuda::CUDACachingAllocator::Native::NativeCachingAllocator::allocate(unsigned long) | ?:?:at::cuda::getNewWorkspace() | ??:?:at::cuda::getCurrentCUDABlasHandle()"
active_allocated,9649225816,8.986541830003262,CoLA,0,memlive_3b_cola_distopt,DistOpt,post_optimizer_step,unavailable
active_allocated,2757998852,2.568586591631174,CoLA,0,memlive_3b_cola_distopt,DistOpt,post_optimizer_step,"??:?:torch::unwind::unwind() | ??:?:torch::CapturedTraceback::gather(bool, bool, bool) | memory_snapshot.cpp:?:torch::cuda::(anonymous namespace)::gather_with_cpp() | CUDACachingAllocator.cpp:?:c10::cuda::CUDACachingAllocator::Native::DeviceCachingAllocator::malloc(signed char, unsigned long, CUstream_st*) | ?:?:c10::cuda::CUDACachingAllocator::Native::NativeCachingAllocator::malloc(void**, signed char, unsigned long, CUstream_st*) | ?:?:c10::cuda::CUDACachingAllocator::Native::NativeCachingAllocator::allocate(unsigned long) | ?:?:at::TensorBase at::detail::_empty_strided_generic<c10::ArrayRef<long> >(c10::ArrayRef<long>, c10::ArrayRef<long>, c10::Allocator*, c10::DispatchKeySet, c10::ScalarType) | ??:?:at::detail::empty_strided_generic(c10::ArrayRef<long>, c10::ArrayRef<long>, c10::Allocator*, c10::DispatchKeySet, c10::ScalarType)"
active_allocated,67518477,0.06288148183375597,CoLA,0,memlive_3b_cola_distopt,DistOpt,post_optimizer_step,"??:?:torch::unwind::unwind() | ??:?:torch::CapturedTraceback::gather(bool, bool, bool) | memory_snapshot.cpp:?:torch::cuda::(anonymous namespace)::gather_with_cpp() | CUDACachingAllocator.cpp:?:c10::cuda::CUDACachingAllocator::Native::DeviceCachingAllocator::malloc(signed char, unsigned long, CUstream_st*) | ?:?:c10::cuda::CUDACachingAllocator::Native::NativeCachingAllocator::malloc(void**, signed char, unsigned long, CUstream_st*) | ?:?:c10::cuda::CUDACachingAllocator::Native::NativeCachingAllocator::allocate(unsigned long) | ?:?:at::TensorBase at::detail::_empty_generic<long>(c10::ArrayRef<long>, c10::Allocator*, c10::DispatchKeySet, c10::ScalarType, std::optional<c10::MemoryFormat>) | ??:?:at::detail::empty_generic(c10::ArrayRef<long>, c10::Allocator*, c10::DispatchKeySet, c10::ScalarType, std::optional<c10::MemoryFormat>)"
active_allocated,17039360,0.015869140625,CoLA,0,memlive_3b_cola_distopt,DistOpt,post_optimizer_step,"??:?:torch::unwind::unwind() | ??:?:torch::CapturedTraceback::gather(bool, bool, bool) | memory_snapshot.cpp:?:torch::cuda::(anonymous namespace)::gather_with_cpp() | CUDACachingAllocator.cpp:?:c10::cuda::CUDACachingAllocator::Native::DeviceCachingAllocator::malloc(signed char, unsigned long, CUstream_st*) | ?:?:c10::cuda::CUDACachingAllocator::Native::NativeCachingAllocator::malloc(void**, signed char, unsigned long, CUstream_st*) | ?:?:c10::cuda::CUDACachingAllocator::Native::NativeCachingAllocator::allocate(unsigned long) | ?:?:at::cuda::getNewWorkspace() | ??:?:at::cuda::getCurrentCUDABlasHandle()"
active_allocated,9649225816,8.986541830003262,CoLA,0,memlive_3b_cola_distopt,DistOpt,post_optimizer_step,unavailable
active_allocated,2757998852,2.568586591631174,CoLA,0,memlive_3b_cola_distopt,DistOpt,post_optimizer_step,"??:?:torch::unwind::unwind() | ??:?:torch::CapturedTraceback::gather(bool, bool, bool) | memory_snapshot.cpp:?:torch::cuda::(anonymous namespace)::gather_with_cpp() | CUDACachingAllocator.cpp:?:c10::cuda::CUDACachingAllocator::Native::DeviceCachingAllocator::malloc(signed char, unsigned long, CUstream_st*) | ?:?:c10::cuda::CUDACachingAllocator::Native::NativeCachingAllocator::malloc(void**, signed char, unsigned long, CUstream_st*) | ?:?:c10::cuda::CUDACachingAllocator::Native::NativeCachingAllocator::allocate(unsigned long) | ?:?:at::TensorBase at::detail::_empty_strided_generic<c10::ArrayRef<long> >(c10::ArrayRef<long>, c10::ArrayRef<long>, c10::Allocator*, c10::DispatchKeySet, c10::ScalarType) | ??:?:at::detail::empty_strided_generic(c10::ArrayRef<long>, c10::ArrayRef<long>, c10::Allocator*, c10::DispatchKeySet, c10::ScalarType)"
active_allocated,67518477,0.06288148183375597,CoLA,0,memlive_3b_cola_distopt,DistOpt,post_optimizer_step,"??:?:torch::unwind::unwind() | ??:?:torch::CapturedTraceback::gather(bool, bool, bool) | memory_snapshot.cpp:?:torch::cuda::(anonymous namespace)::gather_with_cpp() | CUDACachingAllocator.cpp:?:c10::cuda::CUDACachingAllocator::Native::DeviceCachingAllocator::malloc(signed char, unsigned long, CUstream_st*) | ?:?:c10::cuda::CUDACachingAllocator::Native::NativeCachingAllocator::malloc(void**, signed char, unsigned long, CUstream_st*) | ?:?:c10::cuda::CUDACachingAllocator::Native::NativeCachingAllocator::allocate(unsigned long) | ?:?:at::TensorBase at::detail::_empty_generic<long>(c10::ArrayRef<long>, c10::Allocator*, c10::DispatchKeySet, c10::ScalarType, std::optional<c10::MemoryFormat>) | ??:?:at::detail::empty_generic(c10::ArrayRef<long>, c10::Allocator*, c10::DispatchKeySet, c10::ScalarType, std::optional<c10::MemoryFormat>)"
active_allocated,17039360,0.015869140625,CoLA,0,memlive_3b_cola_distopt,DistOpt,post_optimizer_step,"??:?:torch::unwind::unwind() | ??:?:torch::CapturedTraceback::gather(bool, bool, bool) | memory_snapshot.cpp:?:torch::cuda::(anonymous namespace)::gather_with_cpp() | CUDACachingAllocator.cpp:?:c10::cuda::CUDACachingAllocator::Native::DeviceCachingAllocator::malloc(signed char, unsigned long, CUstream_st*) | ?:?:c10::cuda::CUDACachingAllocator::Native::NativeCachingAllocator::malloc(void**, signed char, unsigned long, CUstream_st*) | ?:?:c10::cuda::CUDACachingAllocator::Native::NativeCachingAllocator::allocate(unsigned long) | ?:?:at::cuda::getNewWorkspace() | ??:?:at::cuda::getCurrentCUDABlasHandle()"
active_allocated,9649225816,8.986541830003262,CoLA,0,memlive_3b_cola_distopt,DistOpt,post_optimizer_step,unavailable
active_allocated,2757998852,2.568586591631174,CoLA,0,memlive_3b_cola_distopt,DistOpt,post_optimizer_step,"??:?:torch::unwind::unwind() | ??:?:torch::CapturedTraceback::gather(bool, bool, bool) | memory_snapshot.cpp:?:torch::cuda::(anonymous namespace)::gather_with_cpp() | CUDACachingAllocator.cpp:?:c10::cuda::CUDACachingAllocator::Native::DeviceCachingAllocator::malloc(signed char, unsigned long, CUstream_st*) | ?:?:c10::cuda::CUDACachingAllocator::Native::NativeCachingAllocator::malloc(void**, signed char, unsigned long, CUstream_st*) | ?:?:c10::cuda::CUDACachingAllocator::Native::NativeCachingAllocator::allocate(unsigned long) | ?:?:at::TensorBase at::detail::_empty_strided_generic<c10::ArrayRef<long> >(c10::ArrayRef<long>, c10::ArrayRef<long>, c10::Allocator*, c10::DispatchKeySet, c10::ScalarType) | ??:?:at::detail::empty_strided_generic(c10::ArrayRef<long>, c10::ArrayRef<long>, c10::Allocator*, c10::DispatchKeySet, c10::ScalarType)"
active_allocated,67518477,0.06288148183375597,CoLA,0,memlive_3b_cola_distopt,DistOpt,post_optimizer_step,"??:?:torch::unwind::unwind() | ??:?:torch::CapturedTraceback::gather(bool, bool, bool) | memory_snapshot.cpp:?:torch::cuda::(anonymous namespace)::gather_with_cpp() | CUDACachingAllocator.cpp:?:c10::cuda::CUDACachingAllocator::Native::DeviceCachingAllocator::malloc(signed char, unsigned long, CUstream_st*) | ?:?:c10::cuda::CUDACachingAllocator::Native::NativeCachingAllocator::malloc(void**, signed char, unsigned long, CUstream_st*) | ?:?:c10::cuda::CUDACachingAllocator::Native::NativeCachingAllocator::allocate(unsigned long) | ?:?:at::TensorBase at::detail::_empty_generic<long>(c10::ArrayRef<long>, c10::Allocator*, c10::DispatchKeySet, c10::ScalarType, std::optional<c10::MemoryFormat>) | ??:?:at::detail::empty_generic(c10::ArrayRef<long>, c10::Allocator*, c10::DispatchKeySet, c10::ScalarType, std::optional<c10::MemoryFormat>)"
active_allocated,17039360,0.015869140625,CoLA,0,memlive_3b_cola_distopt,DistOpt,post_optimizer_step,"??:?:torch::unwind::unwind() | ??:?:torch::CapturedTraceback::gather(bool, bool, bool) | memory_snapshot.cpp:?:torch::cuda::(anonymous namespace)::gather_with_cpp() | CUDACachingAllocator.cpp:?:c10::cuda::CUDACachingAllocator::Native::DeviceCachingAllocator::malloc(signed char, unsigned long, CUstream_st*) | ?:?:c10::cuda::CUDACachingAllocator::Native::NativeCachingAllocator::malloc(void**, signed char, unsigned long, CUstream_st*) | ?:?:c10::cuda::CUDACachingAllocator::Native::NativeCachingAllocator::allocate(unsigned long) | ?:?:at::cuda::getNewWorkspace() | ??:?:at::cuda::getCurrentCUDABlasHandle()"
active_allocated,9649225816,8.986541830003262,CoLA,0,memlive_3b_cola_distopt,DistOpt,post_optimizer_step,unavailable
active_allocated,2757998852,2.568586591631174,CoLA,0,memlive_3b_cola_distopt,DistOpt,post_optimizer_step,"??:?:torch::unwind::unwind() | ??:?:torch::CapturedTraceback::gather(bool, bool, bool) | memory_snapshot.cpp:?:torch::cuda::(anonymous namespace)::gather_with_cpp() | CUDACachingAllocator.cpp:?:c10::cuda::CUDACachingAllocator::Native::DeviceCachingAllocator::malloc(signed char, unsigned long, CUstream_st*) | ?:?:c10::cuda::CUDACachingAllocator::Native::NativeCachingAllocator::malloc(void**, signed char, unsigned long, CUstream_st*) | ?:?:c10::cuda::CUDACachingAllocator::Native::NativeCachingAllocator::allocate(unsigned long) | ?:?:at::TensorBase at::detail::_empty_strided_generic<c10::ArrayRef<long> >(c10::ArrayRef<long>, c10::ArrayRef<long>, c10::Allocator*, c10::DispatchKeySet, c10::ScalarType) | ??:?:at::detail::empty_strided_generic(c10::ArrayRef<long>, c10::ArrayRef<long>, c10::Allocator*, c10::DispatchKeySet, c10::ScalarType)"
active_allocated,67518477,0.06288148183375597,CoLA,0,memlive_3b_cola_distopt,DistOpt,post_optimizer_step,"??:?:torch::unwind::unwind() | ??:?:torch::CapturedTraceback::gather(bool, bool, bool) | memory_snapshot.cpp:?:torch::cuda::(anonymous namespace)::gather_with_cpp() | CUDACachingAllocator.cpp:?:c10::cuda::CUDACachingAllocator::Native::DeviceCachingAllocator::malloc(signed char, unsigned long, CUstream_st*) | ?:?:c10::cuda::CUDACachingAllocator::Native::NativeCachingAllocator::malloc(void**, signed char, unsigned long, CUstream_st*) | ?:?:c10::cuda::CUDACachingAllocator::Native::NativeCachingAllocator::allocate(unsigned long) | ?:?:at::TensorBase at::detail::_empty_generic<long>(c10::ArrayRef<long>, c10::Allocator*, c10::DispatchKeySet, c10::ScalarType, std::optional<c10::MemoryFormat>) | ??:?:at::detail::empty_generic(c10::ArrayRef<long>, c10::Allocator*, c10::DispatchKeySet, c10::ScalarType, std::optional<c10::MemoryFormat>)"
active_allocated,17039360,0.015869140625,CoLA,0,memlive_3b_cola_distopt,DistOpt,post_optimizer_step,"??:?:torch::unwind::unwind() | ??:?:torch::CapturedTraceback::gather(bool, bool, bool) | memory_snapshot.cpp:?:torch::cuda::(anonymous namespace)::gather_with_cpp() | CUDACachingAllocator.cpp:?:c10::cuda::CUDACachingAllocator::Native::DeviceCachingAllocator::malloc(signed char, unsigned long, CUstream_st*) | ?:?:c10::cuda::CUDACachingAllocator::Native::NativeCachingAllocator::malloc(void**, signed char, unsigned long, CUstream_st*) | ?:?:c10::cuda::CUDACachingAllocator::Native::NativeCachingAllocator::allocate(unsigned long) | ?:?:at::cuda::getNewWorkspace() | ??:?:at::cuda::getCurrentCUDABlasHandle()"
active_allocated,9649225816,8.986541830003262,CoLA,0,memlive_3b_cola_distopt,DistOpt,post_optimizer_step,unavailable
active_allocated,2757998852,2.568586591631174,CoLA,0,memlive_3b_cola_distopt,DistOpt,post_optimizer_step,"??:?:torch::unwind::unwind() | ??:?:torch::CapturedTraceback::gather(bool, bool, bool) | memory_snapshot.cpp:?:torch::cuda::(anonymous namespace)::gather_with_cpp() | CUDACachingAllocator.cpp:?:c10::cuda::CUDACachingAllocator::Native::DeviceCachingAllocator::malloc(signed char, unsigned long, CUstream_st*) | ?:?:c10::cuda::CUDACachingAllocator::Native::NativeCachingAllocator::malloc(void**, signed char, unsigned long, CUstream_st*) | ?:?:c10::cuda::CUDACachingAllocator::Native::NativeCachingAllocator::allocate(unsigned long) | ?:?:at::TensorBase at::detail::_empty_strided_generic<c10::ArrayRef<long> >(c10::ArrayRef<long>, c10::ArrayRef<long>, c10::Allocator*, c10::DispatchKeySet, c10::ScalarType) | ??:?:at::detail::empty_strided_generic(c10::ArrayRef<long>, c10::ArrayRef<long>, c10::Allocator*, c10::DispatchKeySet, c10::ScalarType)"
active_allocated,67518477,0.06288148183375597,CoLA,0,memlive_3b_cola_distopt,DistOpt,post_optimizer_step,"??:?:torch::unwind::unwind() | ??:?:torch::CapturedTraceback::gather(bool, bool, bool) | memory_snapshot.cpp:?:torch::cuda::(anonymous namespace)::gather_with_cpp() | CUDACachingAllocator.cpp:?:c10::cuda::CUDACachingAllocator::Native::DeviceCachingAllocator::malloc(signed char, unsigned long, CUstream_st*) | ?:?:c10::cuda::CUDACachingAllocator::Native::NativeCachingAllocator::malloc(void**, signed char, unsigned long, CUstream_st*) | ?:?:c10::cuda::CUDACachingAllocator::Native::NativeCachingAllocator::allocate(unsigned long) | ?:?:at::TensorBase at::detail::_empty_generic<long>(c10::ArrayRef<long>, c10::Allocator*, c10::DispatchKeySet, c10::ScalarType, std::optional<c10::MemoryFormat>) | ??:?:at::detail::empty_generic(c10::ArrayRef<long>, c10::Allocator*, c10::DispatchKeySet, c10::ScalarType, std::optional<c10::MemoryFormat>)"
active_allocated,17039360,0.015869140625,CoLA,0,memlive_3b_cola_distopt,DistOpt,post_optimizer_step,"??:?:torch::unwind::unwind() | ??:?:torch::CapturedTraceback::gather(bool, bool, bool) | memory_snapshot.cpp:?:torch::cuda::(anonymous namespace)::gather_with_cpp() | CUDACachingAllocator.cpp:?:c10::cuda::CUDACachingAllocator::Native::DeviceCachingAllocator::malloc(signed char, unsigned long, CUstream_st*) | ?:?:c10::cuda::CUDACachingAllocator::Native::NativeCachingAllocator::malloc(void**, signed char, unsigned long, CUstream_st*) | ?:?:c10::cuda::CUDACachingAllocator::Native::NativeCachingAllocator::allocate(unsigned long) | ?:?:at::cuda::getNewWorkspace() | ??:?:at::cuda::getCurrentCUDABlasHandle()"
active_allocated,9649225816,8.986541830003262,CoLA,0,memlive_3b_cola_distopt,DistOpt,post_optimizer_step,unavailable
active_allocated,2757998852,2.568586591631174,CoLA,0,memlive_3b_cola_distopt,DistOpt,post_optimizer_step,"??:?:torch::unwind::unwind() | ??:?:torch::CapturedTraceback::gather(bool, bool, bool) | memory_snapshot.cpp:?:torch::cuda::(anonymous namespace)::gather_with_cpp() | CUDACachingAllocator.cpp:?:c10::cuda::CUDACachingAllocator::Native::DeviceCachingAllocator::malloc(signed char, unsigned long, CUstream_st*) | ?:?:c10::cuda::CUDACachingAllocator::Native::NativeCachingAllocator::malloc(void**, signed char, unsigned long, CUstream_st*) | ?:?:c10::cuda::CUDACachingAllocator::Native::NativeCachingAllocator::allocate(unsigned long) | ?:?:at::TensorBase at::detail::_empty_strided_generic<c10::ArrayRef<long> >(c10::ArrayRef<long>, c10::ArrayRef<long>, c10::Allocator*, c10::DispatchKeySet, c10::ScalarType) | ??:?:at::detail::empty_strided_generic(c10::ArrayRef<long>, c10::ArrayRef<long>, c10::Allocator*, c10::DispatchKeySet, c10::ScalarType)"
active_allocated,67518477,0.06288148183375597,CoLA,0,memlive_3b_cola_distopt,DistOpt,post_optimizer_step,"??:?:torch::unwind::unwind() | ??:?:torch::CapturedTraceback::gather(bool, bool, bool) | memory_snapshot.cpp:?:torch::cuda::(anonymous namespace)::gather_with_cpp() | CUDACachingAllocator.cpp:?:c10::cuda::CUDACachingAllocator::Native::DeviceCachingAllocator::malloc(signed char, unsigned long, CUstream_st*) | ?:?:c10::cuda::CUDACachingAllocator::Native::NativeCachingAllocator::malloc(void**, signed char, unsigned long, CUstream_st*) | ?:?:c10::cuda::CUDACachingAllocator::Native::NativeCachingAllocator::allocate(unsigned long) | ?:?:at::TensorBase at::detail::_empty_generic<long>(c10::ArrayRef<long>, c10::Allocator*, c10::DispatchKeySet, c10::ScalarType, std::optional<c10::MemoryFormat>) | ??:?:at::detail::empty_generic(c10::ArrayRef<long>, c10::Allocator*, c10::DispatchKeySet, c10::ScalarType, std::optional<c10::MemoryFormat>)"
active_allocated,17039360,0.015869140625,CoLA,0,memlive_3b_cola_distopt,DistOpt,post_optimizer_step,"??:?:torch::unwind::unwind() | ??:?:torch::CapturedTraceback::gather(bool, bool, bool) | memory_snapshot.cpp:?:torch::cuda::(anonymous namespace)::gather_with_cpp() | CUDACachingAllocator.cpp:?:c10::cuda::CUDACachingAllocator::Native::DeviceCachingAllocator::malloc(signed char, unsigned long, CUstream_st*) | ?:?:c10::cuda::CUDACachingAllocator::Native::NativeCachingAllocator::malloc(void**, signed char, unsigned long, CUstream_st*) | ?:?:c10::cuda::CUDACachingAllocator::Native::NativeCachingAllocator::allocate(unsigned long) | ?:?:at::cuda::getNewWorkspace() | ??:?:at::cuda::getCurrentCUDABlasHandle()"
active_allocated,9649225816,8.986541830003262,CoLA,0,memlive_3b_cola_distopt,DistOpt,steady_state_after_iter_10,unavailable
active_allocated,2757998852,2.568586591631174,CoLA,0,memlive_3b_cola_distopt,DistOpt,steady_state_after_iter_10,"??:?:torch::unwind::unwind() | ??:?:torch::CapturedTraceback::gather(bool, bool, bool) | memory_snapshot.cpp:?:torch::cuda::(anonymous namespace)::gather_with_cpp() | CUDACachingAllocator.cpp:?:c10::cuda::CUDACachingAllocator::Native::DeviceCachingAllocator::malloc(signed char, unsigned long, CUstream_st*) | ?:?:c10::cuda::CUDACachingAllocator::Native::NativeCachingAllocator::malloc(void**, signed char, unsigned long, CUstream_st*) | ?:?:c10::cuda::CUDACachingAllocator::Native::NativeCachingAllocator::allocate(unsigned long) | ?:?:at::TensorBase at::detail::_empty_strided_generic<c10::ArrayRef<long> >(c10::ArrayRef<long>, c10::ArrayRef<long>, c10::Allocator*, c10::DispatchKeySet, c10::ScalarType) | ??:?:at::detail::empty_strided_generic(c10::ArrayRef<long>, c10::ArrayRef<long>, c10::Allocator*, c10::DispatchKeySet, c10::ScalarType)"
active_allocated,67518469,0.06288147438317537,CoLA,0,memlive_3b_cola_distopt,DistOpt,steady_state_after_iter_10,"??:?:torch::unwind::unwind() | ??:?:torch::CapturedTraceback::gather(bool, bool, bool) | memory_snapshot.cpp:?:torch::cuda::(anonymous namespace)::gather_with_cpp() | CUDACachingAllocator.cpp:?:c10::cuda::CUDACachingAllocator::Native::DeviceCachingAllocator::malloc(signed char, unsigned long, CUstream_st*) | ?:?:c10::cuda::CUDACachingAllocator::Native::NativeCachingAllocator::malloc(void**, signed char, unsigned long, CUstream_st*) | ?:?:c10::cuda::CUDACachingAllocator::Native::NativeCachingAllocator::allocate(unsigned long) | ?:?:at::TensorBase at::detail::_empty_generic<long>(c10::ArrayRef<long>, c10::Allocator*, c10::DispatchKeySet, c10::ScalarType, std::optional<c10::MemoryFormat>) | ??:?:at::detail::empty_generic(c10::ArrayRef<long>, c10::Allocator*, c10::DispatchKeySet, c10::ScalarType, std::optional<c10::MemoryFormat>)"
active_allocated,17039360,0.015869140625,CoLA,0,memlive_3b_cola_distopt,DistOpt,steady_state_after_iter_10,"??:?:torch::unwind::unwind() | ??:?:torch::CapturedTraceback::gather(bool, bool, bool) | memory_snapshot.cpp:?:torch::cuda::(anonymous namespace)::gather_with_cpp() | CUDACachingAllocator.cpp:?:c10::cuda::CUDACachingAllocator::Native::DeviceCachingAllocator::malloc(signed char, unsigned long, CUstream_st*) | ?:?:c10::cuda::CUDACachingAllocator::Native::NativeCachingAllocator::malloc(void**, signed char, unsigned long, CUstream_st*) | ?:?:c10::cuda::CUDACachingAllocator::Native::NativeCachingAllocator::allocate(unsigned long) | ?:?:at::cuda::getNewWorkspace() | ??:?:at::cuda::getCurrentCUDABlasHandle()"
active_allocated,8270765012,7.702750165015459,CoLA,0,memlive_3b_cola_distopt_offload,DistOpt+offload,post_backward,unavailable
active_allocated,67518473,0.06288147810846567,CoLA,0,memlive_3b_cola_distopt_offload,DistOpt+offload,post_backward,"??:?:torch::unwind::unwind() | ??:?:torch::CapturedTraceback::gather(bool, bool, bool) | memory_snapshot.cpp:?:torch::cuda::(anonymous namespace)::gather_with_cpp() | CUDACachingAllocator.cpp:?:c10::cuda::CUDACachingAllocator::Native::DeviceCachingAllocator::malloc(signed char, unsigned long, CUstream_st*) | ?:?:c10::cuda::CUDACachingAllocator::Native::NativeCachingAllocator::malloc(void**, signed char, unsigned long, CUstream_st*) | ?:?:c10::cuda::CUDACachingAllocator::Native::NativeCachingAllocator::allocate(unsigned long) | ?:?:at::TensorBase at::detail::_empty_generic<long>(c10::ArrayRef<long>, c10::Allocator*, c10::DispatchKeySet, c10::ScalarType, std::optional<c10::MemoryFormat>) | ??:?:at::detail::empty_generic(c10::ArrayRef<long>, c10::Allocator*, c10::DispatchKeySet, c10::ScalarType, std::optional<c10::MemoryFormat>)"
active_allocated,17039360,0.015869140625,CoLA,0,memlive_3b_cola_distopt_offload,DistOpt+offload,post_backward,"??:?:torch::unwind::unwind() | ??:?:torch::CapturedTraceback::gather(bool, bool, bool) | memory_snapshot.cpp:?:torch::cuda::(anonymous namespace)::gather_with_cpp() | CUDACachingAllocator.cpp:?:c10::cuda::CUDACachingAllocator::Native::DeviceCachingAllocator::malloc(signed char, unsigned long, CUstream_st*) | ?:?:c10::cuda::CUDACachingAllocator::Native::NativeCachingAllocator::malloc(void**, signed char, unsigned long, CUstream_st*) | ?:?:c10::cuda::CUDACachingAllocator::Native::NativeCachingAllocator::allocate(unsigned long) | ?:?:at::cuda::getNewWorkspace() | ??:?:at::cuda::getCurrentCUDABlasHandle()"
active_allocated,1077248,0.001003265380859375,CoLA,0,memlive_3b_cola_distopt_offload,DistOpt+offload,post_backward,"??:?:torch::unwind::unwind() | ??:?:torch::CapturedTraceback::gather(bool, bool, bool) | memory_snapshot.cpp:?:torch::cuda::(anonymous namespace)::gather_with_cpp() | CUDACachingAllocator.cpp:?:c10::cuda::CUDACachingAllocator::Native::DeviceCachingAllocator::malloc(signed char, unsigned long, CUstream_st*) | ?:?:c10::cuda::CUDACachingAllocator::Native::NativeCachingAllocator::malloc(void**, signed char, unsigned long, CUstream_st*) | ?:?:c10::cuda::CUDACachingAllocator::Native::NativeCachingAllocator::allocate(unsigned long) | ?:?:at::TensorBase at::detail::_empty_strided_generic<c10::ArrayRef<long> >(c10::ArrayRef<long>, c10::ArrayRef<long>, c10::Allocator*, c10::DispatchKeySet, c10::ScalarType) | ??:?:at::detail::empty_strided_generic(c10::ArrayRef<long>, c10::ArrayRef<long>, c10::Allocator*, c10::DispatchKeySet, c10::ScalarType)"
active_allocated,8270765012,7.702750165015459,CoLA,0,memlive_3b_cola_distopt_offload,DistOpt+offload,post_backward,unavailable
active_allocated,67518481,0.06288148555904627,CoLA,0,memlive_3b_cola_distopt_offload,DistOpt+offload,post_backward,"??:?:torch::unwind::unwind() | ??:?:torch::CapturedTraceback::gather(bool, bool, bool) | memory_snapshot.cpp:?:torch::cuda::(anonymous namespace)::gather_with_cpp() | CUDACachingAllocator.cpp:?:c10::cuda::CUDACachingAllocator::Native::DeviceCachingAllocator::malloc(signed char, unsigned long, CUstream_st*) | ?:?:c10::cuda::CUDACachingAllocator::Native::NativeCachingAllocator::malloc(void**, signed char, unsigned long, CUstream_st*) | ?:?:c10::cuda::CUDACachingAllocator::Native::NativeCachingAllocator::allocate(unsigned long) | ?:?:at::TensorBase at::detail::_empty_generic<long>(c10::ArrayRef<long>, c10::Allocator*, c10::DispatchKeySet, c10::ScalarType, std::optional<c10::MemoryFormat>) | ??:?:at::detail::empty_generic(c10::ArrayRef<long>, c10::Allocator*, c10::DispatchKeySet, c10::ScalarType, std::optional<c10::MemoryFormat>)"
active_allocated,17039360,0.015869140625,CoLA,0,memlive_3b_cola_distopt_offload,DistOpt+offload,post_backward,"??:?:torch::unwind::unwind() | ??:?:torch::CapturedTraceback::gather(bool, bool, bool) | memory_snapshot.cpp:?:torch::cuda::(anonymous namespace)::gather_with_cpp() | CUDACachingAllocator.cpp:?:c10::cuda::CUDACachingAllocator::Native::DeviceCachingAllocator::malloc(signed char, unsigned long, CUstream_st*) | ?:?:c10::cuda::CUDACachingAllocator::Native::NativeCachingAllocator::malloc(void**, signed char, unsigned long, CUstream_st*) | ?:?:c10::cuda::CUDACachingAllocator::Native::NativeCachingAllocator::allocate(unsigned long) | ?:?:at::cuda::getNewWorkspace() | ??:?:at::cuda::getCurrentCUDABlasHandle()"
active_allocated,1077248,0.001003265380859375,CoLA,0,memlive_3b_cola_distopt_offload,DistOpt+offload,post_backward,"??:?:torch::unwind::unwind() | ??:?:torch::CapturedTraceback::gather(bool, bool, bool) | memory_snapshot.cpp:?:torch::cuda::(anonymous namespace)::gather_with_cpp() | CUDACachingAllocator.cpp:?:c10::cuda::CUDACachingAllocator::Native::DeviceCachingAllocator::malloc(signed char, unsigned long, CUstream_st*) | ?:?:c10::cuda::CUDACachingAllocator::Native::NativeCachingAllocator::malloc(void**, signed char, unsigned long, CUstream_st*) | ?:?:c10::cuda::CUDACachingAllocator::Native::NativeCachingAllocator::allocate(unsigned long) | ?:?:at::TensorBase at::detail::_empty_strided_generic<c10::ArrayRef<long> >(c10::ArrayRef<long>, c10::ArrayRef<long>, c10::Allocator*, c10::DispatchKeySet, c10::ScalarType) | ??:?:at::detail::empty_strided_generic(c10::ArrayRef<long>, c10::ArrayRef<long>, c10::Allocator*, c10::DispatchKeySet, c10::ScalarType)"
active_allocated,8270765012,7.702750165015459,CoLA,0,memlive_3b_cola_distopt_offload,DistOpt+offload,post_backward,unavailable
active_allocated,67518477,0.06288148183375597,CoLA,0,memlive_3b_cola_distopt_offload,DistOpt+offload,post_backward,"??:?:torch::unwind::unwind() | ??:?:torch::CapturedTraceback::gather(bool, bool, bool) | memory_snapshot.cpp:?:torch::cuda::(anonymous namespace)::gather_with_cpp() | CUDACachingAllocator.cpp:?:c10::cuda::CUDACachingAllocator::Native::DeviceCachingAllocator::malloc(signed char, unsigned long, CUstream_st*) | ?:?:c10::cuda::CUDACachingAllocator::Native::NativeCachingAllocator::malloc(void**, signed char, unsigned long, CUstream_st*) | ?:?:c10::cuda::CUDACachingAllocator::Native::NativeCachingAllocator::allocate(unsigned long) | ?:?:at::TensorBase at::detail::_empty_generic<long>(c10::ArrayRef<long>, c10::Allocator*, c10::DispatchKeySet, c10::ScalarType, std::optional<c10::MemoryFormat>) | ??:?:at::detail::empty_generic(c10::ArrayRef<long>, c10::Allocator*, c10::DispatchKeySet, c10::ScalarType, std::optional<c10::MemoryFormat>)"
active_allocated,17039360,0.015869140625,CoLA,0,memlive_3b_cola_distopt_offload,DistOpt+offload,post_backward,"??:?:torch::unwind::unwind() | ??:?:torch::CapturedTraceback::gather(bool, bool, bool) | memory_snapshot.cpp:?:torch::cuda::(anonymous namespace)::gather_with_cpp() | CUDACachingAllocator.cpp:?:c10::cuda::CUDACachingAllocator::Native::DeviceCachingAllocator::malloc(signed char, unsigned long, CUstream_st*) | ?:?:c10::cuda::CUDACachingAllocator::Native::NativeCachingAllocator::malloc(void**, signed char, unsigned long, CUstream_st*) | ?:?:c10::cuda::CUDACachingAllocator::Native::NativeCachingAllocator::allocate(unsigned long) | ?:?:at::cuda::getNewWorkspace() | ??:?:at::cuda::getCurrentCUDABlasHandle()"
active_allocated,1077252,0.0010032691061496735,CoLA,0,memlive_3b_cola_distopt_offload,DistOpt+offload,post_backward,"??:?:torch::unwind::unwind() | ??:?:torch::CapturedTraceback::gather(bool, bool, bool) | memory_snapshot.cpp:?:torch::cuda::(anonymous namespace)::gather_with_cpp() | CUDACachingAllocator.cpp:?:c10::cuda::CUDACachingAllocator::Native::DeviceCachingAllocator::malloc(signed char, unsigned long, CUstream_st*) | ?:?:c10::cuda::CUDACachingAllocator::Native::NativeCachingAllocator::malloc(void**, signed char, unsigned long, CUstream_st*) | ?:?:c10::cuda::CUDACachingAllocator::Native::NativeCachingAllocator::allocate(unsigned long) | ?:?:at::TensorBase at::detail::_empty_strided_generic<c10::ArrayRef<long> >(c10::ArrayRef<long>, c10::ArrayRef<long>, c10::Allocator*, c10::DispatchKeySet, c10::ScalarType) | ??:?:at::detail::empty_strided_generic(c10::ArrayRef<long>, c10::ArrayRef<long>, c10::Allocator*, c10::DispatchKeySet, c10::ScalarType)"
active_allocated,8270765012,7.702750165015459,CoLA,0,memlive_3b_cola_distopt_offload,DistOpt+offload,post_backward,unavailable
active_allocated,67518477,0.06288148183375597,CoLA,0,memlive_3b_cola_distopt_offload,DistOpt+offload,post_backward,"??:?:torch::unwind::unwind() | ??:?:torch::CapturedTraceback::gather(bool, bool, bool) | memory_snapshot.cpp:?:torch::cuda::(anonymous namespace)::gather_with_cpp() | CUDACachingAllocator.cpp:?:c10::cuda::CUDACachingAllocator::Native::DeviceCachingAllocator::malloc(signed char, unsigned long, CUstream_st*) | ?:?:c10::cuda::CUDACachingAllocator::Native::NativeCachingAllocator::malloc(void**, signed char, unsigned long, CUstream_st*) | ?:?:c10::cuda::CUDACachingAllocator::Native::NativeCachingAllocator::allocate(unsigned long) | ?:?:at::TensorBase at::detail::_empty_generic<long>(c10::ArrayRef<long>, c10::Allocator*, c10::DispatchKeySet, c10::ScalarType, std::optional<c10::MemoryFormat>) | ??:?:at::detail::empty_generic(c10::ArrayRef<long>, c10::Allocator*, c10::DispatchKeySet, c10::ScalarType, std::optional<c10::MemoryFormat>)"
active_allocated,17039360,0.015869140625,CoLA,0,memlive_3b_cola_distopt_offload,DistOpt+offload,post_backward,"??:?:torch::unwind::unwind() | ??:?:torch::CapturedTraceback::gather(bool, bool, bool) | memory_snapshot.cpp:?:torch::cuda::(anonymous namespace)::gather_with_cpp() | CUDACachingAllocator.cpp:?:c10::cuda::CUDACachingAllocator::Native::DeviceCachingAllocator::malloc(signed char, unsigned long, CUstream_st*) | ?:?:c10::cuda::CUDACachingAllocator::Native::NativeCachingAllocator::malloc(void**, signed char, unsigned long, CUstream_st*) | ?:?:c10::cuda::CUDACachingAllocator::Native::NativeCachingAllocator::allocate(unsigned long) | ?:?:at::cuda::getNewWorkspace() | ??:?:at::cuda::getCurrentCUDABlasHandle()"
active_allocated,1077252,0.0010032691061496735,CoLA,0,memlive_3b_cola_distopt_offload,DistOpt+offload,post_backward,"??:?:torch::unwind::unwind() | ??:?:torch::CapturedTraceback::gather(bool, bool, bool) | memory_snapshot.cpp:?:torch::cuda::(anonymous namespace)::gather_with_cpp() | CUDACachingAllocator.cpp:?:c10::cuda::CUDACachingAllocator::Native::DeviceCachingAllocator::malloc(signed char, unsigned long, CUstream_st*) | ?:?:c10::cuda::CUDACachingAllocator::Native::NativeCachingAllocator::malloc(void**, signed char, unsigned long, CUstream_st*) | ?:?:c10::cuda::CUDACachingAllocator::Native::NativeCachingAllocator::allocate(unsigned long) | ?:?:at::TensorBase at::detail::_empty_strided_generic<c10::ArrayRef<long> >(c10::ArrayRef<long>, c10::ArrayRef<long>, c10::Allocator*, c10::DispatchKeySet, c10::ScalarType) | ??:?:at::detail::empty_strided_generic(c10::ArrayRef<long>, c10::ArrayRef<long>, c10::Allocator*, c10::DispatchKeySet, c10::ScalarType)"
active_allocated,8270765012,7.702750165015459,CoLA,0,memlive_3b_cola_distopt_offload,DistOpt+offload,post_backward,unavailable
active_allocated,67518477,0.06288148183375597,CoLA,0,memlive_3b_cola_distopt_offload,DistOpt+offload,post_backward,"??:?:torch::unwind::unwind() | ??:?:torch::CapturedTraceback::gather(bool, bool, bool) | memory_snapshot.cpp:?:torch::cuda::(anonymous namespace)::gather_with_cpp() | CUDACachingAllocator.cpp:?:c10::cuda::CUDACachingAllocator::Native::DeviceCachingAllocator::malloc(signed char, unsigned long, CUstream_st*) | ?:?:c10::cuda::CUDACachingAllocator::Native::NativeCachingAllocator::malloc(void**, signed char, unsigned long, CUstream_st*) | ?:?:c10::cuda::CUDACachingAllocator::Native::NativeCachingAllocator::allocate(unsigned long) | ?:?:at::TensorBase at::detail::_empty_generic<long>(c10::ArrayRef<long>, c10::Allocator*, c10::DispatchKeySet, c10::ScalarType, std::optional<c10::MemoryFormat>) | ??:?:at::detail::empty_generic(c10::ArrayRef<long>, c10::Allocator*, c10::DispatchKeySet, c10::ScalarType, std::optional<c10::MemoryFormat>)"
active_allocated,17039360,0.015869140625,CoLA,0,memlive_3b_cola_distopt_offload,DistOpt+offload,post_backward,"??:?:torch::unwind::unwind() | ??:?:torch::CapturedTraceback::gather(bool, bool, bool) | memory_snapshot.cpp:?:torch::cuda::(anonymous namespace)::gather_with_cpp() | CUDACachingAllocator.cpp:?:c10::cuda::CUDACachingAllocator::Native::DeviceCachingAllocator::malloc(signed char, unsigned long, CUstream_st*) | ?:?:c10::cuda::CUDACachingAllocator::Native::NativeCachingAllocator::malloc(void**, signed char, unsigned long, CUstream_st*) | ?:?:c10::cuda::CUDACachingAllocator::Native::NativeCachingAllocator::allocate(unsigned long) | ?:?:at::cuda::getNewWorkspace() | ??:?:at::cuda::getCurrentCUDABlasHandle()"
active_allocated,1077252,0.0010032691061496735,CoLA,0,memlive_3b_cola_distopt_offload,DistOpt+offload,post_backward,"??:?:torch::unwind::unwind() | ??:?:torch::CapturedTraceback::gather(bool, bool, bool) | memory_snapshot.cpp:?:torch::cuda::(anonymous namespace)::gather_with_cpp() | CUDACachingAllocator.cpp:?:c10::cuda::CUDACachingAllocator::Native::DeviceCachingAllocator::malloc(signed char, unsigned long, CUstream_st*) | ?:?:c10::cuda::CUDACachingAllocator::Native::NativeCachingAllocator::malloc(void**, signed char, unsigned long, CUstream_st*) | ?:?:c10::cuda::CUDACachingAllocator::Native::NativeCachingAllocator::allocate(unsigned long) | ?:?:at::TensorBase at::detail::_empty_strided_generic<c10::ArrayRef<long> >(c10::ArrayRef<long>, c10::ArrayRef<long>, c10::Allocator*, c10::DispatchKeySet, c10::ScalarType) | ??:?:at::detail::empty_strided_generic(c10::ArrayRef<long>, c10::ArrayRef<long>, c10::Allocator*, c10::DispatchKeySet, c10::ScalarType)"
active_allocated,8270765012,7.702750165015459,CoLA,0,memlive_3b_cola_distopt_offload,DistOpt+offload,post_backward,unavailable
active_allocated,67518477,0.06288148183375597,CoLA,0,memlive_3b_cola_distopt_offload,DistOpt+offload,post_backward,"??:?:torch::unwind::unwind() | ??:?:torch::CapturedTraceback::gather(bool, bool, bool) | memory_snapshot.cpp:?:torch::cuda::(anonymous namespace)::gather_with_cpp() | CUDACachingAllocator.cpp:?:c10::cuda::CUDACachingAllocator::Native::DeviceCachingAllocator::malloc(signed char, unsigned long, CUstream_st*) | ?:?:c10::cuda::CUDACachingAllocator::Native::NativeCachingAllocator::malloc(void**, signed char, unsigned long, CUstream_st*) | ?:?:c10::cuda::CUDACachingAllocator::Native::NativeCachingAllocator::allocate(unsigned long) | ?:?:at::TensorBase at::detail::_empty_generic<long>(c10::ArrayRef<long>, c10::Allocator*, c10::DispatchKeySet, c10::ScalarType, std::optional<c10::MemoryFormat>) | ??:?:at::detail::empty_generic(c10::ArrayRef<long>, c10::Allocator*, c10::DispatchKeySet, c10::ScalarType, std::optional<c10::MemoryFormat>)"
active_allocated,17039360,0.015869140625,CoLA,0,memlive_3b_cola_distopt_offload,DistOpt+offload,post_backward,"??:?:torch::unwind::unwind() | ??:?:torch::CapturedTraceback::gather(bool, bool, bool) | memory_snapshot.cpp:?:torch::cuda::(anonymous namespace)::gather_with_cpp() | CUDACachingAllocator.cpp:?:c10::cuda::CUDACachingAllocator::Native::DeviceCachingAllocator::malloc(signed char, unsigned long, CUstream_st*) | ?:?:c10::cuda::CUDACachingAllocator::Native::NativeCachingAllocator::malloc(void**, signed char, unsigned long, CUstream_st*) | ?:?:c10::cuda::CUDACachingAllocator::Native::NativeCachingAllocator::allocate(unsigned long) | ?:?:at::cuda::getNewWorkspace() | ??:?:at::cuda::getCurrentCUDABlasHandle()"
active_allocated,1077252,0.0010032691061496735,CoLA,0,memlive_3b_cola_distopt_offload,DistOpt+offload,post_backward,"??:?:torch::unwind::unwind() | ??:?:torch::CapturedTraceback::gather(bool, bool, bool) | memory_snapshot.cpp:?:torch::cuda::(anonymous namespace)::gather_with_cpp() | CUDACachingAllocator.cpp:?:c10::cuda::CUDACachingAllocator::Native::DeviceCachingAllocator::malloc(signed char, unsigned long, CUstream_st*) | ?:?:c10::cuda::CUDACachingAllocator::Native::NativeCachingAllocator::malloc(void**, signed char, unsigned long, CUstream_st*) | ?:?:c10::cuda::CUDACachingAllocator::Native::NativeCachingAllocator::allocate(unsigned long) | ?:?:at::TensorBase at::detail::_empty_strided_generic<c10::ArrayRef<long> >(c10::ArrayRef<long>, c10::ArrayRef<long>, c10::Allocator*, c10::DispatchKeySet, c10::ScalarType) | ??:?:at::detail::empty_strided_generic(c10::ArrayRef<long>, c10::ArrayRef<long>, c10::Allocator*, c10::DispatchKeySet, c10::ScalarType)"
active_allocated,8270765012,7.702750165015459,CoLA,0,memlive_3b_cola_distopt_offload,DistOpt+offload,post_backward,unavailable
active_allocated,67518477,0.06288148183375597,CoLA,0,memlive_3b_cola_distopt_offload,DistOpt+offload,post_backward,"??:?:torch::unwind::unwind() | ??:?:torch::CapturedTraceback::gather(bool, bool, bool) | memory_snapshot.cpp:?:torch::cuda::(anonymous namespace)::gather_with_cpp() | CUDACachingAllocator.cpp:?:c10::cuda::CUDACachingAllocator::Native::DeviceCachingAllocator::malloc(signed char, unsigned long, CUstream_st*) | ?:?:c10::cuda::CUDACachingAllocator::Native::NativeCachingAllocator::malloc(void**, signed char, unsigned long, CUstream_st*) | ?:?:c10::cuda::CUDACachingAllocator::Native::NativeCachingAllocator::allocate(unsigned long) | ?:?:at::TensorBase at::detail::_empty_generic<long>(c10::ArrayRef<long>, c10::Allocator*, c10::DispatchKeySet, c10::ScalarType, std::optional<c10::MemoryFormat>) | ??:?:at::detail::empty_generic(c10::ArrayRef<long>, c10::Allocator*, c10::DispatchKeySet, c10::ScalarType, std::optional<c10::MemoryFormat>)"
active_allocated,17039360,0.015869140625,CoLA,0,memlive_3b_cola_distopt_offload,DistOpt+offload,post_backward,"??:?:torch::unwind::unwind() | ??:?:torch::CapturedTraceback::gather(bool, bool, bool) | memory_snapshot.cpp:?:torch::cuda::(anonymous namespace)::gather_with_cpp() | CUDACachingAllocator.cpp:?:c10::cuda::CUDACachingAllocator::Native::DeviceCachingAllocator::malloc(signed char, unsigned long, CUstream_st*) | ?:?:c10::cuda::CUDACachingAllocator::Native::NativeCachingAllocator::malloc(void**, signed char, unsigned long, CUstream_st*) | ?:?:c10::cuda::CUDACachingAllocator::Native::NativeCachingAllocator::allocate(unsigned long) | ?:?:at::cuda::getNewWorkspace() | ??:?:at::cuda::getCurrentCUDABlasHandle()"
active_allocated,1077252,0.0010032691061496735,CoLA,0,memlive_3b_cola_distopt_offload,DistOpt+offload,post_backward,"??:?:torch::unwind::unwind() | ??:?:torch::CapturedTraceback::gather(bool, bool, bool) | memory_snapshot.cpp:?:torch::cuda::(anonymous namespace)::gather_with_cpp() | CUDACachingAllocator.cpp:?:c10::cuda::CUDACachingAllocator::Native::DeviceCachingAllocator::malloc(signed char, unsigned long, CUstream_st*) | ?:?:c10::cuda::CUDACachingAllocator::Native::NativeCachingAllocator::malloc(void**, signed char, unsigned long, CUstream_st*) | ?:?:c10::cuda::CUDACachingAllocator::Native::NativeCachingAllocator::allocate(unsigned long) | ?:?:at::TensorBase at::detail::_empty_strided_generic<c10::ArrayRef<long> >(c10::ArrayRef<long>, c10::ArrayRef<long>, c10::Allocator*, c10::DispatchKeySet, c10::ScalarType) | ??:?:at::detail::empty_strided_generic(c10::ArrayRef<long>, c10::ArrayRef<long>, c10::Allocator*, c10::DispatchKeySet, c10::ScalarType)"
active_allocated,8270765012,7.702750165015459,CoLA,0,memlive_3b_cola_distopt_offload,DistOpt+offload,post_backward,unavailable
active_allocated,67518477,0.06288148183375597,CoLA,0,memlive_3b_cola_distopt_offload,DistOpt+offload,post_backward,"??:?:torch::unwind::unwind() | ??:?:torch::CapturedTraceback::gather(bool, bool, bool) | memory_snapshot.cpp:?:torch::cuda::(anonymous namespace)::gather_with_cpp() | CUDACachingAllocator.cpp:?:c10::cuda::CUDACachingAllocator::Native::DeviceCachingAllocator::malloc(signed char, unsigned long, CUstream_st*) | ?:?:c10::cuda::CUDACachingAllocator::Native::NativeCachingAllocator::malloc(void**, signed char, unsigned long, CUstream_st*) | ?:?:c10::cuda::CUDACachingAllocator::Native::NativeCachingAllocator::allocate(unsigned long) | ?:?:at::TensorBase at::detail::_empty_generic<long>(c10::ArrayRef<long>, c10::Allocator*, c10::DispatchKeySet, c10::ScalarType, std::optional<c10::MemoryFormat>) | ??:?:at::detail::empty_generic(c10::ArrayRef<long>, c10::Allocator*, c10::DispatchKeySet, c10::ScalarType, std::optional<c10::MemoryFormat>)"
active_allocated,17039360,0.015869140625,CoLA,0,memlive_3b_cola_distopt_offload,DistOpt+offload,post_backward,"??:?:torch::unwind::unwind() | ??:?:torch::CapturedTraceback::gather(bool, bool, bool) | memory_snapshot.cpp:?:torch::cuda::(anonymous namespace)::gather_with_cpp() | CUDACachingAllocator.cpp:?:c10::cuda::CUDACachingAllocator::Native::DeviceCachingAllocator::malloc(signed char, unsigned long, CUstream_st*) | ?:?:c10::cuda::CUDACachingAllocator::Native::NativeCachingAllocator::malloc(void**, signed char, unsigned long, CUstream_st*) | ?:?:c10::cuda::CUDACachingAllocator::Native::NativeCachingAllocator::allocate(unsigned long) | ?:?:at::cuda::getNewWorkspace() | ??:?:at::cuda::getCurrentCUDABlasHandle()"
active_allocated,1077252,0.0010032691061496735,CoLA,0,memlive_3b_cola_distopt_offload,DistOpt+offload,post_backward,"??:?:torch::unwind::unwind() | ??:?:torch::CapturedTraceback::gather(bool, bool, bool) | memory_snapshot.cpp:?:torch::cuda::(anonymous namespace)::gather_with_cpp() | CUDACachingAllocator.cpp:?:c10::cuda::CUDACachingAllocator::Native::DeviceCachingAllocator::malloc(signed char, unsigned long, CUstream_st*) | ?:?:c10::cuda::CUDACachingAllocator::Native::NativeCachingAllocator::malloc(void**, signed char, unsigned long, CUstream_st*) | ?:?:c10::cuda::CUDACachingAllocator::Native::NativeCachingAllocator::allocate(unsigned long) | ?:?:at::TensorBase at::detail::_empty_strided_generic<c10::ArrayRef<long> >(c10::ArrayRef<long>, c10::ArrayRef<long>, c10::Allocator*, c10::DispatchKeySet, c10::ScalarType) | ??:?:at::detail::empty_strided_generic(c10::ArrayRef<long>, c10::ArrayRef<long>, c10::Allocator*, c10::DispatchKeySet, c10::ScalarType)"
active_allocated,8270765012,7.702750165015459,CoLA,0,memlive_3b_cola_distopt_offload,DistOpt+offload,post_backward,unavailable
active_allocated,67518477,0.06288148183375597,CoLA,0,memlive_3b_cola_distopt_offload,DistOpt+offload,post_backward,"??:?:torch::unwind::unwind() | ??:?:torch::CapturedTraceback::gather(bool, bool, bool) | memory_snapshot.cpp:?:torch::cuda::(anonymous namespace)::gather_with_cpp() | CUDACachingAllocator.cpp:?:c10::cuda::CUDACachingAllocator::Native::DeviceCachingAllocator::malloc(signed char, unsigned long, CUstream_st*) | ?:?:c10::cuda::CUDACachingAllocator::Native::NativeCachingAllocator::malloc(void**, signed char, unsigned long, CUstream_st*) | ?:?:c10::cuda::CUDACachingAllocator::Native::NativeCachingAllocator::allocate(unsigned long) | ?:?:at::TensorBase at::detail::_empty_generic<long>(c10::ArrayRef<long>, c10::Allocator*, c10::DispatchKeySet, c10::ScalarType, std::optional<c10::MemoryFormat>) | ??:?:at::detail::empty_generic(c10::ArrayRef<long>, c10::Allocator*, c10::DispatchKeySet, c10::ScalarType, std::optional<c10::MemoryFormat>)"
active_allocated,17039360,0.015869140625,CoLA,0,memlive_3b_cola_distopt_offload,DistOpt+offload,post_backward,"??:?:torch::unwind::unwind() | ??:?:torch::CapturedTraceback::gather(bool, bool, bool) | memory_snapshot.cpp:?:torch::cuda::(anonymous namespace)::gather_with_cpp() | CUDACachingAllocator.cpp:?:c10::cuda::CUDACachingAllocator::Native::DeviceCachingAllocator::malloc(signed char, unsigned long, CUstream_st*) | ?:?:c10::cuda::CUDACachingAllocator::Native::NativeCachingAllocator::malloc(void**, signed char, unsigned long, CUstream_st*) | ?:?:c10::cuda::CUDACachingAllocator::Native::NativeCachingAllocator::allocate(unsigned long) | ?:?:at::cuda::getNewWorkspace() | ??:?:at::cuda::getCurrentCUDABlasHandle()"
active_allocated,1077252,0.0010032691061496735,CoLA,0,memlive_3b_cola_distopt_offload,DistOpt+offload,post_backward,"??:?:torch::unwind::unwind() | ??:?:torch::CapturedTraceback::gather(bool, bool, bool) | memory_snapshot.cpp:?:torch::cuda::(anonymous namespace)::gather_with_cpp() | CUDACachingAllocator.cpp:?:c10::cuda::CUDACachingAllocator::Native::DeviceCachingAllocator::malloc(signed char, unsigned long, CUstream_st*) | ?:?:c10::cuda::CUDACachingAllocator::Native::NativeCachingAllocator::malloc(void**, signed char, unsigned long, CUstream_st*) | ?:?:c10::cuda::CUDACachingAllocator::Native::NativeCachingAllocator::allocate(unsigned long) | ?:?:at::TensorBase at::detail::_empty_strided_generic<c10::ArrayRef<long> >(c10::ArrayRef<long>, c10::ArrayRef<long>, c10::Allocator*, c10::DispatchKeySet, c10::ScalarType) | ??:?:at::detail::empty_strided_generic(c10::ArrayRef<long>, c10::ArrayRef<long>, c10::Allocator*, c10::DispatchKeySet, c10::ScalarType)"
active_allocated,8270765012,7.702750165015459,CoLA,0,memlive_3b_cola_distopt_offload,DistOpt+offload,post_backward,unavailable
active_allocated,67518477,0.06288148183375597,CoLA,0,memlive_3b_cola_distopt_offload,DistOpt+offload,post_backward,"??:?:torch::unwind::unwind() | ??:?:torch::CapturedTraceback::gather(bool, bool, bool) | memory_snapshot.cpp:?:torch::cuda::(anonymous namespace)::gather_with_cpp() | CUDACachingAllocator.cpp:?:c10::cuda::CUDACachingAllocator::Native::DeviceCachingAllocator::malloc(signed char, unsigned long, CUstream_st*) | ?:?:c10::cuda::CUDACachingAllocator::Native::NativeCachingAllocator::malloc(void**, signed char, unsigned long, CUstream_st*) | ?:?:c10::cuda::CUDACachingAllocator::Native::NativeCachingAllocator::allocate(unsigned long) | ?:?:at::TensorBase at::detail::_empty_generic<long>(c10::ArrayRef<long>, c10::Allocator*, c10::DispatchKeySet, c10::ScalarType, std::optional<c10::MemoryFormat>) | ??:?:at::detail::empty_generic(c10::ArrayRef<long>, c10::Allocator*, c10::DispatchKeySet, c10::ScalarType, std::optional<c10::MemoryFormat>)"
active_allocated,17039360,0.015869140625,CoLA,0,memlive_3b_cola_distopt_offload,DistOpt+offload,post_backward,"??:?:torch::unwind::unwind() | ??:?:torch::CapturedTraceback::gather(bool, bool, bool) | memory_snapshot.cpp:?:torch::cuda::(anonymous namespace)::gather_with_cpp() | CUDACachingAllocator.cpp:?:c10::cuda::CUDACachingAllocator::Native::DeviceCachingAllocator::malloc(signed char, unsigned long, CUstream_st*) | ?:?:c10::cuda::CUDACachingAllocator::Native::NativeCachingAllocator::malloc(void**, signed char, unsigned long, CUstream_st*) | ?:?:c10::cuda::CUDACachingAllocator::Native::NativeCachingAllocator::allocate(unsigned long) | ?:?:at::cuda::getNewWorkspace() | ??:?:at::cuda::getCurrentCUDABlasHandle()"
active_allocated,1077252,0.0010032691061496735,CoLA,0,memlive_3b_cola_distopt_offload,DistOpt+offload,post_backward,"??:?:torch::unwind::unwind() | ??:?:torch::CapturedTraceback::gather(bool, bool, bool) | memory_snapshot.cpp:?:torch::cuda::(anonymous namespace)::gather_with_cpp() | CUDACachingAllocator.cpp:?:c10::cuda::CUDACachingAllocator::Native::DeviceCachingAllocator::malloc(signed char, unsigned long, CUstream_st*) | ?:?:c10::cuda::CUDACachingAllocator::Native::NativeCachingAllocator::malloc(void**, signed char, unsigned long, CUstream_st*) | ?:?:c10::cuda::CUDACachingAllocator::Native::NativeCachingAllocator::allocate(unsigned long) | ?:?:at::TensorBase at::detail::_empty_strided_generic<c10::ArrayRef<long> >(c10::ArrayRef<long>, c10::ArrayRef<long>, c10::Allocator*, c10::DispatchKeySet, c10::ScalarType) | ??:?:at::detail::empty_strided_generic(c10::ArrayRef<long>, c10::ArrayRef<long>, c10::Allocator*, c10::DispatchKeySet, c10::ScalarType)"
active_allocated,8270765012,7.702750165015459,CoLA,0,memlive_3b_cola_distopt_offload,DistOpt+offload,post_backward,unavailable
active_allocated,67518477,0.06288148183375597,CoLA,0,memlive_3b_cola_distopt_offload,DistOpt+offload,post_backward,"??:?:torch::unwind::unwind() | ??:?:torch::CapturedTraceback::gather(bool, bool, bool) | memory_snapshot.cpp:?:torch::cuda::(anonymous namespace)::gather_with_cpp() | CUDACachingAllocator.cpp:?:c10::cuda::CUDACachingAllocator::Native::DeviceCachingAllocator::malloc(signed char, unsigned long, CUstream_st*) | ?:?:c10::cuda::CUDACachingAllocator::Native::NativeCachingAllocator::malloc(void**, signed char, unsigned long, CUstream_st*) | ?:?:c10::cuda::CUDACachingAllocator::Native::NativeCachingAllocator::allocate(unsigned long) | ?:?:at::TensorBase at::detail::_empty_generic<long>(c10::ArrayRef<long>, c10::Allocator*, c10::DispatchKeySet, c10::ScalarType, std::optional<c10::MemoryFormat>) | ??:?:at::detail::empty_generic(c10::ArrayRef<long>, c10::Allocator*, c10::DispatchKeySet, c10::ScalarType, std::optional<c10::MemoryFormat>)"
active_allocated,17039360,0.015869140625,CoLA,0,memlive_3b_cola_distopt_offload,DistOpt+offload,post_backward,"??:?:torch::unwind::unwind() | ??:?:torch::CapturedTraceback::gather(bool, bool, bool) | memory_snapshot.cpp:?:torch::cuda::(anonymous namespace)::gather_with_cpp() | CUDACachingAllocator.cpp:?:c10::cuda::CUDACachingAllocator::Native::DeviceCachingAllocator::malloc(signed char, unsigned long, CUstream_st*) | ?:?:c10::cuda::CUDACachingAllocator::Native::NativeCachingAllocator::malloc(void**, signed char, unsigned long, CUstream_st*) | ?:?:c10::cuda::CUDACachingAllocator::Native::NativeCachingAllocator::allocate(unsigned long) | ?:?:at::cuda::getNewWorkspace() | ??:?:at::cuda::getCurrentCUDABlasHandle()"
active_allocated,1077252,0.0010032691061496735,CoLA,0,memlive_3b_cola_distopt_offload,DistOpt+offload,post_backward,"??:?:torch::unwind::unwind() | ??:?:torch::CapturedTraceback::gather(bool, bool, bool) | memory_snapshot.cpp:?:torch::cuda::(anonymous namespace)::gather_with_cpp() | CUDACachingAllocator.cpp:?:c10::cuda::CUDACachingAllocator::Native::DeviceCachingAllocator::malloc(signed char, unsigned long, CUstream_st*) | ?:?:c10::cuda::CUDACachingAllocator::Native::NativeCachingAllocator::malloc(void**, signed char, unsigned long, CUstream_st*) | ?:?:c10::cuda::CUDACachingAllocator::Native::NativeCachingAllocator::allocate(unsigned long) | ?:?:at::TensorBase at::detail::_empty_strided_generic<c10::ArrayRef<long> >(c10::ArrayRef<long>, c10::ArrayRef<long>, c10::Allocator*, c10::DispatchKeySet, c10::ScalarType) | ??:?:at::detail::empty_strided_generic(c10::ArrayRef<long>, c10::ArrayRef<long>, c10::Allocator*, c10::DispatchKeySet, c10::ScalarType)"
active_allocated,8270765012,7.702750165015459,CoLA,0,memlive_3b_cola_distopt_offload,DistOpt+offload,post_backward,unavailable
active_allocated,67518477,0.06288148183375597,CoLA,0,memlive_3b_cola_distopt_offload,DistOpt+offload,post_backward,"??:?:torch::unwind::unwind() | ??:?:torch::CapturedTraceback::gather(bool, bool, bool) | memory_snapshot.cpp:?:torch::cuda::(anonymous namespace)::gather_with_cpp() | CUDACachingAllocator.cpp:?:c10::cuda::CUDACachingAllocator::Native::DeviceCachingAllocator::malloc(signed char, unsigned long, CUstream_st*) | ?:?:c10::cuda::CUDACachingAllocator::Native::NativeCachingAllocator::malloc(void**, signed char, unsigned long, CUstream_st*) | ?:?:c10::cuda::CUDACachingAllocator::Native::NativeCachingAllocator::allocate(unsigned long) | ?:?:at::TensorBase at::detail::_empty_generic<long>(c10::ArrayRef<long>, c10::Allocator*, c10::DispatchKeySet, c10::ScalarType, std::optional<c10::MemoryFormat>) | ??:?:at::detail::empty_generic(c10::ArrayRef<long>, c10::Allocator*, c10::DispatchKeySet, c10::ScalarType, std::optional<c10::MemoryFormat>)"
active_allocated,17039360,0.015869140625,CoLA,0,memlive_3b_cola_distopt_offload,DistOpt+offload,post_backward,"??:?:torch::unwind::unwind() | ??:?:torch::CapturedTraceback::gather(bool, bool, bool) | memory_snapshot.cpp:?:torch::cuda::(anonymous namespace)::gather_with_cpp() | CUDACachingAllocator.cpp:?:c10::cuda::CUDACachingAllocator::Native::DeviceCachingAllocator::malloc(signed char, unsigned long, CUstream_st*) | ?:?:c10::cuda::CUDACachingAllocator::Native::NativeCachingAllocator::malloc(void**, signed char, unsigned long, CUstream_st*) | ?:?:c10::cuda::CUDACachingAllocator::Native::NativeCachingAllocator::allocate(unsigned long) | ?:?:at::cuda::getNewWorkspace() | ??:?:at::cuda::getCurrentCUDABlasHandle()"
active_allocated,1077252,0.0010032691061496735,CoLA,0,memlive_3b_cola_distopt_offload,DistOpt+offload,post_backward,"??:?:torch::unwind::unwind() | ??:?:torch::CapturedTraceback::gather(bool, bool, bool) | memory_snapshot.cpp:?:torch::cuda::(anonymous namespace)::gather_with_cpp() | CUDACachingAllocator.cpp:?:c10::cuda::CUDACachingAllocator::Native::DeviceCachingAllocator::malloc(signed char, unsigned long, CUstream_st*) | ?:?:c10::cuda::CUDACachingAllocator::Native::NativeCachingAllocator::malloc(void**, signed char, unsigned long, CUstream_st*) | ?:?:c10::cuda::CUDACachingAllocator::Native::NativeCachingAllocator::allocate(unsigned long) | ?:?:at::TensorBase at::detail::_empty_strided_generic<c10::ArrayRef<long> >(c10::ArrayRef<long>, c10::ArrayRef<long>, c10::Allocator*, c10::DispatchKeySet, c10::ScalarType) | ??:?:at::detail::empty_strided_generic(c10::ArrayRef<long>, c10::ArrayRef<long>, c10::Allocator*, c10::DispatchKeySet, c10::ScalarType)"
active_allocated,8270765013,7.702750165946782,CoLA,0,memlive_3b_cola_distopt_offload,DistOpt+offload,post_init,unavailable
active_allocated,8270765012,7.702750165015459,CoLA,0,memlive_3b_cola_distopt_offload,DistOpt+offload,post_optimizer_step,unavailable
active_allocated,67518473,0.06288147810846567,CoLA,0,memlive_3b_cola_distopt_offload,DistOpt+offload,post_optimizer_step,"??:?:torch::unwind::unwind() | ??:?:torch::CapturedTraceback::gather(bool, bool, bool) | memory_snapshot.cpp:?:torch::cuda::(anonymous namespace)::gather_with_cpp() | CUDACachingAllocator.cpp:?:c10::cuda::CUDACachingAllocator::Native::DeviceCachingAllocator::malloc(signed char, unsigned long, CUstream_st*) | ?:?:c10::cuda::CUDACachingAllocator::Native::NativeCachingAllocator::malloc(void**, signed char, unsigned long, CUstream_st*) | ?:?:c10::cuda::CUDACachingAllocator::Native::NativeCachingAllocator::allocate(unsigned long) | ?:?:at::TensorBase at::detail::_empty_generic<long>(c10::ArrayRef<long>, c10::Allocator*, c10::DispatchKeySet, c10::ScalarType, std::optional<c10::MemoryFormat>) | ??:?:at::detail::empty_generic(c10::ArrayRef<long>, c10::Allocator*, c10::DispatchKeySet, c10::ScalarType, std::optional<c10::MemoryFormat>)"
active_allocated,17039360,0.015869140625,CoLA,0,memlive_3b_cola_distopt_offload,DistOpt+offload,post_optimizer_step,"??:?:torch::unwind::unwind() | ??:?:torch::CapturedTraceback::gather(bool, bool, bool) | memory_snapshot.cpp:?:torch::cuda::(anonymous namespace)::gather_with_cpp() | CUDACachingAllocator.cpp:?:c10::cuda::CUDACachingAllocator::Native::DeviceCachingAllocator::malloc(signed char, unsigned long, CUstream_st*) | ?:?:c10::cuda::CUDACachingAllocator::Native::NativeCachingAllocator::malloc(void**, signed char, unsigned long, CUstream_st*) | ?:?:c10::cuda::CUDACachingAllocator::Native::NativeCachingAllocator::allocate(unsigned long) | ?:?:at::cuda::getNewWorkspace() | ??:?:at::cuda::getCurrentCUDABlasHandle()"
active_allocated,1077248,0.001003265380859375,CoLA,0,memlive_3b_cola_distopt_offload,DistOpt+offload,post_optimizer_step,"??:?:torch::unwind::unwind() | ??:?:torch::CapturedTraceback::gather(bool, bool, bool) | memory_snapshot.cpp:?:torch::cuda::(anonymous namespace)::gather_with_cpp() | CUDACachingAllocator.cpp:?:c10::cuda::CUDACachingAllocator::Native::DeviceCachingAllocator::malloc(signed char, unsigned long, CUstream_st*) | ?:?:c10::cuda::CUDACachingAllocator::Native::NativeCachingAllocator::malloc(void**, signed char, unsigned long, CUstream_st*) | ?:?:c10::cuda::CUDACachingAllocator::Native::NativeCachingAllocator::allocate(unsigned long) | ?:?:at::TensorBase at::detail::_empty_strided_generic<c10::ArrayRef<long> >(c10::ArrayRef<long>, c10::ArrayRef<long>, c10::Allocator*, c10::DispatchKeySet, c10::ScalarType) | ??:?:at::detail::empty_strided_generic(c10::ArrayRef<long>, c10::ArrayRef<long>, c10::Allocator*, c10::DispatchKeySet, c10::ScalarType)"
active_allocated,8270765012,7.702750165015459,CoLA,0,memlive_3b_cola_distopt_offload,DistOpt+offload,post_optimizer_step,unavailable
active_allocated,67518481,0.06288148555904627,CoLA,0,memlive_3b_cola_distopt_offload,DistOpt+offload,post_optimizer_step,"??:?:torch::unwind::unwind() | ??:?:torch::CapturedTraceback::gather(bool, bool, bool) | memory_snapshot.cpp:?:torch::cuda::(anonymous namespace)::gather_with_cpp() | CUDACachingAllocator.cpp:?:c10::cuda::CUDACachingAllocator::Native::DeviceCachingAllocator::malloc(signed char, unsigned long, CUstream_st*) | ?:?:c10::cuda::CUDACachingAllocator::Native::NativeCachingAllocator::malloc(void**, signed char, unsigned long, CUstream_st*) | ?:?:c10::cuda::CUDACachingAllocator::Native::NativeCachingAllocator::allocate(unsigned long) | ?:?:at::TensorBase at::detail::_empty_generic<long>(c10::ArrayRef<long>, c10::Allocator*, c10::DispatchKeySet, c10::ScalarType, std::optional<c10::MemoryFormat>) | ??:?:at::detail::empty_generic(c10::ArrayRef<long>, c10::Allocator*, c10::DispatchKeySet, c10::ScalarType, std::optional<c10::MemoryFormat>)"
active_allocated,17039360,0.015869140625,CoLA,0,memlive_3b_cola_distopt_offload,DistOpt+offload,post_optimizer_step,"??:?:torch::unwind::unwind() | ??:?:torch::CapturedTraceback::gather(bool, bool, bool) | memory_snapshot.cpp:?:torch::cuda::(anonymous namespace)::gather_with_cpp() | CUDACachingAllocator.cpp:?:c10::cuda::CUDACachingAllocator::Native::DeviceCachingAllocator::malloc(signed char, unsigned long, CUstream_st*) | ?:?:c10::cuda::CUDACachingAllocator::Native::NativeCachingAllocator::malloc(void**, signed char, unsigned long, CUstream_st*) | ?:?:c10::cuda::CUDACachingAllocator::Native::NativeCachingAllocator::allocate(unsigned long) | ?:?:at::cuda::getNewWorkspace() | ??:?:at::cuda::getCurrentCUDABlasHandle()"
active_allocated,1077248,0.001003265380859375,CoLA,0,memlive_3b_cola_distopt_offload,DistOpt+offload,post_optimizer_step,"??:?:torch::unwind::unwind() | ??:?:torch::CapturedTraceback::gather(bool, bool, bool) | memory_snapshot.cpp:?:torch::cuda::(anonymous namespace)::gather_with_cpp() | CUDACachingAllocator.cpp:?:c10::cuda::CUDACachingAllocator::Native::DeviceCachingAllocator::malloc(signed char, unsigned long, CUstream_st*) | ?:?:c10::cuda::CUDACachingAllocator::Native::NativeCachingAllocator::malloc(void**, signed char, unsigned long, CUstream_st*) | ?:?:c10::cuda::CUDACachingAllocator::Native::NativeCachingAllocator::allocate(unsigned long) | ?:?:at::TensorBase at::detail::_empty_strided_generic<c10::ArrayRef<long> >(c10::ArrayRef<long>, c10::ArrayRef<long>, c10::Allocator*, c10::DispatchKeySet, c10::ScalarType) | ??:?:at::detail::empty_strided_generic(c10::ArrayRef<long>, c10::ArrayRef<long>, c10::Allocator*, c10::DispatchKeySet, c10::ScalarType)"
active_allocated,8270765012,7.702750165015459,CoLA,0,memlive_3b_cola_distopt_offload,DistOpt+offload,post_optimizer_step,unavailable
active_allocated,67518477,0.06288148183375597,CoLA,0,memlive_3b_cola_distopt_offload,DistOpt+offload,post_optimizer_step,"??:?:torch::unwind::unwind() | ??:?:torch::CapturedTraceback::gather(bool, bool, bool) | memory_snapshot.cpp:?:torch::cuda::(anonymous namespace)::gather_with_cpp() | CUDACachingAllocator.cpp:?:c10::cuda::CUDACachingAllocator::Native::DeviceCachingAllocator::malloc(signed char, unsigned long, CUstream_st*) | ?:?:c10::cuda::CUDACachingAllocator::Native::NativeCachingAllocator::malloc(void**, signed char, unsigned long, CUstream_st*) | ?:?:c10::cuda::CUDACachingAllocator::Native::NativeCachingAllocator::allocate(unsigned long) | ?:?:at::TensorBase at::detail::_empty_generic<long>(c10::ArrayRef<long>, c10::Allocator*, c10::DispatchKeySet, c10::ScalarType, std::optional<c10::MemoryFormat>) | ??:?:at::detail::empty_generic(c10::ArrayRef<long>, c10::Allocator*, c10::DispatchKeySet, c10::ScalarType, std::optional<c10::MemoryFormat>)"
active_allocated,17039360,0.015869140625,CoLA,0,memlive_3b_cola_distopt_offload,DistOpt+offload,post_optimizer_step,"??:?:torch::unwind::unwind() | ??:?:torch::CapturedTraceback::gather(bool, bool, bool) | memory_snapshot.cpp:?:torch::cuda::(anonymous namespace)::gather_with_cpp() | CUDACachingAllocator.cpp:?:c10::cuda::CUDACachingAllocator::Native::DeviceCachingAllocator::malloc(signed char, unsigned long, CUstream_st*) | ?:?:c10::cuda::CUDACachingAllocator::Native::NativeCachingAllocator::malloc(void**, signed char, unsigned long, CUstream_st*) | ?:?:c10::cuda::CUDACachingAllocator::Native::NativeCachingAllocator::allocate(unsigned long) | ?:?:at::cuda::getNewWorkspace() | ??:?:at::cuda::getCurrentCUDABlasHandle()"
active_allocated,1077252,0.0010032691061496735,CoLA,0,memlive_3b_cola_distopt_offload,DistOpt+offload,post_optimizer_step,"??:?:torch::unwind::unwind() | ??:?:torch::CapturedTraceback::gather(bool, bool, bool) | memory_snapshot.cpp:?:torch::cuda::(anonymous namespace)::gather_with_cpp() | CUDACachingAllocator.cpp:?:c10::cuda::CUDACachingAllocator::Native::DeviceCachingAllocator::malloc(signed char, unsigned long, CUstream_st*) | ?:?:c10::cuda::CUDACachingAllocator::Native::NativeCachingAllocator::malloc(void**, signed char, unsigned long, CUstream_st*) | ?:?:c10::cuda::CUDACachingAllocator::Native::NativeCachingAllocator::allocate(unsigned long) | ?:?:at::TensorBase at::detail::_empty_strided_generic<c10::ArrayRef<long> >(c10::ArrayRef<long>, c10::ArrayRef<long>, c10::Allocator*, c10::DispatchKeySet, c10::ScalarType) | ??:?:at::detail::empty_strided_generic(c10::ArrayRef<long>, c10::ArrayRef<long>, c10::Allocator*, c10::DispatchKeySet, c10::ScalarType)"
active_allocated,8270765012,7.702750165015459,CoLA,0,memlive_3b_cola_distopt_offload,DistOpt+offload,post_optimizer_step,unavailable
active_allocated,67518477,0.06288148183375597,CoLA,0,memlive_3b_cola_distopt_offload,DistOpt+offload,post_optimizer_step,"??:?:torch::unwind::unwind() | ??:?:torch::CapturedTraceback::gather(bool, bool, bool) | memory_snapshot.cpp:?:torch::cuda::(anonymous namespace)::gather_with_cpp() | CUDACachingAllocator.cpp:?:c10::cuda::CUDACachingAllocator::Native::DeviceCachingAllocator::malloc(signed char, unsigned long, CUstream_st*) | ?:?:c10::cuda::CUDACachingAllocator::Native::NativeCachingAllocator::malloc(void**, signed char, unsigned long, CUstream_st*) | ?:?:c10::cuda::CUDACachingAllocator::Native::NativeCachingAllocator::allocate(unsigned long) | ?:?:at::TensorBase at::detail::_empty_generic<long>(c10::ArrayRef<long>, c10::Allocator*, c10::DispatchKeySet, c10::ScalarType, std::optional<c10::MemoryFormat>) | ??:?:at::detail::empty_generic(c10::ArrayRef<long>, c10::Allocator*, c10::DispatchKeySet, c10::ScalarType, std::optional<c10::MemoryFormat>)"
active_allocated,17039360,0.015869140625,CoLA,0,memlive_3b_cola_distopt_offload,DistOpt+offload,post_optimizer_step,"??:?:torch::unwind::unwind() | ??:?:torch::CapturedTraceback::gather(bool, bool, bool) | memory_snapshot.cpp:?:torch::cuda::(anonymous namespace)::gather_with_cpp() | CUDACachingAllocator.cpp:?:c10::cuda::CUDACachingAllocator::Native::DeviceCachingAllocator::malloc(signed char, unsigned long, CUstream_st*) | ?:?:c10::cuda::CUDACachingAllocator::Native::NativeCachingAllocator::malloc(void**, signed char, unsigned long, CUstream_st*) | ?:?:c10::cuda::CUDACachingAllocator::Native::NativeCachingAllocator::allocate(unsigned long) | ?:?:at::cuda::getNewWorkspace() | ??:?:at::cuda::getCurrentCUDABlasHandle()"
active_allocated,1077252,0.0010032691061496735,CoLA,0,memlive_3b_cola_distopt_offload,DistOpt+offload,post_optimizer_step,"??:?:torch::unwind::unwind() | ??:?:torch::CapturedTraceback::gather(bool, bool, bool) | memory_snapshot.cpp:?:torch::cuda::(anonymous namespace)::gather_with_cpp() | CUDACachingAllocator.cpp:?:c10::cuda::CUDACachingAllocator::Native::DeviceCachingAllocator::malloc(signed char, unsigned long, CUstream_st*) | ?:?:c10::cuda::CUDACachingAllocator::Native::NativeCachingAllocator::malloc(void**, signed char, unsigned long, CUstream_st*) | ?:?:c10::cuda::CUDACachingAllocator::Native::NativeCachingAllocator::allocate(unsigned long) | ?:?:at::TensorBase at::detail::_empty_strided_generic<c10::ArrayRef<long> >(c10::ArrayRef<long>, c10::ArrayRef<long>, c10::Allocator*, c10::DispatchKeySet, c10::ScalarType) | ??:?:at::detail::empty_strided_generic(c10::ArrayRef<long>, c10::ArrayRef<long>, c10::Allocator*, c10::DispatchKeySet, c10::ScalarType)"
active_allocated,8270765012,7.702750165015459,CoLA,0,memlive_3b_cola_distopt_offload,DistOpt+offload,post_optimizer_step,unavailable
active_allocated,67518477,0.06288148183375597,CoLA,0,memlive_3b_cola_distopt_offload,DistOpt+offload,post_optimizer_step,"??:?:torch::unwind::unwind() | ??:?:torch::CapturedTraceback::gather(bool, bool, bool) | memory_snapshot.cpp:?:torch::cuda::(anonymous namespace)::gather_with_cpp() | CUDACachingAllocator.cpp:?:c10::cuda::CUDACachingAllocator::Native::DeviceCachingAllocator::malloc(signed char, unsigned long, CUstream_st*) | ?:?:c10::cuda::CUDACachingAllocator::Native::NativeCachingAllocator::malloc(void**, signed char, unsigned long, CUstream_st*) | ?:?:c10::cuda::CUDACachingAllocator::Native::NativeCachingAllocator::allocate(unsigned long) | ?:?:at::TensorBase at::detail::_empty_generic<long>(c10::ArrayRef<long>, c10::Allocator*, c10::DispatchKeySet, c10::ScalarType, std::optional<c10::MemoryFormat>) | ??:?:at::detail::empty_generic(c10::ArrayRef<long>, c10::Allocator*, c10::DispatchKeySet, c10::ScalarType, std::optional<c10::MemoryFormat>)"
active_allocated,17039360,0.015869140625,CoLA,0,memlive_3b_cola_distopt_offload,DistOpt+offload,post_optimizer_step,"??:?:torch::unwind::unwind() | ??:?:torch::CapturedTraceback::gather(bool, bool, bool) | memory_snapshot.cpp:?:torch::cuda::(anonymous namespace)::gather_with_cpp() | CUDACachingAllocator.cpp:?:c10::cuda::CUDACachingAllocator::Native::DeviceCachingAllocator::malloc(signed char, unsigned long, CUstream_st*) | ?:?:c10::cuda::CUDACachingAllocator::Native::NativeCachingAllocator::malloc(void**, signed char, unsigned long, CUstream_st*) | ?:?:c10::cuda::CUDACachingAllocator::Native::NativeCachingAllocator::allocate(unsigned long) | ?:?:at::cuda::getNewWorkspace() | ??:?:at::cuda::getCurrentCUDABlasHandle()"
active_allocated,1077252,0.0010032691061496735,CoLA,0,memlive_3b_cola_distopt_offload,DistOpt+offload,post_optimizer_step,"??:?:torch::unwind::unwind() | ??:?:torch::CapturedTraceback::gather(bool, bool, bool) | memory_snapshot.cpp:?:torch::cuda::(anonymous namespace)::gather_with_cpp() | CUDACachingAllocator.cpp:?:c10::cuda::CUDACachingAllocator::Native::DeviceCachingAllocator::malloc(signed char, unsigned long, CUstream_st*) | ?:?:c10::cuda::CUDACachingAllocator::Native::NativeCachingAllocator::malloc(void**, signed char, unsigned long, CUstream_st*) | ?:?:c10::cuda::CUDACachingAllocator::Native::NativeCachingAllocator::allocate(unsigned long) | ?:?:at::TensorBase at::detail::_empty_strided_generic<c10::ArrayRef<long> >(c10::ArrayRef<long>, c10::ArrayRef<long>, c10::Allocator*, c10::DispatchKeySet, c10::ScalarType) | ??:?:at::detail::empty_strided_generic(c10::ArrayRef<long>, c10::ArrayRef<long>, c10::Allocator*, c10::DispatchKeySet, c10::ScalarType)"
active_allocated,8270765012,7.702750165015459,CoLA,0,memlive_3b_cola_distopt_offload,DistOpt+offload,post_optimizer_step,unavailable
active_allocated,67518477,0.06288148183375597,CoLA,0,memlive_3b_cola_distopt_offload,DistOpt+offload,post_optimizer_step,"??:?:torch::unwind::unwind() | ??:?:torch::CapturedTraceback::gather(bool, bool, bool) | memory_snapshot.cpp:?:torch::cuda::(anonymous namespace)::gather_with_cpp() | CUDACachingAllocator.cpp:?:c10::cuda::CUDACachingAllocator::Native::DeviceCachingAllocator::malloc(signed char, unsigned long, CUstream_st*) | ?:?:c10::cuda::CUDACachingAllocator::Native::NativeCachingAllocator::malloc(void**, signed char, unsigned long, CUstream_st*) | ?:?:c10::cuda::CUDACachingAllocator::Native::NativeCachingAllocator::allocate(unsigned long) | ?:?:at::TensorBase at::detail::_empty_generic<long>(c10::ArrayRef<long>, c10::Allocator*, c10::DispatchKeySet, c10::ScalarType, std::optional<c10::MemoryFormat>) | ??:?:at::detail::empty_generic(c10::ArrayRef<long>, c10::Allocator*, c10::DispatchKeySet, c10::ScalarType, std::optional<c10::MemoryFormat>)"
active_allocated,17039360,0.015869140625,CoLA,0,memlive_3b_cola_distopt_offload,DistOpt+offload,post_optimizer_step,"??:?:torch::unwind::unwind() | ??:?:torch::CapturedTraceback::gather(bool, bool, bool) | memory_snapshot.cpp:?:torch::cuda::(anonymous namespace)::gather_with_cpp() | CUDACachingAllocator.cpp:?:c10::cuda::CUDACachingAllocator::Native::DeviceCachingAllocator::malloc(signed char, unsigned long, CUstream_st*) | ?:?:c10::cuda::CUDACachingAllocator::Native::NativeCachingAllocator::malloc(void**, signed char, unsigned long, CUstream_st*) | ?:?:c10::cuda::CUDACachingAllocator::Native::NativeCachingAllocator::allocate(unsigned long) | ?:?:at::cuda::getNewWorkspace() | ??:?:at::cuda::getCurrentCUDABlasHandle()"
active_allocated,1077252,0.0010032691061496735,CoLA,0,memlive_3b_cola_distopt_offload,DistOpt+offload,post_optimizer_step,"??:?:torch::unwind::unwind() | ??:?:torch::CapturedTraceback::gather(bool, bool, bool) | memory_snapshot.cpp:?:torch::cuda::(anonymous namespace)::gather_with_cpp() | CUDACachingAllocator.cpp:?:c10::cuda::CUDACachingAllocator::Native::DeviceCachingAllocator::malloc(signed char, unsigned long, CUstream_st*) | ?:?:c10::cuda::CUDACachingAllocator::Native::NativeCachingAllocator::malloc(void**, signed char, unsigned long, CUstream_st*) | ?:?:c10::cuda::CUDACachingAllocator::Native::NativeCachingAllocator::allocate(unsigned long) | ?:?:at::TensorBase at::detail::_empty_strided_generic<c10::ArrayRef<long> >(c10::ArrayRef<long>, c10::ArrayRef<long>, c10::Allocator*, c10::DispatchKeySet, c10::ScalarType) | ??:?:at::detail::empty_strided_generic(c10::ArrayRef<long>, c10::ArrayRef<long>, c10::Allocator*, c10::DispatchKeySet, c10::ScalarType)"
active_allocated,8270765012,7.702750165015459,CoLA,0,memlive_3b_cola_distopt_offload,DistOpt+offload,post_optimizer_step,unavailable
active_allocated,67518477,0.06288148183375597,CoLA,0,memlive_3b_cola_distopt_offload,DistOpt+offload,post_optimizer_step,"??:?:torch::unwind::unwind() | ??:?:torch::CapturedTraceback::gather(bool, bool, bool) | memory_snapshot.cpp:?:torch::cuda::(anonymous namespace)::gather_with_cpp() | CUDACachingAllocator.cpp:?:c10::cuda::CUDACachingAllocator::Native::DeviceCachingAllocator::malloc(signed char, unsigned long, CUstream_st*) | ?:?:c10::cuda::CUDACachingAllocator::Native::NativeCachingAllocator::malloc(void**, signed char, unsigned long, CUstream_st*) | ?:?:c10::cuda::CUDACachingAllocator::Native::NativeCachingAllocator::allocate(unsigned long) | ?:?:at::TensorBase at::detail::_empty_generic<long>(c10::ArrayRef<long>, c10::Allocator*, c10::DispatchKeySet, c10::ScalarType, std::optional<c10::MemoryFormat>) | ??:?:at::detail::empty_generic(c10::ArrayRef<long>, c10::Allocator*, c10::DispatchKeySet, c10::ScalarType, std::optional<c10::MemoryFormat>)"
active_allocated,17039360,0.015869140625,CoLA,0,memlive_3b_cola_distopt_offload,DistOpt+offload,post_optimizer_step,"??:?:torch::unwind::unwind() | ??:?:torch::CapturedTraceback::gather(bool, bool, bool) | memory_snapshot.cpp:?:torch::cuda::(anonymous namespace)::gather_with_cpp() | CUDACachingAllocator.cpp:?:c10::cuda::CUDACachingAllocator::Native::DeviceCachingAllocator::malloc(signed char, unsigned long, CUstream_st*) | ?:?:c10::cuda::CUDACachingAllocator::Native::NativeCachingAllocator::malloc(void**, signed char, unsigned long, CUstream_st*) | ?:?:c10::cuda::CUDACachingAllocator::Native::NativeCachingAllocator::allocate(unsigned long) | ?:?:at::cuda::getNewWorkspace() | ??:?:at::cuda::getCurrentCUDABlasHandle()"
active_allocated,1077252,0.0010032691061496735,CoLA,0,memlive_3b_cola_distopt_offload,DistOpt+offload,post_optimizer_step,"??:?:torch::unwind::unwind() | ??:?:torch::CapturedTraceback::gather(bool, bool, bool) | memory_snapshot.cpp:?:torch::cuda::(anonymous namespace)::gather_with_cpp() | CUDACachingAllocator.cpp:?:c10::cuda::CUDACachingAllocator::Native::DeviceCachingAllocator::malloc(signed char, unsigned long, CUstream_st*) | ?:?:c10::cuda::CUDACachingAllocator::Native::NativeCachingAllocator::malloc(void**, signed char, unsigned long, CUstream_st*) | ?:?:c10::cuda::CUDACachingAllocator::Native::NativeCachingAllocator::allocate(unsigned long) | ?:?:at::TensorBase at::detail::_empty_strided_generic<c10::ArrayRef<long> >(c10::ArrayRef<long>, c10::ArrayRef<long>, c10::Allocator*, c10::DispatchKeySet, c10::ScalarType) | ??:?:at::detail::empty_strided_generic(c10::ArrayRef<long>, c10::ArrayRef<long>, c10::Allocator*, c10::DispatchKeySet, c10::ScalarType)"
active_allocated,8270765012,7.702750165015459,CoLA,0,memlive_3b_cola_distopt_offload,DistOpt+offload,post_optimizer_step,unavailable
active_allocated,67518477,0.06288148183375597,CoLA,0,memlive_3b_cola_distopt_offload,DistOpt+offload,post_optimizer_step,"??:?:torch::unwind::unwind() | ??:?:torch::CapturedTraceback::gather(bool, bool, bool) | memory_snapshot.cpp:?:torch::cuda::(anonymous namespace)::gather_with_cpp() | CUDACachingAllocator.cpp:?:c10::cuda::CUDACachingAllocator::Native::DeviceCachingAllocator::malloc(signed char, unsigned long, CUstream_st*) | ?:?:c10::cuda::CUDACachingAllocator::Native::NativeCachingAllocator::malloc(void**, signed char, unsigned long, CUstream_st*) | ?:?:c10::cuda::CUDACachingAllocator::Native::NativeCachingAllocator::allocate(unsigned long) | ?:?:at::TensorBase at::detail::_empty_generic<long>(c10::ArrayRef<long>, c10::Allocator*, c10::DispatchKeySet, c10::ScalarType, std::optional<c10::MemoryFormat>) | ??:?:at::detail::empty_generic(c10::ArrayRef<long>, c10::Allocator*, c10::DispatchKeySet, c10::ScalarType, std::optional<c10::MemoryFormat>)"
active_allocated,17039360,0.015869140625,CoLA,0,memlive_3b_cola_distopt_offload,DistOpt+offload,post_optimizer_step,"??:?:torch::unwind::unwind() | ??:?:torch::CapturedTraceback::gather(bool, bool, bool) | memory_snapshot.cpp:?:torch::cuda::(anonymous namespace)::gather_with_cpp() | CUDACachingAllocator.cpp:?:c10::cuda::CUDACachingAllocator::Native::DeviceCachingAllocator::malloc(signed char, unsigned long, CUstream_st*) | ?:?:c10::cuda::CUDACachingAllocator::Native::NativeCachingAllocator::malloc(void**, signed char, unsigned long, CUstream_st*) | ?:?:c10::cuda::CUDACachingAllocator::Native::NativeCachingAllocator::allocate(unsigned long) | ?:?:at::cuda::getNewWorkspace() | ??:?:at::cuda::getCurrentCUDABlasHandle()"
active_allocated,1077252,0.0010032691061496735,CoLA,0,memlive_3b_cola_distopt_offload,DistOpt+offload,post_optimizer_step,"??:?:torch::unwind::unwind() | ??:?:torch::CapturedTraceback::gather(bool, bool, bool) | memory_snapshot.cpp:?:torch::cuda::(anonymous namespace)::gather_with_cpp() | CUDACachingAllocator.cpp:?:c10::cuda::CUDACachingAllocator::Native::DeviceCachingAllocator::malloc(signed char, unsigned long, CUstream_st*) | ?:?:c10::cuda::CUDACachingAllocator::Native::NativeCachingAllocator::malloc(void**, signed char, unsigned long, CUstream_st*) | ?:?:c10::cuda::CUDACachingAllocator::Native::NativeCachingAllocator::allocate(unsigned long) | ?:?:at::TensorBase at::detail::_empty_strided_generic<c10::ArrayRef<long> >(c10::ArrayRef<long>, c10::ArrayRef<long>, c10::Allocator*, c10::DispatchKeySet, c10::ScalarType) | ??:?:at::detail::empty_strided_generic(c10::ArrayRef<long>, c10::ArrayRef<long>, c10::Allocator*, c10::DispatchKeySet, c10::ScalarType)"
active_allocated,8270765012,7.702750165015459,CoLA,0,memlive_3b_cola_distopt_offload,DistOpt+offload,post_optimizer_step,unavailable
active_allocated,67518477,0.06288148183375597,CoLA,0,memlive_3b_cola_distopt_offload,DistOpt+offload,post_optimizer_step,"??:?:torch::unwind::unwind() | ??:?:torch::CapturedTraceback::gather(bool, bool, bool) | memory_snapshot.cpp:?:torch::cuda::(anonymous namespace)::gather_with_cpp() | CUDACachingAllocator.cpp:?:c10::cuda::CUDACachingAllocator::Native::DeviceCachingAllocator::malloc(signed char, unsigned long, CUstream_st*) | ?:?:c10::cuda::CUDACachingAllocator::Native::NativeCachingAllocator::malloc(void**, signed char, unsigned long, CUstream_st*) | ?:?:c10::cuda::CUDACachingAllocator::Native::NativeCachingAllocator::allocate(unsigned long) | ?:?:at::TensorBase at::detail::_empty_generic<long>(c10::ArrayRef<long>, c10::Allocator*, c10::DispatchKeySet, c10::ScalarType, std::optional<c10::MemoryFormat>) | ??:?:at::detail::empty_generic(c10::ArrayRef<long>, c10::Allocator*, c10::DispatchKeySet, c10::ScalarType, std::optional<c10::MemoryFormat>)"
active_allocated,17039360,0.015869140625,CoLA,0,memlive_3b_cola_distopt_offload,DistOpt+offload,post_optimizer_step,"??:?:torch::unwind::unwind() | ??:?:torch::CapturedTraceback::gather(bool, bool, bool) | memory_snapshot.cpp:?:torch::cuda::(anonymous namespace)::gather_with_cpp() | CUDACachingAllocator.cpp:?:c10::cuda::CUDACachingAllocator::Native::DeviceCachingAllocator::malloc(signed char, unsigned long, CUstream_st*) | ?:?:c10::cuda::CUDACachingAllocator::Native::NativeCachingAllocator::malloc(void**, signed char, unsigned long, CUstream_st*) | ?:?:c10::cuda::CUDACachingAllocator::Native::NativeCachingAllocator::allocate(unsigned long) | ?:?:at::cuda::getNewWorkspace() | ??:?:at::cuda::getCurrentCUDABlasHandle()"
active_allocated,1077252,0.0010032691061496735,CoLA,0,memlive_3b_cola_distopt_offload,DistOpt+offload,post_optimizer_step,"??:?:torch::unwind::unwind() | ??:?:torch::CapturedTraceback::gather(bool, bool, bool) | memory_snapshot.cpp:?:torch::cuda::(anonymous namespace)::gather_with_cpp() | CUDACachingAllocator.cpp:?:c10::cuda::CUDACachingAllocator::Native::DeviceCachingAllocator::malloc(signed char, unsigned long, CUstream_st*) | ?:?:c10::cuda::CUDACachingAllocator::Native::NativeCachingAllocator::malloc(void**, signed char, unsigned long, CUstream_st*) | ?:?:c10::cuda::CUDACachingAllocator::Native::NativeCachingAllocator::allocate(unsigned long) | ?:?:at::TensorBase at::detail::_empty_strided_generic<c10::ArrayRef<long> >(c10::ArrayRef<long>, c10::ArrayRef<long>, c10::Allocator*, c10::DispatchKeySet, c10::ScalarType) | ??:?:at::detail::empty_strided_generic(c10::ArrayRef<long>, c10::ArrayRef<long>, c10::Allocator*, c10::DispatchKeySet, c10::ScalarType)"
active_allocated,8270765012,7.702750165015459,CoLA,0,memlive_3b_cola_distopt_offload,DistOpt+offload,post_optimizer_step,unavailable
active_allocated,67518477,0.06288148183375597,CoLA,0,memlive_3b_cola_distopt_offload,DistOpt+offload,post_optimizer_step,"??:?:torch::unwind::unwind() | ??:?:torch::CapturedTraceback::gather(bool, bool, bool) | memory_snapshot.cpp:?:torch::cuda::(anonymous namespace)::gather_with_cpp() | CUDACachingAllocator.cpp:?:c10::cuda::CUDACachingAllocator::Native::DeviceCachingAllocator::malloc(signed char, unsigned long, CUstream_st*) | ?:?:c10::cuda::CUDACachingAllocator::Native::NativeCachingAllocator::malloc(void**, signed char, unsigned long, CUstream_st*) | ?:?:c10::cuda::CUDACachingAllocator::Native::NativeCachingAllocator::allocate(unsigned long) | ?:?:at::TensorBase at::detail::_empty_generic<long>(c10::ArrayRef<long>, c10::Allocator*, c10::DispatchKeySet, c10::ScalarType, std::optional<c10::MemoryFormat>) | ??:?:at::detail::empty_generic(c10::ArrayRef<long>, c10::Allocator*, c10::DispatchKeySet, c10::ScalarType, std::optional<c10::MemoryFormat>)"
active_allocated,17039360,0.015869140625,CoLA,0,memlive_3b_cola_distopt_offload,DistOpt+offload,post_optimizer_step,"??:?:torch::unwind::unwind() | ??:?:torch::CapturedTraceback::gather(bool, bool, bool) | memory_snapshot.cpp:?:torch::cuda::(anonymous namespace)::gather_with_cpp() | CUDACachingAllocator.cpp:?:c10::cuda::CUDACachingAllocator::Native::DeviceCachingAllocator::malloc(signed char, unsigned long, CUstream_st*) | ?:?:c10::cuda::CUDACachingAllocator::Native::NativeCachingAllocator::malloc(void**, signed char, unsigned long, CUstream_st*) | ?:?:c10::cuda::CUDACachingAllocator::Native::NativeCachingAllocator::allocate(unsigned long) | ?:?:at::cuda::getNewWorkspace() | ??:?:at::cuda::getCurrentCUDABlasHandle()"
active_allocated,1077252,0.0010032691061496735,CoLA,0,memlive_3b_cola_distopt_offload,DistOpt+offload,post_optimizer_step,"??:?:torch::unwind::unwind() | ??:?:torch::CapturedTraceback::gather(bool, bool, bool) | memory_snapshot.cpp:?:torch::cuda::(anonymous namespace)::gather_with_cpp() | CUDACachingAllocator.cpp:?:c10::cuda::CUDACachingAllocator::Native::DeviceCachingAllocator::malloc(signed char, unsigned long, CUstream_st*) | ?:?:c10::cuda::CUDACachingAllocator::Native::NativeCachingAllocator::malloc(void**, signed char, unsigned long, CUstream_st*) | ?:?:c10::cuda::CUDACachingAllocator::Native::NativeCachingAllocator::allocate(unsigned long) | ?:?:at::TensorBase at::detail::_empty_strided_generic<c10::ArrayRef<long> >(c10::ArrayRef<long>, c10::ArrayRef<long>, c10::Allocator*, c10::DispatchKeySet, c10::ScalarType) | ??:?:at::detail::empty_strided_generic(c10::ArrayRef<long>, c10::ArrayRef<long>, c10::Allocator*, c10::DispatchKeySet, c10::ScalarType)"
active_allocated,8270765012,7.702750165015459,CoLA,0,memlive_3b_cola_distopt_offload,DistOpt+offload,post_optimizer_step,unavailable
active_allocated,67518477,0.06288148183375597,CoLA,0,memlive_3b_cola_distopt_offload,DistOpt+offload,post_optimizer_step,"??:?:torch::unwind::unwind() | ??:?:torch::CapturedTraceback::gather(bool, bool, bool) | memory_snapshot.cpp:?:torch::cuda::(anonymous namespace)::gather_with_cpp() | CUDACachingAllocator.cpp:?:c10::cuda::CUDACachingAllocator::Native::DeviceCachingAllocator::malloc(signed char, unsigned long, CUstream_st*) | ?:?:c10::cuda::CUDACachingAllocator::Native::NativeCachingAllocator::malloc(void**, signed char, unsigned long, CUstream_st*) | ?:?:c10::cuda::CUDACachingAllocator::Native::NativeCachingAllocator::allocate(unsigned long) | ?:?:at::TensorBase at::detail::_empty_generic<long>(c10::ArrayRef<long>, c10::Allocator*, c10::DispatchKeySet, c10::ScalarType, std::optional<c10::MemoryFormat>) | ??:?:at::detail::empty_generic(c10::ArrayRef<long>, c10::Allocator*, c10::DispatchKeySet, c10::ScalarType, std::optional<c10::MemoryFormat>)"
active_allocated,17039360,0.015869140625,CoLA,0,memlive_3b_cola_distopt_offload,DistOpt+offload,post_optimizer_step,"??:?:torch::unwind::unwind() | ??:?:torch::CapturedTraceback::gather(bool, bool, bool) | memory_snapshot.cpp:?:torch::cuda::(anonymous namespace)::gather_with_cpp() | CUDACachingAllocator.cpp:?:c10::cuda::CUDACachingAllocator::Native::DeviceCachingAllocator::malloc(signed char, unsigned long, CUstream_st*) | ?:?:c10::cuda::CUDACachingAllocator::Native::NativeCachingAllocator::malloc(void**, signed char, unsigned long, CUstream_st*) | ?:?:c10::cuda::CUDACachingAllocator::Native::NativeCachingAllocator::allocate(unsigned long) | ?:?:at::cuda::getNewWorkspace() | ??:?:at::cuda::getCurrentCUDABlasHandle()"
active_allocated,1077252,0.0010032691061496735,CoLA,0,memlive_3b_cola_distopt_offload,DistOpt+offload,post_optimizer_step,"??:?:torch::unwind::unwind() | ??:?:torch::CapturedTraceback::gather(bool, bool, bool) | memory_snapshot.cpp:?:torch::cuda::(anonymous namespace)::gather_with_cpp() | CUDACachingAllocator.cpp:?:c10::cuda::CUDACachingAllocator::Native::DeviceCachingAllocator::malloc(signed char, unsigned long, CUstream_st*) | ?:?:c10::cuda::CUDACachingAllocator::Native::NativeCachingAllocator::malloc(void**, signed char, unsigned long, CUstream_st*) | ?:?:c10::cuda::CUDACachingAllocator::Native::NativeCachingAllocator::allocate(unsigned long) | ?:?:at::TensorBase at::detail::_empty_strided_generic<c10::ArrayRef<long> >(c10::ArrayRef<long>, c10::ArrayRef<long>, c10::Allocator*, c10::DispatchKeySet, c10::ScalarType) | ??:?:at::detail::empty_strided_generic(c10::ArrayRef<long>, c10::ArrayRef<long>, c10::Allocator*, c10::DispatchKeySet, c10::ScalarType)"
active_allocated,8270765012,7.702750165015459,CoLA,0,memlive_3b_cola_distopt_offload,DistOpt+offload,post_optimizer_step,unavailable
active_allocated,67518477,0.06288148183375597,CoLA,0,memlive_3b_cola_distopt_offload,DistOpt+offload,post_optimizer_step,"??:?:torch::unwind::unwind() | ??:?:torch::CapturedTraceback::gather(bool, bool, bool) | memory_snapshot.cpp:?:torch::cuda::(anonymous namespace)::gather_with_cpp() | CUDACachingAllocator.cpp:?:c10::cuda::CUDACachingAllocator::Native::DeviceCachingAllocator::malloc(signed char, unsigned long, CUstream_st*) | ?:?:c10::cuda::CUDACachingAllocator::Native::NativeCachingAllocator::malloc(void**, signed char, unsigned long, CUstream_st*) | ?:?:c10::cuda::CUDACachingAllocator::Native::NativeCachingAllocator::allocate(unsigned long) | ?:?:at::TensorBase at::detail::_empty_generic<long>(c10::ArrayRef<long>, c10::Allocator*, c10::DispatchKeySet, c10::ScalarType, std::optional<c10::MemoryFormat>) | ??:?:at::detail::empty_generic(c10::ArrayRef<long>, c10::Allocator*, c10::DispatchKeySet, c10::ScalarType, std::optional<c10::MemoryFormat>)"
active_allocated,17039360,0.015869140625,CoLA,0,memlive_3b_cola_distopt_offload,DistOpt+offload,post_optimizer_step,"??:?:torch::unwind::unwind() | ??:?:torch::CapturedTraceback::gather(bool, bool, bool) | memory_snapshot.cpp:?:torch::cuda::(anonymous namespace)::gather_with_cpp() | CUDACachingAllocator.cpp:?:c10::cuda::CUDACachingAllocator::Native::DeviceCachingAllocator::malloc(signed char, unsigned long, CUstream_st*) | ?:?:c10::cuda::CUDACachingAllocator::Native::NativeCachingAllocator::malloc(void**, signed char, unsigned long, CUstream_st*) | ?:?:c10::cuda::CUDACachingAllocator::Native::NativeCachingAllocator::allocate(unsigned long) | ?:?:at::cuda::getNewWorkspace() | ??:?:at::cuda::getCurrentCUDABlasHandle()"
active_allocated,1077252,0.0010032691061496735,CoLA,0,memlive_3b_cola_distopt_offload,DistOpt+offload,post_optimizer_step,"??:?:torch::unwind::unwind() | ??:?:torch::CapturedTraceback::gather(bool, bool, bool) | memory_snapshot.cpp:?:torch::cuda::(anonymous namespace)::gather_with_cpp() | CUDACachingAllocator.cpp:?:c10::cuda::CUDACachingAllocator::Native::DeviceCachingAllocator::malloc(signed char, unsigned long, CUstream_st*) | ?:?:c10::cuda::CUDACachingAllocator::Native::NativeCachingAllocator::malloc(void**, signed char, unsigned long, CUstream_st*) | ?:?:c10::cuda::CUDACachingAllocator::Native::NativeCachingAllocator::allocate(unsigned long) | ?:?:at::TensorBase at::detail::_empty_strided_generic<c10::ArrayRef<long> >(c10::ArrayRef<long>, c10::ArrayRef<long>, c10::Allocator*, c10::DispatchKeySet, c10::ScalarType) | ??:?:at::detail::empty_strided_generic(c10::ArrayRef<long>, c10::ArrayRef<long>, c10::Allocator*, c10::DispatchKeySet, c10::ScalarType)"
active_allocated,8270765012,7.702750165015459,CoLA,0,memlive_3b_cola_distopt_offload,DistOpt+offload,steady_state_after_iter_10,unavailable
active_allocated,67518469,0.06288147438317537,CoLA,0,memlive_3b_cola_distopt_offload,DistOpt+offload,steady_state_after_iter_10,"??:?:torch::unwind::unwind() | ??:?:torch::CapturedTraceback::gather(bool, bool, bool) | memory_snapshot.cpp:?:torch::cuda::(anonymous namespace)::gather_with_cpp() | CUDACachingAllocator.cpp:?:c10::cuda::CUDACachingAllocator::Native::DeviceCachingAllocator::malloc(signed char, unsigned long, CUstream_st*) | ?:?:c10::cuda::CUDACachingAllocator::Native::NativeCachingAllocator::malloc(void**, signed char, unsigned long, CUstream_st*) | ?:?:c10::cuda::CUDACachingAllocator::Native::NativeCachingAllocator::allocate(unsigned long) | ?:?:at::TensorBase at::detail::_empty_generic<long>(c10::ArrayRef<long>, c10::Allocator*, c10::DispatchKeySet, c10::ScalarType, std::optional<c10::MemoryFormat>) | ??:?:at::detail::empty_generic(c10::ArrayRef<long>, c10::Allocator*, c10::DispatchKeySet, c10::ScalarType, std::optional<c10::MemoryFormat>)"
active_allocated,17039360,0.015869140625,CoLA,0,memlive_3b_cola_distopt_offload,DistOpt+offload,steady_state_after_iter_10,"??:?:torch::unwind::unwind() | ??:?:torch::CapturedTraceback::gather(bool, bool, bool) | memory_snapshot.cpp:?:torch::cuda::(anonymous namespace)::gather_with_cpp() | CUDACachingAllocator.cpp:?:c10::cuda::CUDACachingAllocator::Native::DeviceCachingAllocator::malloc(signed char, unsigned long, CUstream_st*) | ?:?:c10::cuda::CUDACachingAllocator::Native::NativeCachingAllocator::malloc(void**, signed char, unsigned long, CUstream_st*) | ?:?:c10::cuda::CUDACachingAllocator::Native::NativeCachingAllocator::allocate(unsigned long) | ?:?:at::cuda::getNewWorkspace() | ??:?:at::cuda::getCurrentCUDABlasHandle()"
active_allocated,1077252,0.0010032691061496735,CoLA,0,memlive_3b_cola_distopt_offload,DistOpt+offload,steady_state_after_iter_10,"??:?:torch::unwind::unwind() | ??:?:torch::CapturedTraceback::gather(bool, bool, bool) | memory_snapshot.cpp:?:torch::cuda::(anonymous namespace)::gather_with_cpp() | CUDACachingAllocator.cpp:?:c10::cuda::CUDACachingAllocator::Native::DeviceCachingAllocator::malloc(signed char, unsigned long, CUstream_st*) | ?:?:c10::cuda::CUDACachingAllocator::Native::NativeCachingAllocator::malloc(void**, signed char, unsigned long, CUstream_st*) | ?:?:c10::cuda::CUDACachingAllocator::Native::NativeCachingAllocator::allocate(unsigned long) | ?:?:at::TensorBase at::detail::_empty_strided_generic<c10::ArrayRef<long> >(c10::ArrayRef<long>, c10::ArrayRef<long>, c10::Allocator*, c10::DispatchKeySet, c10::ScalarType) | ??:?:at::detail::empty_strided_generic(c10::ArrayRef<long>, c10::ArrayRef<long>, c10::Allocator*, c10::DispatchKeySet, c10::ScalarType)"
active_allocated,3456544216,3.2191576585173607,CoLA,0,memlive_3b_cola_fsdp,FSDP,post_backward,unavailable
active_allocated,67518473,0.06288147810846567,CoLA,0,memlive_3b_cola_fsdp,FSDP,post_backward,"??:?:torch::unwind::unwind() | ??:?:torch::CapturedTraceback::gather(bool, bool, bool) | memory_snapshot.cpp:?:torch::cuda::(anonymous namespace)::gather_with_cpp() | CUDACachingAllocator.cpp:?:c10::cuda::CUDACachingAllocator::Native::DeviceCachingAllocator::malloc(signed char, unsigned long, CUstream_st*) | ?:?:c10::cuda::CUDACachingAllocator::Native::NativeCachingAllocator::malloc(void**, signed char, unsigned long, CUstream_st*) | ?:?:c10::cuda::CUDACachingAllocator::Native::NativeCachingAllocator::allocate(unsigned long) | ?:?:at::TensorBase at::detail::_empty_generic<long>(c10::ArrayRef<long>, c10::Allocator*, c10::DispatchKeySet, c10::ScalarType, std::optional<c10::MemoryFormat>) | ??:?:at::detail::empty_generic(c10::ArrayRef<long>, c10::Allocator*, c10::DispatchKeySet, c10::ScalarType, std::optional<c10::MemoryFormat>)"
active_allocated,17039360,0.015869140625,CoLA,0,memlive_3b_cola_fsdp,FSDP,post_backward,"??:?:torch::unwind::unwind() | ??:?:torch::CapturedTraceback::gather(bool, bool, bool) | memory_snapshot.cpp:?:torch::cuda::(anonymous namespace)::gather_with_cpp() | CUDACachingAllocator.cpp:?:c10::cuda::CUDACachingAllocator::Native::DeviceCachingAllocator::malloc(signed char, unsigned long, CUstream_st*) | ?:?:c10::cuda::CUDACachingAllocator::Native::NativeCachingAllocator::malloc(void**, signed char, unsigned long, CUstream_st*) | ?:?:c10::cuda::CUDACachingAllocator::Native::NativeCachingAllocator::allocate(unsigned long) | ?:?:at::cuda::getNewWorkspace() | ??:?:at::cuda::getCurrentCUDABlasHandle()"
active_allocated,1077248,0.001003265380859375,CoLA,0,memlive_3b_cola_fsdp,FSDP,post_backward,"??:?:torch::unwind::unwind() | ??:?:torch::CapturedTraceback::gather(bool, bool, bool) | memory_snapshot.cpp:?:torch::cuda::(anonymous namespace)::gather_with_cpp() | CUDACachingAllocator.cpp:?:c10::cuda::CUDACachingAllocator::Native::DeviceCachingAllocator::malloc(signed char, unsigned long, CUstream_st*) | ?:?:c10::cuda::CUDACachingAllocator::Native::NativeCachingAllocator::malloc(void**, signed char, unsigned long, CUstream_st*) | ?:?:c10::cuda::CUDACachingAllocator::Native::NativeCachingAllocator::allocate(unsigned long) | ?:?:at::TensorBase at::detail::_empty_strided_generic<c10::ArrayRef<long> >(c10::ArrayRef<long>, c10::ArrayRef<long>, c10::Allocator*, c10::DispatchKeySet, c10::ScalarType) | ??:?:at::detail::empty_strided_generic(c10::ArrayRef<long>, c10::ArrayRef<long>, c10::Allocator*, c10::DispatchKeySet, c10::ScalarType)"
active_allocated,3456544217,3.2191576594486833,CoLA,0,memlive_3b_cola_fsdp,FSDP,post_init,unavailable
active_allocated,1002784216,0.9339155778288841,CoLA,0,memlive_3b_cola_fsdp_fsdp_4layer,FSDP,post_backward,unavailable
active_allocated,67518473,0.06288147810846567,CoLA,0,memlive_3b_cola_fsdp_fsdp_4layer,FSDP,post_backward,"??:?:torch::unwind::unwind() | ??:?:torch::CapturedTraceback::gather(bool, bool, bool) | memory_snapshot.cpp:?:torch::cuda::(anonymous namespace)::gather_with_cpp() | CUDACachingAllocator.cpp:?:c10::cuda::CUDACachingAllocator::Native::DeviceCachingAllocator::malloc(signed char, unsigned long, CUstream_st*) | ?:?:c10::cuda::CUDACachingAllocator::Native::NativeCachingAllocator::malloc(void**, signed char, unsigned long, CUstream_st*) | ?:?:c10::cuda::CUDACachingAllocator::Native::NativeCachingAllocator::allocate(unsigned long) | ?:?:at::TensorBase at::detail::_empty_generic<long>(c10::ArrayRef<long>, c10::Allocator*, c10::DispatchKeySet, c10::ScalarType, std::optional<c10::MemoryFormat>) | ??:?:at::detail::empty_generic(c10::ArrayRef<long>, c10::Allocator*, c10::DispatchKeySet, c10::ScalarType, std::optional<c10::MemoryFormat>)"
active_allocated,17039360,0.015869140625,CoLA,0,memlive_3b_cola_fsdp_fsdp_4layer,FSDP,post_backward,"??:?:torch::unwind::unwind() | ??:?:torch::CapturedTraceback::gather(bool, bool, bool) | memory_snapshot.cpp:?:torch::cuda::(anonymous namespace)::gather_with_cpp() | CUDACachingAllocator.cpp:?:c10::cuda::CUDACachingAllocator::Native::DeviceCachingAllocator::malloc(signed char, unsigned long, CUstream_st*) | ?:?:c10::cuda::CUDACachingAllocator::Native::NativeCachingAllocator::malloc(void**, signed char, unsigned long, CUstream_st*) | ?:?:c10::cuda::CUDACachingAllocator::Native::NativeCachingAllocator::allocate(unsigned long) | ?:?:at::cuda::getNewWorkspace() | ??:?:at::cuda::getCurrentCUDABlasHandle()"
active_allocated,1077248,0.001003265380859375,CoLA,0,memlive_3b_cola_fsdp_fsdp_4layer,FSDP,post_backward,"??:?:torch::unwind::unwind() | ??:?:torch::CapturedTraceback::gather(bool, bool, bool) | memory_snapshot.cpp:?:torch::cuda::(anonymous namespace)::gather_with_cpp() | CUDACachingAllocator.cpp:?:c10::cuda::CUDACachingAllocator::Native::DeviceCachingAllocator::malloc(signed char, unsigned long, CUstream_st*) | ?:?:c10::cuda::CUDACachingAllocator::Native::NativeCachingAllocator::malloc(void**, signed char, unsigned long, CUstream_st*) | ?:?:c10::cuda::CUDACachingAllocator::Native::NativeCachingAllocator::allocate(unsigned long) | ?:?:at::TensorBase at::detail::_empty_strided_generic<c10::ArrayRef<long> >(c10::ArrayRef<long>, c10::ArrayRef<long>, c10::Allocator*, c10::DispatchKeySet, c10::ScalarType) | ??:?:at::detail::empty_strided_generic(c10::ArrayRef<long>, c10::ArrayRef<long>, c10::Allocator*, c10::DispatchKeySet, c10::ScalarType)"
active_allocated,1002784217,0.9339155787602067,CoLA,0,memlive_3b_cola_fsdp_fsdp_4layer,FSDP,post_init,unavailable
active_allocated,3456544212,3.2191576547920704,CoLA,0,memlive_3b_cola_fsdp_offload,FSDP+offload,post_backward,unavailable
active_allocated,67518473,0.06288147810846567,CoLA,0,memlive_3b_cola_fsdp_offload,FSDP+offload,post_backward,"??:?:torch::unwind::unwind() | ??:?:torch::CapturedTraceback::gather(bool, bool, bool) | memory_snapshot.cpp:?:torch::cuda::(anonymous namespace)::gather_with_cpp() | CUDACachingAllocator.cpp:?:c10::cuda::CUDACachingAllocator::Native::DeviceCachingAllocator::malloc(signed char, unsigned long, CUstream_st*) | ?:?:c10::cuda::CUDACachingAllocator::Native::NativeCachingAllocator::malloc(void**, signed char, unsigned long, CUstream_st*) | ?:?:c10::cuda::CUDACachingAllocator::Native::NativeCachingAllocator::allocate(unsigned long) | ?:?:at::TensorBase at::detail::_empty_generic<long>(c10::ArrayRef<long>, c10::Allocator*, c10::DispatchKeySet, c10::ScalarType, std::optional<c10::MemoryFormat>) | ??:?:at::detail::empty_generic(c10::ArrayRef<long>, c10::Allocator*, c10::DispatchKeySet, c10::ScalarType, std::optional<c10::MemoryFormat>)"
active_allocated,17039360,0.015869140625,CoLA,0,memlive_3b_cola_fsdp_offload,FSDP+offload,post_backward,"??:?:torch::unwind::unwind() | ??:?:torch::CapturedTraceback::gather(bool, bool, bool) | memory_snapshot.cpp:?:torch::cuda::(anonymous namespace)::gather_with_cpp() | CUDACachingAllocator.cpp:?:c10::cuda::CUDACachingAllocator::Native::DeviceCachingAllocator::malloc(signed char, unsigned long, CUstream_st*) | ?:?:c10::cuda::CUDACachingAllocator::Native::NativeCachingAllocator::malloc(void**, signed char, unsigned long, CUstream_st*) | ?:?:c10::cuda::CUDACachingAllocator::Native::NativeCachingAllocator::allocate(unsigned long) | ?:?:at::cuda::getNewWorkspace() | ??:?:at::cuda::getCurrentCUDABlasHandle()"
active_allocated,1077248,0.001003265380859375,CoLA,0,memlive_3b_cola_fsdp_offload,FSDP+offload,post_backward,"??:?:torch::unwind::unwind() | ??:?:torch::CapturedTraceback::gather(bool, bool, bool) | memory_snapshot.cpp:?:torch::cuda::(anonymous namespace)::gather_with_cpp() | CUDACachingAllocator.cpp:?:c10::cuda::CUDACachingAllocator::Native::DeviceCachingAllocator::malloc(signed char, unsigned long, CUstream_st*) | ?:?:c10::cuda::CUDACachingAllocator::Native::NativeCachingAllocator::malloc(void**, signed char, unsigned long, CUstream_st*) | ?:?:c10::cuda::CUDACachingAllocator::Native::NativeCachingAllocator::allocate(unsigned long) | ?:?:at::TensorBase at::detail::_empty_strided_generic<c10::ArrayRef<long> >(c10::ArrayRef<long>, c10::ArrayRef<long>, c10::Allocator*, c10::DispatchKeySet, c10::ScalarType) | ??:?:at::detail::empty_strided_generic(c10::ArrayRef<long>, c10::ArrayRef<long>, c10::Allocator*, c10::DispatchKeySet, c10::ScalarType)"
active_allocated,3456544212,3.2191576547920704,CoLA,0,memlive_3b_cola_fsdp_offload,FSDP+offload,post_backward,unavailable
active_allocated,67518481,0.06288148555904627,CoLA,0,memlive_3b_cola_fsdp_offload,FSDP+offload,post_backward,"??:?:torch::unwind::unwind() | ??:?:torch::CapturedTraceback::gather(bool, bool, bool) | memory_snapshot.cpp:?:torch::cuda::(anonymous namespace)::gather_with_cpp() | CUDACachingAllocator.cpp:?:c10::cuda::CUDACachingAllocator::Native::DeviceCachingAllocator::malloc(signed char, unsigned long, CUstream_st*) | ?:?:c10::cuda::CUDACachingAllocator::Native::NativeCachingAllocator::malloc(void**, signed char, unsigned long, CUstream_st*) | ?:?:c10::cuda::CUDACachingAllocator::Native::NativeCachingAllocator::allocate(unsigned long) | ?:?:at::TensorBase at::detail::_empty_generic<long>(c10::ArrayRef<long>, c10::Allocator*, c10::DispatchKeySet, c10::ScalarType, std::optional<c10::MemoryFormat>) | ??:?:at::detail::empty_generic(c10::ArrayRef<long>, c10::Allocator*, c10::DispatchKeySet, c10::ScalarType, std::optional<c10::MemoryFormat>)"
active_allocated,17039360,0.015869140625,CoLA,0,memlive_3b_cola_fsdp_offload,FSDP+offload,post_backward,"??:?:torch::unwind::unwind() | ??:?:torch::CapturedTraceback::gather(bool, bool, bool) | memory_snapshot.cpp:?:torch::cuda::(anonymous namespace)::gather_with_cpp() | CUDACachingAllocator.cpp:?:c10::cuda::CUDACachingAllocator::Native::DeviceCachingAllocator::malloc(signed char, unsigned long, CUstream_st*) | ?:?:c10::cuda::CUDACachingAllocator::Native::NativeCachingAllocator::malloc(void**, signed char, unsigned long, CUstream_st*) | ?:?:c10::cuda::CUDACachingAllocator::Native::NativeCachingAllocator::allocate(unsigned long) | ?:?:at::cuda::getNewWorkspace() | ??:?:at::cuda::getCurrentCUDABlasHandle()"
active_allocated,1077248,0.001003265380859375,CoLA,0,memlive_3b_cola_fsdp_offload,FSDP+offload,post_backward,"??:?:torch::unwind::unwind() | ??:?:torch::CapturedTraceback::gather(bool, bool, bool) | memory_snapshot.cpp:?:torch::cuda::(anonymous namespace)::gather_with_cpp() | CUDACachingAllocator.cpp:?:c10::cuda::CUDACachingAllocator::Native::DeviceCachingAllocator::malloc(signed char, unsigned long, CUstream_st*) | ?:?:c10::cuda::CUDACachingAllocator::Native::NativeCachingAllocator::malloc(void**, signed char, unsigned long, CUstream_st*) | ?:?:c10::cuda::CUDACachingAllocator::Native::NativeCachingAllocator::allocate(unsigned long) | ?:?:at::TensorBase at::detail::_empty_strided_generic<c10::ArrayRef<long> >(c10::ArrayRef<long>, c10::ArrayRef<long>, c10::Allocator*, c10::DispatchKeySet, c10::ScalarType) | ??:?:at::detail::empty_strided_generic(c10::ArrayRef<long>, c10::ArrayRef<long>, c10::Allocator*, c10::DispatchKeySet, c10::ScalarType)"
active_allocated,3456544212,3.2191576547920704,CoLA,0,memlive_3b_cola_fsdp_offload,FSDP+offload,post_backward,unavailable
active_allocated,67518477,0.06288148183375597,CoLA,0,memlive_3b_cola_fsdp_offload,FSDP+offload,post_backward,"??:?:torch::unwind::unwind() | ??:?:torch::CapturedTraceback::gather(bool, bool, bool) | memory_snapshot.cpp:?:torch::cuda::(anonymous namespace)::gather_with_cpp() | CUDACachingAllocator.cpp:?:c10::cuda::CUDACachingAllocator::Native::DeviceCachingAllocator::malloc(signed char, unsigned long, CUstream_st*) | ?:?:c10::cuda::CUDACachingAllocator::Native::NativeCachingAllocator::malloc(void**, signed char, unsigned long, CUstream_st*) | ?:?:c10::cuda::CUDACachingAllocator::Native::NativeCachingAllocator::allocate(unsigned long) | ?:?:at::TensorBase at::detail::_empty_generic<long>(c10::ArrayRef<long>, c10::Allocator*, c10::DispatchKeySet, c10::ScalarType, std::optional<c10::MemoryFormat>) | ??:?:at::detail::empty_generic(c10::ArrayRef<long>, c10::Allocator*, c10::DispatchKeySet, c10::ScalarType, std::optional<c10::MemoryFormat>)"
active_allocated,17039360,0.015869140625,CoLA,0,memlive_3b_cola_fsdp_offload,FSDP+offload,post_backward,"??:?:torch::unwind::unwind() | ??:?:torch::CapturedTraceback::gather(bool, bool, bool) | memory_snapshot.cpp:?:torch::cuda::(anonymous namespace)::gather_with_cpp() | CUDACachingAllocator.cpp:?:c10::cuda::CUDACachingAllocator::Native::DeviceCachingAllocator::malloc(signed char, unsigned long, CUstream_st*) | ?:?:c10::cuda::CUDACachingAllocator::Native::NativeCachingAllocator::malloc(void**, signed char, unsigned long, CUstream_st*) | ?:?:c10::cuda::CUDACachingAllocator::Native::NativeCachingAllocator::allocate(unsigned long) | ?:?:at::cuda::getNewWorkspace() | ??:?:at::cuda::getCurrentCUDABlasHandle()"
active_allocated,1077252,0.0010032691061496735,CoLA,0,memlive_3b_cola_fsdp_offload,FSDP+offload,post_backward,"??:?:torch::unwind::unwind() | ??:?:torch::CapturedTraceback::gather(bool, bool, bool) | memory_snapshot.cpp:?:torch::cuda::(anonymous namespace)::gather_with_cpp() | CUDACachingAllocator.cpp:?:c10::cuda::CUDACachingAllocator::Native::DeviceCachingAllocator::malloc(signed char, unsigned long, CUstream_st*) | ?:?:c10::cuda::CUDACachingAllocator::Native::NativeCachingAllocator::malloc(void**, signed char, unsigned long, CUstream_st*) | ?:?:c10::cuda::CUDACachingAllocator::Native::NativeCachingAllocator::allocate(unsigned long) | ?:?:at::TensorBase at::detail::_empty_strided_generic<c10::ArrayRef<long> >(c10::ArrayRef<long>, c10::ArrayRef<long>, c10::Allocator*, c10::DispatchKeySet, c10::ScalarType) | ??:?:at::detail::empty_strided_generic(c10::ArrayRef<long>, c10::ArrayRef<long>, c10::Allocator*, c10::DispatchKeySet, c10::ScalarType)"
active_allocated,3456544212,3.2191576547920704,CoLA,0,memlive_3b_cola_fsdp_offload,FSDP+offload,post_backward,unavailable
active_allocated,67518477,0.06288148183375597,CoLA,0,memlive_3b_cola_fsdp_offload,FSDP+offload,post_backward,"??:?:torch::unwind::unwind() | ??:?:torch::CapturedTraceback::gather(bool, bool, bool) | memory_snapshot.cpp:?:torch::cuda::(anonymous namespace)::gather_with_cpp() | CUDACachingAllocator.cpp:?:c10::cuda::CUDACachingAllocator::Native::DeviceCachingAllocator::malloc(signed char, unsigned long, CUstream_st*) | ?:?:c10::cuda::CUDACachingAllocator::Native::NativeCachingAllocator::malloc(void**, signed char, unsigned long, CUstream_st*) | ?:?:c10::cuda::CUDACachingAllocator::Native::NativeCachingAllocator::allocate(unsigned long) | ?:?:at::TensorBase at::detail::_empty_generic<long>(c10::ArrayRef<long>, c10::Allocator*, c10::DispatchKeySet, c10::ScalarType, std::optional<c10::MemoryFormat>) | ??:?:at::detail::empty_generic(c10::ArrayRef<long>, c10::Allocator*, c10::DispatchKeySet, c10::ScalarType, std::optional<c10::MemoryFormat>)"
active_allocated,17039360,0.015869140625,CoLA,0,memlive_3b_cola_fsdp_offload,FSDP+offload,post_backward,"??:?:torch::unwind::unwind() | ??:?:torch::CapturedTraceback::gather(bool, bool, bool) | memory_snapshot.cpp:?:torch::cuda::(anonymous namespace)::gather_with_cpp() | CUDACachingAllocator.cpp:?:c10::cuda::CUDACachingAllocator::Native::DeviceCachingAllocator::malloc(signed char, unsigned long, CUstream_st*) | ?:?:c10::cuda::CUDACachingAllocator::Native::NativeCachingAllocator::malloc(void**, signed char, unsigned long, CUstream_st*) | ?:?:c10::cuda::CUDACachingAllocator::Native::NativeCachingAllocator::allocate(unsigned long) | ?:?:at::cuda::getNewWorkspace() | ??:?:at::cuda::getCurrentCUDABlasHandle()"
active_allocated,1077252,0.0010032691061496735,CoLA,0,memlive_3b_cola_fsdp_offload,FSDP+offload,post_backward,"??:?:torch::unwind::unwind() | ??:?:torch::CapturedTraceback::gather(bool, bool, bool) | memory_snapshot.cpp:?:torch::cuda::(anonymous namespace)::gather_with_cpp() | CUDACachingAllocator.cpp:?:c10::cuda::CUDACachingAllocator::Native::DeviceCachingAllocator::malloc(signed char, unsigned long, CUstream_st*) | ?:?:c10::cuda::CUDACachingAllocator::Native::NativeCachingAllocator::malloc(void**, signed char, unsigned long, CUstream_st*) | ?:?:c10::cuda::CUDACachingAllocator::Native::NativeCachingAllocator::allocate(unsigned long) | ?:?:at::TensorBase at::detail::_empty_strided_generic<c10::ArrayRef<long> >(c10::ArrayRef<long>, c10::ArrayRef<long>, c10::Allocator*, c10::DispatchKeySet, c10::ScalarType) | ??:?:at::detail::empty_strided_generic(c10::ArrayRef<long>, c10::ArrayRef<long>, c10::Allocator*, c10::DispatchKeySet, c10::ScalarType)"
active_allocated,3456544212,3.2191576547920704,CoLA,0,memlive_3b_cola_fsdp_offload,FSDP+offload,post_backward,unavailable
active_allocated,67518477,0.06288148183375597,CoLA,0,memlive_3b_cola_fsdp_offload,FSDP+offload,post_backward,"??:?:torch::unwind::unwind() | ??:?:torch::CapturedTraceback::gather(bool, bool, bool) | memory_snapshot.cpp:?:torch::cuda::(anonymous namespace)::gather_with_cpp() | CUDACachingAllocator.cpp:?:c10::cuda::CUDACachingAllocator::Native::DeviceCachingAllocator::malloc(signed char, unsigned long, CUstream_st*) | ?:?:c10::cuda::CUDACachingAllocator::Native::NativeCachingAllocator::malloc(void**, signed char, unsigned long, CUstream_st*) | ?:?:c10::cuda::CUDACachingAllocator::Native::NativeCachingAllocator::allocate(unsigned long) | ?:?:at::TensorBase at::detail::_empty_generic<long>(c10::ArrayRef<long>, c10::Allocator*, c10::DispatchKeySet, c10::ScalarType, std::optional<c10::MemoryFormat>) | ??:?:at::detail::empty_generic(c10::ArrayRef<long>, c10::Allocator*, c10::DispatchKeySet, c10::ScalarType, std::optional<c10::MemoryFormat>)"
active_allocated,17039360,0.015869140625,CoLA,0,memlive_3b_cola_fsdp_offload,FSDP+offload,post_backward,"??:?:torch::unwind::unwind() | ??:?:torch::CapturedTraceback::gather(bool, bool, bool) | memory_snapshot.cpp:?:torch::cuda::(anonymous namespace)::gather_with_cpp() | CUDACachingAllocator.cpp:?:c10::cuda::CUDACachingAllocator::Native::DeviceCachingAllocator::malloc(signed char, unsigned long, CUstream_st*) | ?:?:c10::cuda::CUDACachingAllocator::Native::NativeCachingAllocator::malloc(void**, signed char, unsigned long, CUstream_st*) | ?:?:c10::cuda::CUDACachingAllocator::Native::NativeCachingAllocator::allocate(unsigned long) | ?:?:at::cuda::getNewWorkspace() | ??:?:at::cuda::getCurrentCUDABlasHandle()"
active_allocated,1077252,0.0010032691061496735,CoLA,0,memlive_3b_cola_fsdp_offload,FSDP+offload,post_backward,"??:?:torch::unwind::unwind() | ??:?:torch::CapturedTraceback::gather(bool, bool, bool) | memory_snapshot.cpp:?:torch::cuda::(anonymous namespace)::gather_with_cpp() | CUDACachingAllocator.cpp:?:c10::cuda::CUDACachingAllocator::Native::DeviceCachingAllocator::malloc(signed char, unsigned long, CUstream_st*) | ?:?:c10::cuda::CUDACachingAllocator::Native::NativeCachingAllocator::malloc(void**, signed char, unsigned long, CUstream_st*) | ?:?:c10::cuda::CUDACachingAllocator::Native::NativeCachingAllocator::allocate(unsigned long) | ?:?:at::TensorBase at::detail::_empty_strided_generic<c10::ArrayRef<long> >(c10::ArrayRef<long>, c10::ArrayRef<long>, c10::Allocator*, c10::DispatchKeySet, c10::ScalarType) | ??:?:at::detail::empty_strided_generic(c10::ArrayRef<long>, c10::ArrayRef<long>, c10::Allocator*, c10::DispatchKeySet, c10::ScalarType)"
active_allocated,3456544212,3.2191576547920704,CoLA,0,memlive_3b_cola_fsdp_offload,FSDP+offload,post_backward,unavailable
active_allocated,67518477,0.06288148183375597,CoLA,0,memlive_3b_cola_fsdp_offload,FSDP+offload,post_backward,"??:?:torch::unwind::unwind() | ??:?:torch::CapturedTraceback::gather(bool, bool, bool) | memory_snapshot.cpp:?:torch::cuda::(anonymous namespace)::gather_with_cpp() | CUDACachingAllocator.cpp:?:c10::cuda::CUDACachingAllocator::Native::DeviceCachingAllocator::malloc(signed char, unsigned long, CUstream_st*) | ?:?:c10::cuda::CUDACachingAllocator::Native::NativeCachingAllocator::malloc(void**, signed char, unsigned long, CUstream_st*) | ?:?:c10::cuda::CUDACachingAllocator::Native::NativeCachingAllocator::allocate(unsigned long) | ?:?:at::TensorBase at::detail::_empty_generic<long>(c10::ArrayRef<long>, c10::Allocator*, c10::DispatchKeySet, c10::ScalarType, std::optional<c10::MemoryFormat>) | ??:?:at::detail::empty_generic(c10::ArrayRef<long>, c10::Allocator*, c10::DispatchKeySet, c10::ScalarType, std::optional<c10::MemoryFormat>)"
active_allocated,17039360,0.015869140625,CoLA,0,memlive_3b_cola_fsdp_offload,FSDP+offload,post_backward,"??:?:torch::unwind::unwind() | ??:?:torch::CapturedTraceback::gather(bool, bool, bool) | memory_snapshot.cpp:?:torch::cuda::(anonymous namespace)::gather_with_cpp() | CUDACachingAllocator.cpp:?:c10::cuda::CUDACachingAllocator::Native::DeviceCachingAllocator::malloc(signed char, unsigned long, CUstream_st*) | ?:?:c10::cuda::CUDACachingAllocator::Native::NativeCachingAllocator::malloc(void**, signed char, unsigned long, CUstream_st*) | ?:?:c10::cuda::CUDACachingAllocator::Native::NativeCachingAllocator::allocate(unsigned long) | ?:?:at::cuda::getNewWorkspace() | ??:?:at::cuda::getCurrentCUDABlasHandle()"
active_allocated,1077252,0.0010032691061496735,CoLA,0,memlive_3b_cola_fsdp_offload,FSDP+offload,post_backward,"??:?:torch::unwind::unwind() | ??:?:torch::CapturedTraceback::gather(bool, bool, bool) | memory_snapshot.cpp:?:torch::cuda::(anonymous namespace)::gather_with_cpp() | CUDACachingAllocator.cpp:?:c10::cuda::CUDACachingAllocator::Native::DeviceCachingAllocator::malloc(signed char, unsigned long, CUstream_st*) | ?:?:c10::cuda::CUDACachingAllocator::Native::NativeCachingAllocator::malloc(void**, signed char, unsigned long, CUstream_st*) | ?:?:c10::cuda::CUDACachingAllocator::Native::NativeCachingAllocator::allocate(unsigned long) | ?:?:at::TensorBase at::detail::_empty_strided_generic<c10::ArrayRef<long> >(c10::ArrayRef<long>, c10::ArrayRef<long>, c10::Allocator*, c10::DispatchKeySet, c10::ScalarType) | ??:?:at::detail::empty_strided_generic(c10::ArrayRef<long>, c10::ArrayRef<long>, c10::Allocator*, c10::DispatchKeySet, c10::ScalarType)"
active_allocated,3456544212,3.2191576547920704,CoLA,0,memlive_3b_cola_fsdp_offload,FSDP+offload,post_backward,unavailable
active_allocated,67518477,0.06288148183375597,CoLA,0,memlive_3b_cola_fsdp_offload,FSDP+offload,post_backward,"??:?:torch::unwind::unwind() | ??:?:torch::CapturedTraceback::gather(bool, bool, bool) | memory_snapshot.cpp:?:torch::cuda::(anonymous namespace)::gather_with_cpp() | CUDACachingAllocator.cpp:?:c10::cuda::CUDACachingAllocator::Native::DeviceCachingAllocator::malloc(signed char, unsigned long, CUstream_st*) | ?:?:c10::cuda::CUDACachingAllocator::Native::NativeCachingAllocator::malloc(void**, signed char, unsigned long, CUstream_st*) | ?:?:c10::cuda::CUDACachingAllocator::Native::NativeCachingAllocator::allocate(unsigned long) | ?:?:at::TensorBase at::detail::_empty_generic<long>(c10::ArrayRef<long>, c10::Allocator*, c10::DispatchKeySet, c10::ScalarType, std::optional<c10::MemoryFormat>) | ??:?:at::detail::empty_generic(c10::ArrayRef<long>, c10::Allocator*, c10::DispatchKeySet, c10::ScalarType, std::optional<c10::MemoryFormat>)"
active_allocated,17039360,0.015869140625,CoLA,0,memlive_3b_cola_fsdp_offload,FSDP+offload,post_backward,"??:?:torch::unwind::unwind() | ??:?:torch::CapturedTraceback::gather(bool, bool, bool) | memory_snapshot.cpp:?:torch::cuda::(anonymous namespace)::gather_with_cpp() | CUDACachingAllocator.cpp:?:c10::cuda::CUDACachingAllocator::Native::DeviceCachingAllocator::malloc(signed char, unsigned long, CUstream_st*) | ?:?:c10::cuda::CUDACachingAllocator::Native::NativeCachingAllocator::malloc(void**, signed char, unsigned long, CUstream_st*) | ?:?:c10::cuda::CUDACachingAllocator::Native::NativeCachingAllocator::allocate(unsigned long) | ?:?:at::cuda::getNewWorkspace() | ??:?:at::cuda::getCurrentCUDABlasHandle()"
active_allocated,1077252,0.0010032691061496735,CoLA,0,memlive_3b_cola_fsdp_offload,FSDP+offload,post_backward,"??:?:torch::unwind::unwind() | ??:?:torch::CapturedTraceback::gather(bool, bool, bool) | memory_snapshot.cpp:?:torch::cuda::(anonymous namespace)::gather_with_cpp() | CUDACachingAllocator.cpp:?:c10::cuda::CUDACachingAllocator::Native::DeviceCachingAllocator::malloc(signed char, unsigned long, CUstream_st*) | ?:?:c10::cuda::CUDACachingAllocator::Native::NativeCachingAllocator::malloc(void**, signed char, unsigned long, CUstream_st*) | ?:?:c10::cuda::CUDACachingAllocator::Native::NativeCachingAllocator::allocate(unsigned long) | ?:?:at::TensorBase at::detail::_empty_strided_generic<c10::ArrayRef<long> >(c10::ArrayRef<long>, c10::ArrayRef<long>, c10::Allocator*, c10::DispatchKeySet, c10::ScalarType) | ??:?:at::detail::empty_strided_generic(c10::ArrayRef<long>, c10::ArrayRef<long>, c10::Allocator*, c10::DispatchKeySet, c10::ScalarType)"
active_allocated,3456544212,3.2191576547920704,CoLA,0,memlive_3b_cola_fsdp_offload,FSDP+offload,post_backward,unavailable
active_allocated,67518477,0.06288148183375597,CoLA,0,memlive_3b_cola_fsdp_offload,FSDP+offload,post_backward,"??:?:torch::unwind::unwind() | ??:?:torch::CapturedTraceback::gather(bool, bool, bool) | memory_snapshot.cpp:?:torch::cuda::(anonymous namespace)::gather_with_cpp() | CUDACachingAllocator.cpp:?:c10::cuda::CUDACachingAllocator::Native::DeviceCachingAllocator::malloc(signed char, unsigned long, CUstream_st*) | ?:?:c10::cuda::CUDACachingAllocator::Native::NativeCachingAllocator::malloc(void**, signed char, unsigned long, CUstream_st*) | ?:?:c10::cuda::CUDACachingAllocator::Native::NativeCachingAllocator::allocate(unsigned long) | ?:?:at::TensorBase at::detail::_empty_generic<long>(c10::ArrayRef<long>, c10::Allocator*, c10::DispatchKeySet, c10::ScalarType, std::optional<c10::MemoryFormat>) | ??:?:at::detail::empty_generic(c10::ArrayRef<long>, c10::Allocator*, c10::DispatchKeySet, c10::ScalarType, std::optional<c10::MemoryFormat>)"
active_allocated,17039360,0.015869140625,CoLA,0,memlive_3b_cola_fsdp_offload,FSDP+offload,post_backward,"??:?:torch::unwind::unwind() | ??:?:torch::CapturedTraceback::gather(bool, bool, bool) | memory_snapshot.cpp:?:torch::cuda::(anonymous namespace)::gather_with_cpp() | CUDACachingAllocator.cpp:?:c10::cuda::CUDACachingAllocator::Native::DeviceCachingAllocator::malloc(signed char, unsigned long, CUstream_st*) | ?:?:c10::cuda::CUDACachingAllocator::Native::NativeCachingAllocator::malloc(void**, signed char, unsigned long, CUstream_st*) | ?:?:c10::cuda::CUDACachingAllocator::Native::NativeCachingAllocator::allocate(unsigned long) | ?:?:at::cuda::getNewWorkspace() | ??:?:at::cuda::getCurrentCUDABlasHandle()"
active_allocated,1077252,0.0010032691061496735,CoLA,0,memlive_3b_cola_fsdp_offload,FSDP+offload,post_backward,"??:?:torch::unwind::unwind() | ??:?:torch::CapturedTraceback::gather(bool, bool, bool) | memory_snapshot.cpp:?:torch::cuda::(anonymous namespace)::gather_with_cpp() | CUDACachingAllocator.cpp:?:c10::cuda::CUDACachingAllocator::Native::DeviceCachingAllocator::malloc(signed char, unsigned long, CUstream_st*) | ?:?:c10::cuda::CUDACachingAllocator::Native::NativeCachingAllocator::malloc(void**, signed char, unsigned long, CUstream_st*) | ?:?:c10::cuda::CUDACachingAllocator::Native::NativeCachingAllocator::allocate(unsigned long) | ?:?:at::TensorBase at::detail::_empty_strided_generic<c10::ArrayRef<long> >(c10::ArrayRef<long>, c10::ArrayRef<long>, c10::Allocator*, c10::DispatchKeySet, c10::ScalarType) | ??:?:at::detail::empty_strided_generic(c10::ArrayRef<long>, c10::ArrayRef<long>, c10::Allocator*, c10::DispatchKeySet, c10::ScalarType)"
active_allocated,3456544212,3.2191576547920704,CoLA,0,memlive_3b_cola_fsdp_offload,FSDP+offload,post_backward,unavailable
active_allocated,67518477,0.06288148183375597,CoLA,0,memlive_3b_cola_fsdp_offload,FSDP+offload,post_backward,"??:?:torch::unwind::unwind() | ??:?:torch::CapturedTraceback::gather(bool, bool, bool) | memory_snapshot.cpp:?:torch::cuda::(anonymous namespace)::gather_with_cpp() | CUDACachingAllocator.cpp:?:c10::cuda::CUDACachingAllocator::Native::DeviceCachingAllocator::malloc(signed char, unsigned long, CUstream_st*) | ?:?:c10::cuda::CUDACachingAllocator::Native::NativeCachingAllocator::malloc(void**, signed char, unsigned long, CUstream_st*) | ?:?:c10::cuda::CUDACachingAllocator::Native::NativeCachingAllocator::allocate(unsigned long) | ?:?:at::TensorBase at::detail::_empty_generic<long>(c10::ArrayRef<long>, c10::Allocator*, c10::DispatchKeySet, c10::ScalarType, std::optional<c10::MemoryFormat>) | ??:?:at::detail::empty_generic(c10::ArrayRef<long>, c10::Allocator*, c10::DispatchKeySet, c10::ScalarType, std::optional<c10::MemoryFormat>)"
active_allocated,17039360,0.015869140625,CoLA,0,memlive_3b_cola_fsdp_offload,FSDP+offload,post_backward,"??:?:torch::unwind::unwind() | ??:?:torch::CapturedTraceback::gather(bool, bool, bool) | memory_snapshot.cpp:?:torch::cuda::(anonymous namespace)::gather_with_cpp() | CUDACachingAllocator.cpp:?:c10::cuda::CUDACachingAllocator::Native::DeviceCachingAllocator::malloc(signed char, unsigned long, CUstream_st*) | ?:?:c10::cuda::CUDACachingAllocator::Native::NativeCachingAllocator::malloc(void**, signed char, unsigned long, CUstream_st*) | ?:?:c10::cuda::CUDACachingAllocator::Native::NativeCachingAllocator::allocate(unsigned long) | ?:?:at::cuda::getNewWorkspace() | ??:?:at::cuda::getCurrentCUDABlasHandle()"
active_allocated,1077252,0.0010032691061496735,CoLA,0,memlive_3b_cola_fsdp_offload,FSDP+offload,post_backward,"??:?:torch::unwind::unwind() | ??:?:torch::CapturedTraceback::gather(bool, bool, bool) | memory_snapshot.cpp:?:torch::cuda::(anonymous namespace)::gather_with_cpp() | CUDACachingAllocator.cpp:?:c10::cuda::CUDACachingAllocator::Native::DeviceCachingAllocator::malloc(signed char, unsigned long, CUstream_st*) | ?:?:c10::cuda::CUDACachingAllocator::Native::NativeCachingAllocator::malloc(void**, signed char, unsigned long, CUstream_st*) | ?:?:c10::cuda::CUDACachingAllocator::Native::NativeCachingAllocator::allocate(unsigned long) | ?:?:at::TensorBase at::detail::_empty_strided_generic<c10::ArrayRef<long> >(c10::ArrayRef<long>, c10::ArrayRef<long>, c10::Allocator*, c10::DispatchKeySet, c10::ScalarType) | ??:?:at::detail::empty_strided_generic(c10::ArrayRef<long>, c10::ArrayRef<long>, c10::Allocator*, c10::DispatchKeySet, c10::ScalarType)"
active_allocated,3456544212,3.2191576547920704,CoLA,0,memlive_3b_cola_fsdp_offload,FSDP+offload,post_backward,unavailable
active_allocated,67518477,0.06288148183375597,CoLA,0,memlive_3b_cola_fsdp_offload,FSDP+offload,post_backward,"??:?:torch::unwind::unwind() | ??:?:torch::CapturedTraceback::gather(bool, bool, bool) | memory_snapshot.cpp:?:torch::cuda::(anonymous namespace)::gather_with_cpp() | CUDACachingAllocator.cpp:?:c10::cuda::CUDACachingAllocator::Native::DeviceCachingAllocator::malloc(signed char, unsigned long, CUstream_st*) | ?:?:c10::cuda::CUDACachingAllocator::Native::NativeCachingAllocator::malloc(void**, signed char, unsigned long, CUstream_st*) | ?:?:c10::cuda::CUDACachingAllocator::Native::NativeCachingAllocator::allocate(unsigned long) | ?:?:at::TensorBase at::detail::_empty_generic<long>(c10::ArrayRef<long>, c10::Allocator*, c10::DispatchKeySet, c10::ScalarType, std::optional<c10::MemoryFormat>) | ??:?:at::detail::empty_generic(c10::ArrayRef<long>, c10::Allocator*, c10::DispatchKeySet, c10::ScalarType, std::optional<c10::MemoryFormat>)"
active_allocated,17039360,0.015869140625,CoLA,0,memlive_3b_cola_fsdp_offload,FSDP+offload,post_backward,"??:?:torch::unwind::unwind() | ??:?:torch::CapturedTraceback::gather(bool, bool, bool) | memory_snapshot.cpp:?:torch::cuda::(anonymous namespace)::gather_with_cpp() | CUDACachingAllocator.cpp:?:c10::cuda::CUDACachingAllocator::Native::DeviceCachingAllocator::malloc(signed char, unsigned long, CUstream_st*) | ?:?:c10::cuda::CUDACachingAllocator::Native::NativeCachingAllocator::malloc(void**, signed char, unsigned long, CUstream_st*) | ?:?:c10::cuda::CUDACachingAllocator::Native::NativeCachingAllocator::allocate(unsigned long) | ?:?:at::cuda::getNewWorkspace() | ??:?:at::cuda::getCurrentCUDABlasHandle()"
active_allocated,1077252,0.0010032691061496735,CoLA,0,memlive_3b_cola_fsdp_offload,FSDP+offload,post_backward,"??:?:torch::unwind::unwind() | ??:?:torch::CapturedTraceback::gather(bool, bool, bool) | memory_snapshot.cpp:?:torch::cuda::(anonymous namespace)::gather_with_cpp() | CUDACachingAllocator.cpp:?:c10::cuda::CUDACachingAllocator::Native::DeviceCachingAllocator::malloc(signed char, unsigned long, CUstream_st*) | ?:?:c10::cuda::CUDACachingAllocator::Native::NativeCachingAllocator::malloc(void**, signed char, unsigned long, CUstream_st*) | ?:?:c10::cuda::CUDACachingAllocator::Native::NativeCachingAllocator::allocate(unsigned long) | ?:?:at::TensorBase at::detail::_empty_strided_generic<c10::ArrayRef<long> >(c10::ArrayRef<long>, c10::ArrayRef<long>, c10::Allocator*, c10::DispatchKeySet, c10::ScalarType) | ??:?:at::detail::empty_strided_generic(c10::ArrayRef<long>, c10::ArrayRef<long>, c10::Allocator*, c10::DispatchKeySet, c10::ScalarType)"
active_allocated,3456544212,3.2191576547920704,CoLA,0,memlive_3b_cola_fsdp_offload,FSDP+offload,post_backward,unavailable
active_allocated,67518477,0.06288148183375597,CoLA,0,memlive_3b_cola_fsdp_offload,FSDP+offload,post_backward,"??:?:torch::unwind::unwind() | ??:?:torch::CapturedTraceback::gather(bool, bool, bool) | memory_snapshot.cpp:?:torch::cuda::(anonymous namespace)::gather_with_cpp() | CUDACachingAllocator.cpp:?:c10::cuda::CUDACachingAllocator::Native::DeviceCachingAllocator::malloc(signed char, unsigned long, CUstream_st*) | ?:?:c10::cuda::CUDACachingAllocator::Native::NativeCachingAllocator::malloc(void**, signed char, unsigned long, CUstream_st*) | ?:?:c10::cuda::CUDACachingAllocator::Native::NativeCachingAllocator::allocate(unsigned long) | ?:?:at::TensorBase at::detail::_empty_generic<long>(c10::ArrayRef<long>, c10::Allocator*, c10::DispatchKeySet, c10::ScalarType, std::optional<c10::MemoryFormat>) | ??:?:at::detail::empty_generic(c10::ArrayRef<long>, c10::Allocator*, c10::DispatchKeySet, c10::ScalarType, std::optional<c10::MemoryFormat>)"
active_allocated,17039360,0.015869140625,CoLA,0,memlive_3b_cola_fsdp_offload,FSDP+offload,post_backward,"??:?:torch::unwind::unwind() | ??:?:torch::CapturedTraceback::gather(bool, bool, bool) | memory_snapshot.cpp:?:torch::cuda::(anonymous namespace)::gather_with_cpp() | CUDACachingAllocator.cpp:?:c10::cuda::CUDACachingAllocator::Native::DeviceCachingAllocator::malloc(signed char, unsigned long, CUstream_st*) | ?:?:c10::cuda::CUDACachingAllocator::Native::NativeCachingAllocator::malloc(void**, signed char, unsigned long, CUstream_st*) | ?:?:c10::cuda::CUDACachingAllocator::Native::NativeCachingAllocator::allocate(unsigned long) | ?:?:at::cuda::getNewWorkspace() | ??:?:at::cuda::getCurrentCUDABlasHandle()"
active_allocated,1077252,0.0010032691061496735,CoLA,0,memlive_3b_cola_fsdp_offload,FSDP+offload,post_backward,"??:?:torch::unwind::unwind() | ??:?:torch::CapturedTraceback::gather(bool, bool, bool) | memory_snapshot.cpp:?:torch::cuda::(anonymous namespace)::gather_with_cpp() | CUDACachingAllocator.cpp:?:c10::cuda::CUDACachingAllocator::Native::DeviceCachingAllocator::malloc(signed char, unsigned long, CUstream_st*) | ?:?:c10::cuda::CUDACachingAllocator::Native::NativeCachingAllocator::malloc(void**, signed char, unsigned long, CUstream_st*) | ?:?:c10::cuda::CUDACachingAllocator::Native::NativeCachingAllocator::allocate(unsigned long) | ?:?:at::TensorBase at::detail::_empty_strided_generic<c10::ArrayRef<long> >(c10::ArrayRef<long>, c10::ArrayRef<long>, c10::Allocator*, c10::DispatchKeySet, c10::ScalarType) | ??:?:at::detail::empty_strided_generic(c10::ArrayRef<long>, c10::ArrayRef<long>, c10::Allocator*, c10::DispatchKeySet, c10::ScalarType)"
active_allocated,3456544212,3.2191576547920704,CoLA,0,memlive_3b_cola_fsdp_offload,FSDP+offload,post_backward,unavailable
active_allocated,67518477,0.06288148183375597,CoLA,0,memlive_3b_cola_fsdp_offload,FSDP+offload,post_backward,"??:?:torch::unwind::unwind() | ??:?:torch::CapturedTraceback::gather(bool, bool, bool) | memory_snapshot.cpp:?:torch::cuda::(anonymous namespace)::gather_with_cpp() | CUDACachingAllocator.cpp:?:c10::cuda::CUDACachingAllocator::Native::DeviceCachingAllocator::malloc(signed char, unsigned long, CUstream_st*) | ?:?:c10::cuda::CUDACachingAllocator::Native::NativeCachingAllocator::malloc(void**, signed char, unsigned long, CUstream_st*) | ?:?:c10::cuda::CUDACachingAllocator::Native::NativeCachingAllocator::allocate(unsigned long) | ?:?:at::TensorBase at::detail::_empty_generic<long>(c10::ArrayRef<long>, c10::Allocator*, c10::DispatchKeySet, c10::ScalarType, std::optional<c10::MemoryFormat>) | ??:?:at::detail::empty_generic(c10::ArrayRef<long>, c10::Allocator*, c10::DispatchKeySet, c10::ScalarType, std::optional<c10::MemoryFormat>)"
active_allocated,17039360,0.015869140625,CoLA,0,memlive_3b_cola_fsdp_offload,FSDP+offload,post_backward,"??:?:torch::unwind::unwind() | ??:?:torch::CapturedTraceback::gather(bool, bool, bool) | memory_snapshot.cpp:?:torch::cuda::(anonymous namespace)::gather_with_cpp() | CUDACachingAllocator.cpp:?:c10::cuda::CUDACachingAllocator::Native::DeviceCachingAllocator::malloc(signed char, unsigned long, CUstream_st*) | ?:?:c10::cuda::CUDACachingAllocator::Native::NativeCachingAllocator::malloc(void**, signed char, unsigned long, CUstream_st*) | ?:?:c10::cuda::CUDACachingAllocator::Native::NativeCachingAllocator::allocate(unsigned long) | ?:?:at::cuda::getNewWorkspace() | ??:?:at::cuda::getCurrentCUDABlasHandle()"
active_allocated,1077252,0.0010032691061496735,CoLA,0,memlive_3b_cola_fsdp_offload,FSDP+offload,post_backward,"??:?:torch::unwind::unwind() | ??:?:torch::CapturedTraceback::gather(bool, bool, bool) | memory_snapshot.cpp:?:torch::cuda::(anonymous namespace)::gather_with_cpp() | CUDACachingAllocator.cpp:?:c10::cuda::CUDACachingAllocator::Native::DeviceCachingAllocator::malloc(signed char, unsigned long, CUstream_st*) | ?:?:c10::cuda::CUDACachingAllocator::Native::NativeCachingAllocator::malloc(void**, signed char, unsigned long, CUstream_st*) | ?:?:c10::cuda::CUDACachingAllocator::Native::NativeCachingAllocator::allocate(unsigned long) | ?:?:at::TensorBase at::detail::_empty_strided_generic<c10::ArrayRef<long> >(c10::ArrayRef<long>, c10::ArrayRef<long>, c10::Allocator*, c10::DispatchKeySet, c10::ScalarType) | ??:?:at::detail::empty_strided_generic(c10::ArrayRef<long>, c10::ArrayRef<long>, c10::Allocator*, c10::DispatchKeySet, c10::ScalarType)"
active_allocated,3456544213,3.219157655723393,CoLA,0,memlive_3b_cola_fsdp_offload,FSDP+offload,post_init,unavailable
active_allocated,3456544212,3.2191576547920704,CoLA,0,memlive_3b_cola_fsdp_offload,FSDP+offload,post_optimizer_step,unavailable
active_allocated,1489280000,1.3870000839233398,CoLA,0,memlive_3b_cola_fsdp_offload,FSDP+offload,post_optimizer_step,"??:?:torch::unwind::unwind() | ??:?:torch::CapturedTraceback::gather(bool, bool, bool) | memory_snapshot.cpp:?:torch::cuda::(anonymous namespace)::gather_with_cpp() | CUDACachingAllocator.cpp:?:c10::cuda::CUDACachingAllocator::Native::DeviceCachingAllocator::malloc(signed char, unsigned long, CUstream_st*) | ?:?:c10::cuda::CUDACachingAllocator::Native::NativeCachingAllocator::malloc(void**, signed char, unsigned long, CUstream_st*) | ?:?:c10::cuda::CUDACachingAllocator::Native::NativeCachingAllocator::allocate(unsigned long) | ??:?:at::native::resize_bytes_cuda(c10::StorageImpl*, unsigned long) | StorageMethods.cpp:?:THPStorage_resize_(_object*, _object*)"
active_allocated,67518473,0.06288147810846567,CoLA,0,memlive_3b_cola_fsdp_offload,FSDP+offload,post_optimizer_step,"??:?:torch::unwind::unwind() | ??:?:torch::CapturedTraceback::gather(bool, bool, bool) | memory_snapshot.cpp:?:torch::cuda::(anonymous namespace)::gather_with_cpp() | CUDACachingAllocator.cpp:?:c10::cuda::CUDACachingAllocator::Native::DeviceCachingAllocator::malloc(signed char, unsigned long, CUstream_st*) | ?:?:c10::cuda::CUDACachingAllocator::Native::NativeCachingAllocator::malloc(void**, signed char, unsigned long, CUstream_st*) | ?:?:c10::cuda::CUDACachingAllocator::Native::NativeCachingAllocator::allocate(unsigned long) | ?:?:at::TensorBase at::detail::_empty_generic<long>(c10::ArrayRef<long>, c10::Allocator*, c10::DispatchKeySet, c10::ScalarType, std::optional<c10::MemoryFormat>) | ??:?:at::detail::empty_generic(c10::ArrayRef<long>, c10::Allocator*, c10::DispatchKeySet, c10::ScalarType, std::optional<c10::MemoryFormat>)"
active_allocated,17039360,0.015869140625,CoLA,0,memlive_3b_cola_fsdp_offload,FSDP+offload,post_optimizer_step,"??:?:torch::unwind::unwind() | ??:?:torch::CapturedTraceback::gather(bool, bool, bool) | memory_snapshot.cpp:?:torch::cuda::(anonymous namespace)::gather_with_cpp() | CUDACachingAllocator.cpp:?:c10::cuda::CUDACachingAllocator::Native::DeviceCachingAllocator::malloc(signed char, unsigned long, CUstream_st*) | ?:?:c10::cuda::CUDACachingAllocator::Native::NativeCachingAllocator::malloc(void**, signed char, unsigned long, CUstream_st*) | ?:?:c10::cuda::CUDACachingAllocator::Native::NativeCachingAllocator::allocate(unsigned long) | ?:?:at::cuda::getNewWorkspace() | ??:?:at::cuda::getCurrentCUDABlasHandle()"
active_allocated,1077248,0.001003265380859375,CoLA,0,memlive_3b_cola_fsdp_offload,FSDP+offload,post_optimizer_step,"??:?:torch::unwind::unwind() | ??:?:torch::CapturedTraceback::gather(bool, bool, bool) | memory_snapshot.cpp:?:torch::cuda::(anonymous namespace)::gather_with_cpp() | CUDACachingAllocator.cpp:?:c10::cuda::CUDACachingAllocator::Native::DeviceCachingAllocator::malloc(signed char, unsigned long, CUstream_st*) | ?:?:c10::cuda::CUDACachingAllocator::Native::NativeCachingAllocator::malloc(void**, signed char, unsigned long, CUstream_st*) | ?:?:c10::cuda::CUDACachingAllocator::Native::NativeCachingAllocator::allocate(unsigned long) | ?:?:at::TensorBase at::detail::_empty_strided_generic<c10::ArrayRef<long> >(c10::ArrayRef<long>, c10::ArrayRef<long>, c10::Allocator*, c10::DispatchKeySet, c10::ScalarType) | ??:?:at::detail::empty_strided_generic(c10::ArrayRef<long>, c10::ArrayRef<long>, c10::Allocator*, c10::DispatchKeySet, c10::ScalarType)"
active_allocated,3456544212,3.2191576547920704,CoLA,0,memlive_3b_cola_fsdp_offload,FSDP+offload,post_optimizer_step,unavailable
active_allocated,1489280000,1.3870000839233398,CoLA,0,memlive_3b_cola_fsdp_offload,FSDP+offload,post_optimizer_step,"??:?:torch::unwind::unwind() | ??:?:torch::CapturedTraceback::gather(bool, bool, bool) | memory_snapshot.cpp:?:torch::cuda::(anonymous namespace)::gather_with_cpp() | CUDACachingAllocator.cpp:?:c10::cuda::CUDACachingAllocator::Native::DeviceCachingAllocator::malloc(signed char, unsigned long, CUstream_st*) | ?:?:c10::cuda::CUDACachingAllocator::Native::NativeCachingAllocator::malloc(void**, signed char, unsigned long, CUstream_st*) | ?:?:c10::cuda::CUDACachingAllocator::Native::NativeCachingAllocator::allocate(unsigned long) | ??:?:at::native::resize_bytes_cuda(c10::StorageImpl*, unsigned long) | StorageMethods.cpp:?:THPStorage_resize_(_object*, _object*)"
active_allocated,67518481,0.06288148555904627,CoLA,0,memlive_3b_cola_fsdp_offload,FSDP+offload,post_optimizer_step,"??:?:torch::unwind::unwind() | ??:?:torch::CapturedTraceback::gather(bool, bool, bool) | memory_snapshot.cpp:?:torch::cuda::(anonymous namespace)::gather_with_cpp() | CUDACachingAllocator.cpp:?:c10::cuda::CUDACachingAllocator::Native::DeviceCachingAllocator::malloc(signed char, unsigned long, CUstream_st*) | ?:?:c10::cuda::CUDACachingAllocator::Native::NativeCachingAllocator::malloc(void**, signed char, unsigned long, CUstream_st*) | ?:?:c10::cuda::CUDACachingAllocator::Native::NativeCachingAllocator::allocate(unsigned long) | ?:?:at::TensorBase at::detail::_empty_generic<long>(c10::ArrayRef<long>, c10::Allocator*, c10::DispatchKeySet, c10::ScalarType, std::optional<c10::MemoryFormat>) | ??:?:at::detail::empty_generic(c10::ArrayRef<long>, c10::Allocator*, c10::DispatchKeySet, c10::ScalarType, std::optional<c10::MemoryFormat>)"
active_allocated,17039360,0.015869140625,CoLA,0,memlive_3b_cola_fsdp_offload,FSDP+offload,post_optimizer_step,"??:?:torch::unwind::unwind() | ??:?:torch::CapturedTraceback::gather(bool, bool, bool) | memory_snapshot.cpp:?:torch::cuda::(anonymous namespace)::gather_with_cpp() | CUDACachingAllocator.cpp:?:c10::cuda::CUDACachingAllocator::Native::DeviceCachingAllocator::malloc(signed char, unsigned long, CUstream_st*) | ?:?:c10::cuda::CUDACachingAllocator::Native::NativeCachingAllocator::malloc(void**, signed char, unsigned long, CUstream_st*) | ?:?:c10::cuda::CUDACachingAllocator::Native::NativeCachingAllocator::allocate(unsigned long) | ?:?:at::cuda::getNewWorkspace() | ??:?:at::cuda::getCurrentCUDABlasHandle()"
active_allocated,1077248,0.001003265380859375,CoLA,0,memlive_3b_cola_fsdp_offload,FSDP+offload,post_optimizer_step,"??:?:torch::unwind::unwind() | ??:?:torch::CapturedTraceback::gather(bool, bool, bool) | memory_snapshot.cpp:?:torch::cuda::(anonymous namespace)::gather_with_cpp() | CUDACachingAllocator.cpp:?:c10::cuda::CUDACachingAllocator::Native::DeviceCachingAllocator::malloc(signed char, unsigned long, CUstream_st*) | ?:?:c10::cuda::CUDACachingAllocator::Native::NativeCachingAllocator::malloc(void**, signed char, unsigned long, CUstream_st*) | ?:?:c10::cuda::CUDACachingAllocator::Native::NativeCachingAllocator::allocate(unsigned long) | ?:?:at::TensorBase at::detail::_empty_strided_generic<c10::ArrayRef<long> >(c10::ArrayRef<long>, c10::ArrayRef<long>, c10::Allocator*, c10::DispatchKeySet, c10::ScalarType) | ??:?:at::detail::empty_strided_generic(c10::ArrayRef<long>, c10::ArrayRef<long>, c10::Allocator*, c10::DispatchKeySet, c10::ScalarType)"
active_allocated,3456544212,3.2191576547920704,CoLA,0,memlive_3b_cola_fsdp_offload,FSDP+offload,post_optimizer_step,unavailable
active_allocated,1489280000,1.3870000839233398,CoLA,0,memlive_3b_cola_fsdp_offload,FSDP+offload,post_optimizer_step,"??:?:torch::unwind::unwind() | ??:?:torch::CapturedTraceback::gather(bool, bool, bool) | memory_snapshot.cpp:?:torch::cuda::(anonymous namespace)::gather_with_cpp() | CUDACachingAllocator.cpp:?:c10::cuda::CUDACachingAllocator::Native::DeviceCachingAllocator::malloc(signed char, unsigned long, CUstream_st*) | ?:?:c10::cuda::CUDACachingAllocator::Native::NativeCachingAllocator::malloc(void**, signed char, unsigned long, CUstream_st*) | ?:?:c10::cuda::CUDACachingAllocator::Native::NativeCachingAllocator::allocate(unsigned long) | ??:?:at::native::resize_bytes_cuda(c10::StorageImpl*, unsigned long) | StorageMethods.cpp:?:THPStorage_resize_(_object*, _object*)"
active_allocated,67518477,0.06288148183375597,CoLA,0,memlive_3b_cola_fsdp_offload,FSDP+offload,post_optimizer_step,"??:?:torch::unwind::unwind() | ??:?:torch::CapturedTraceback::gather(bool, bool, bool) | memory_snapshot.cpp:?:torch::cuda::(anonymous namespace)::gather_with_cpp() | CUDACachingAllocator.cpp:?:c10::cuda::CUDACachingAllocator::Native::DeviceCachingAllocator::malloc(signed char, unsigned long, CUstream_st*) | ?:?:c10::cuda::CUDACachingAllocator::Native::NativeCachingAllocator::malloc(void**, signed char, unsigned long, CUstream_st*) | ?:?:c10::cuda::CUDACachingAllocator::Native::NativeCachingAllocator::allocate(unsigned long) | ?:?:at::TensorBase at::detail::_empty_generic<long>(c10::ArrayRef<long>, c10::Allocator*, c10::DispatchKeySet, c10::ScalarType, std::optional<c10::MemoryFormat>) | ??:?:at::detail::empty_generic(c10::ArrayRef<long>, c10::Allocator*, c10::DispatchKeySet, c10::ScalarType, std::optional<c10::MemoryFormat>)"
active_allocated,17039360,0.015869140625,CoLA,0,memlive_3b_cola_fsdp_offload,FSDP+offload,post_optimizer_step,"??:?:torch::unwind::unwind() | ??:?:torch::CapturedTraceback::gather(bool, bool, bool) | memory_snapshot.cpp:?:torch::cuda::(anonymous namespace)::gather_with_cpp() | CUDACachingAllocator.cpp:?:c10::cuda::CUDACachingAllocator::Native::DeviceCachingAllocator::malloc(signed char, unsigned long, CUstream_st*) | ?:?:c10::cuda::CUDACachingAllocator::Native::NativeCachingAllocator::malloc(void**, signed char, unsigned long, CUstream_st*) | ?:?:c10::cuda::CUDACachingAllocator::Native::NativeCachingAllocator::allocate(unsigned long) | ?:?:at::cuda::getNewWorkspace() | ??:?:at::cuda::getCurrentCUDABlasHandle()"
active_allocated,1077252,0.0010032691061496735,CoLA,0,memlive_3b_cola_fsdp_offload,FSDP+offload,post_optimizer_step,"??:?:torch::unwind::unwind() | ??:?:torch::CapturedTraceback::gather(bool, bool, bool) | memory_snapshot.cpp:?:torch::cuda::(anonymous namespace)::gather_with_cpp() | CUDACachingAllocator.cpp:?:c10::cuda::CUDACachingAllocator::Native::DeviceCachingAllocator::malloc(signed char, unsigned long, CUstream_st*) | ?:?:c10::cuda::CUDACachingAllocator::Native::NativeCachingAllocator::malloc(void**, signed char, unsigned long, CUstream_st*) | ?:?:c10::cuda::CUDACachingAllocator::Native::NativeCachingAllocator::allocate(unsigned long) | ?:?:at::TensorBase at::detail::_empty_strided_generic<c10::ArrayRef<long> >(c10::ArrayRef<long>, c10::ArrayRef<long>, c10::Allocator*, c10::DispatchKeySet, c10::ScalarType) | ??:?:at::detail::empty_strided_generic(c10::ArrayRef<long>, c10::ArrayRef<long>, c10::Allocator*, c10::DispatchKeySet, c10::ScalarType)"
active_allocated,3456544212,3.2191576547920704,CoLA,0,memlive_3b_cola_fsdp_offload,FSDP+offload,post_optimizer_step,unavailable
active_allocated,1489280000,1.3870000839233398,CoLA,0,memlive_3b_cola_fsdp_offload,FSDP+offload,post_optimizer_step,"??:?:torch::unwind::unwind() | ??:?:torch::CapturedTraceback::gather(bool, bool, bool) | memory_snapshot.cpp:?:torch::cuda::(anonymous namespace)::gather_with_cpp() | CUDACachingAllocator.cpp:?:c10::cuda::CUDACachingAllocator::Native::DeviceCachingAllocator::malloc(signed char, unsigned long, CUstream_st*) | ?:?:c10::cuda::CUDACachingAllocator::Native::NativeCachingAllocator::malloc(void**, signed char, unsigned long, CUstream_st*) | ?:?:c10::cuda::CUDACachingAllocator::Native::NativeCachingAllocator::allocate(unsigned long) | ??:?:at::native::resize_bytes_cuda(c10::StorageImpl*, unsigned long) | StorageMethods.cpp:?:THPStorage_resize_(_object*, _object*)"
active_allocated,67518477,0.06288148183375597,CoLA,0,memlive_3b_cola_fsdp_offload,FSDP+offload,post_optimizer_step,"??:?:torch::unwind::unwind() | ??:?:torch::CapturedTraceback::gather(bool, bool, bool) | memory_snapshot.cpp:?:torch::cuda::(anonymous namespace)::gather_with_cpp() | CUDACachingAllocator.cpp:?:c10::cuda::CUDACachingAllocator::Native::DeviceCachingAllocator::malloc(signed char, unsigned long, CUstream_st*) | ?:?:c10::cuda::CUDACachingAllocator::Native::NativeCachingAllocator::malloc(void**, signed char, unsigned long, CUstream_st*) | ?:?:c10::cuda::CUDACachingAllocator::Native::NativeCachingAllocator::allocate(unsigned long) | ?:?:at::TensorBase at::detail::_empty_generic<long>(c10::ArrayRef<long>, c10::Allocator*, c10::DispatchKeySet, c10::ScalarType, std::optional<c10::MemoryFormat>) | ??:?:at::detail::empty_generic(c10::ArrayRef<long>, c10::Allocator*, c10::DispatchKeySet, c10::ScalarType, std::optional<c10::MemoryFormat>)"
active_allocated,17039360,0.015869140625,CoLA,0,memlive_3b_cola_fsdp_offload,FSDP+offload,post_optimizer_step,"??:?:torch::unwind::unwind() | ??:?:torch::CapturedTraceback::gather(bool, bool, bool) | memory_snapshot.cpp:?:torch::cuda::(anonymous namespace)::gather_with_cpp() | CUDACachingAllocator.cpp:?:c10::cuda::CUDACachingAllocator::Native::DeviceCachingAllocator::malloc(signed char, unsigned long, CUstream_st*) | ?:?:c10::cuda::CUDACachingAllocator::Native::NativeCachingAllocator::malloc(void**, signed char, unsigned long, CUstream_st*) | ?:?:c10::cuda::CUDACachingAllocator::Native::NativeCachingAllocator::allocate(unsigned long) | ?:?:at::cuda::getNewWorkspace() | ??:?:at::cuda::getCurrentCUDABlasHandle()"
active_allocated,1077252,0.0010032691061496735,CoLA,0,memlive_3b_cola_fsdp_offload,FSDP+offload,post_optimizer_step,"??:?:torch::unwind::unwind() | ??:?:torch::CapturedTraceback::gather(bool, bool, bool) | memory_snapshot.cpp:?:torch::cuda::(anonymous namespace)::gather_with_cpp() | CUDACachingAllocator.cpp:?:c10::cuda::CUDACachingAllocator::Native::DeviceCachingAllocator::malloc(signed char, unsigned long, CUstream_st*) | ?:?:c10::cuda::CUDACachingAllocator::Native::NativeCachingAllocator::malloc(void**, signed char, unsigned long, CUstream_st*) | ?:?:c10::cuda::CUDACachingAllocator::Native::NativeCachingAllocator::allocate(unsigned long) | ?:?:at::TensorBase at::detail::_empty_strided_generic<c10::ArrayRef<long> >(c10::ArrayRef<long>, c10::ArrayRef<long>, c10::Allocator*, c10::DispatchKeySet, c10::ScalarType) | ??:?:at::detail::empty_strided_generic(c10::ArrayRef<long>, c10::ArrayRef<long>, c10::Allocator*, c10::DispatchKeySet, c10::ScalarType)"
active_allocated,3456544212,3.2191576547920704,CoLA,0,memlive_3b_cola_fsdp_offload,FSDP+offload,post_optimizer_step,unavailable
active_allocated,1489280000,1.3870000839233398,CoLA,0,memlive_3b_cola_fsdp_offload,FSDP+offload,post_optimizer_step,"??:?:torch::unwind::unwind() | ??:?:torch::CapturedTraceback::gather(bool, bool, bool) | memory_snapshot.cpp:?:torch::cuda::(anonymous namespace)::gather_with_cpp() | CUDACachingAllocator.cpp:?:c10::cuda::CUDACachingAllocator::Native::DeviceCachingAllocator::malloc(signed char, unsigned long, CUstream_st*) | ?:?:c10::cuda::CUDACachingAllocator::Native::NativeCachingAllocator::malloc(void**, signed char, unsigned long, CUstream_st*) | ?:?:c10::cuda::CUDACachingAllocator::Native::NativeCachingAllocator::allocate(unsigned long) | ??:?:at::native::resize_bytes_cuda(c10::StorageImpl*, unsigned long) | StorageMethods.cpp:?:THPStorage_resize_(_object*, _object*)"
active_allocated,67518477,0.06288148183375597,CoLA,0,memlive_3b_cola_fsdp_offload,FSDP+offload,post_optimizer_step,"??:?:torch::unwind::unwind() | ??:?:torch::CapturedTraceback::gather(bool, bool, bool) | memory_snapshot.cpp:?:torch::cuda::(anonymous namespace)::gather_with_cpp() | CUDACachingAllocator.cpp:?:c10::cuda::CUDACachingAllocator::Native::DeviceCachingAllocator::malloc(signed char, unsigned long, CUstream_st*) | ?:?:c10::cuda::CUDACachingAllocator::Native::NativeCachingAllocator::malloc(void**, signed char, unsigned long, CUstream_st*) | ?:?:c10::cuda::CUDACachingAllocator::Native::NativeCachingAllocator::allocate(unsigned long) | ?:?:at::TensorBase at::detail::_empty_generic<long>(c10::ArrayRef<long>, c10::Allocator*, c10::DispatchKeySet, c10::ScalarType, std::optional<c10::MemoryFormat>) | ??:?:at::detail::empty_generic(c10::ArrayRef<long>, c10::Allocator*, c10::DispatchKeySet, c10::ScalarType, std::optional<c10::MemoryFormat>)"
active_allocated,17039360,0.015869140625,CoLA,0,memlive_3b_cola_fsdp_offload,FSDP+offload,post_optimizer_step,"??:?:torch::unwind::unwind() | ??:?:torch::CapturedTraceback::gather(bool, bool, bool) | memory_snapshot.cpp:?:torch::cuda::(anonymous namespace)::gather_with_cpp() | CUDACachingAllocator.cpp:?:c10::cuda::CUDACachingAllocator::Native::DeviceCachingAllocator::malloc(signed char, unsigned long, CUstream_st*) | ?:?:c10::cuda::CUDACachingAllocator::Native::NativeCachingAllocator::malloc(void**, signed char, unsigned long, CUstream_st*) | ?:?:c10::cuda::CUDACachingAllocator::Native::NativeCachingAllocator::allocate(unsigned long) | ?:?:at::cuda::getNewWorkspace() | ??:?:at::cuda::getCurrentCUDABlasHandle()"
active_allocated,1077252,0.0010032691061496735,CoLA,0,memlive_3b_cola_fsdp_offload,FSDP+offload,post_optimizer_step,"??:?:torch::unwind::unwind() | ??:?:torch::CapturedTraceback::gather(bool, bool, bool) | memory_snapshot.cpp:?:torch::cuda::(anonymous namespace)::gather_with_cpp() | CUDACachingAllocator.cpp:?:c10::cuda::CUDACachingAllocator::Native::DeviceCachingAllocator::malloc(signed char, unsigned long, CUstream_st*) | ?:?:c10::cuda::CUDACachingAllocator::Native::NativeCachingAllocator::malloc(void**, signed char, unsigned long, CUstream_st*) | ?:?:c10::cuda::CUDACachingAllocator::Native::NativeCachingAllocator::allocate(unsigned long) | ?:?:at::TensorBase at::detail::_empty_strided_generic<c10::ArrayRef<long> >(c10::ArrayRef<long>, c10::ArrayRef<long>, c10::Allocator*, c10::DispatchKeySet, c10::ScalarType) | ??:?:at::detail::empty_strided_generic(c10::ArrayRef<long>, c10::ArrayRef<long>, c10::Allocator*, c10::DispatchKeySet, c10::ScalarType)"
active_allocated,3456544212,3.2191576547920704,CoLA,0,memlive_3b_cola_fsdp_offload,FSDP+offload,post_optimizer_step,unavailable
active_allocated,1489280000,1.3870000839233398,CoLA,0,memlive_3b_cola_fsdp_offload,FSDP+offload,post_optimizer_step,"??:?:torch::unwind::unwind() | ??:?:torch::CapturedTraceback::gather(bool, bool, bool) | memory_snapshot.cpp:?:torch::cuda::(anonymous namespace)::gather_with_cpp() | CUDACachingAllocator.cpp:?:c10::cuda::CUDACachingAllocator::Native::DeviceCachingAllocator::malloc(signed char, unsigned long, CUstream_st*) | ?:?:c10::cuda::CUDACachingAllocator::Native::NativeCachingAllocator::malloc(void**, signed char, unsigned long, CUstream_st*) | ?:?:c10::cuda::CUDACachingAllocator::Native::NativeCachingAllocator::allocate(unsigned long) | ??:?:at::native::resize_bytes_cuda(c10::StorageImpl*, unsigned long) | StorageMethods.cpp:?:THPStorage_resize_(_object*, _object*)"
active_allocated,67518477,0.06288148183375597,CoLA,0,memlive_3b_cola_fsdp_offload,FSDP+offload,post_optimizer_step,"??:?:torch::unwind::unwind() | ??:?:torch::CapturedTraceback::gather(bool, bool, bool) | memory_snapshot.cpp:?:torch::cuda::(anonymous namespace)::gather_with_cpp() | CUDACachingAllocator.cpp:?:c10::cuda::CUDACachingAllocator::Native::DeviceCachingAllocator::malloc(signed char, unsigned long, CUstream_st*) | ?:?:c10::cuda::CUDACachingAllocator::Native::NativeCachingAllocator::malloc(void**, signed char, unsigned long, CUstream_st*) | ?:?:c10::cuda::CUDACachingAllocator::Native::NativeCachingAllocator::allocate(unsigned long) | ?:?:at::TensorBase at::detail::_empty_generic<long>(c10::ArrayRef<long>, c10::Allocator*, c10::DispatchKeySet, c10::ScalarType, std::optional<c10::MemoryFormat>) | ??:?:at::detail::empty_generic(c10::ArrayRef<long>, c10::Allocator*, c10::DispatchKeySet, c10::ScalarType, std::optional<c10::MemoryFormat>)"
active_allocated,17039360,0.015869140625,CoLA,0,memlive_3b_cola_fsdp_offload,FSDP+offload,post_optimizer_step,"??:?:torch::unwind::unwind() | ??:?:torch::CapturedTraceback::gather(bool, bool, bool) | memory_snapshot.cpp:?:torch::cuda::(anonymous namespace)::gather_with_cpp() | CUDACachingAllocator.cpp:?:c10::cuda::CUDACachingAllocator::Native::DeviceCachingAllocator::malloc(signed char, unsigned long, CUstream_st*) | ?:?:c10::cuda::CUDACachingAllocator::Native::NativeCachingAllocator::malloc(void**, signed char, unsigned long, CUstream_st*) | ?:?:c10::cuda::CUDACachingAllocator::Native::NativeCachingAllocator::allocate(unsigned long) | ?:?:at::cuda::getNewWorkspace() | ??:?:at::cuda::getCurrentCUDABlasHandle()"
active_allocated,1077252,0.0010032691061496735,CoLA,0,memlive_3b_cola_fsdp_offload,FSDP+offload,post_optimizer_step,"??:?:torch::unwind::unwind() | ??:?:torch::CapturedTraceback::gather(bool, bool, bool) | memory_snapshot.cpp:?:torch::cuda::(anonymous namespace)::gather_with_cpp() | CUDACachingAllocator.cpp:?:c10::cuda::CUDACachingAllocator::Native::DeviceCachingAllocator::malloc(signed char, unsigned long, CUstream_st*) | ?:?:c10::cuda::CUDACachingAllocator::Native::NativeCachingAllocator::malloc(void**, signed char, unsigned long, CUstream_st*) | ?:?:c10::cuda::CUDACachingAllocator::Native::NativeCachingAllocator::allocate(unsigned long) | ?:?:at::TensorBase at::detail::_empty_strided_generic<c10::ArrayRef<long> >(c10::ArrayRef<long>, c10::ArrayRef<long>, c10::Allocator*, c10::DispatchKeySet, c10::ScalarType) | ??:?:at::detail::empty_strided_generic(c10::ArrayRef<long>, c10::ArrayRef<long>, c10::Allocator*, c10::DispatchKeySet, c10::ScalarType)"
active_allocated,3456544212,3.2191576547920704,CoLA,0,memlive_3b_cola_fsdp_offload,FSDP+offload,post_optimizer_step,unavailable
active_allocated,1489280000,1.3870000839233398,CoLA,0,memlive_3b_cola_fsdp_offload,FSDP+offload,post_optimizer_step,"??:?:torch::unwind::unwind() | ??:?:torch::CapturedTraceback::gather(bool, bool, bool) | memory_snapshot.cpp:?:torch::cuda::(anonymous namespace)::gather_with_cpp() | CUDACachingAllocator.cpp:?:c10::cuda::CUDACachingAllocator::Native::DeviceCachingAllocator::malloc(signed char, unsigned long, CUstream_st*) | ?:?:c10::cuda::CUDACachingAllocator::Native::NativeCachingAllocator::malloc(void**, signed char, unsigned long, CUstream_st*) | ?:?:c10::cuda::CUDACachingAllocator::Native::NativeCachingAllocator::allocate(unsigned long) | ??:?:at::native::resize_bytes_cuda(c10::StorageImpl*, unsigned long) | StorageMethods.cpp:?:THPStorage_resize_(_object*, _object*)"
active_allocated,67518477,0.06288148183375597,CoLA,0,memlive_3b_cola_fsdp_offload,FSDP+offload,post_optimizer_step,"??:?:torch::unwind::unwind() | ??:?:torch::CapturedTraceback::gather(bool, bool, bool) | memory_snapshot.cpp:?:torch::cuda::(anonymous namespace)::gather_with_cpp() | CUDACachingAllocator.cpp:?:c10::cuda::CUDACachingAllocator::Native::DeviceCachingAllocator::malloc(signed char, unsigned long, CUstream_st*) | ?:?:c10::cuda::CUDACachingAllocator::Native::NativeCachingAllocator::malloc(void**, signed char, unsigned long, CUstream_st*) | ?:?:c10::cuda::CUDACachingAllocator::Native::NativeCachingAllocator::allocate(unsigned long) | ?:?:at::TensorBase at::detail::_empty_generic<long>(c10::ArrayRef<long>, c10::Allocator*, c10::DispatchKeySet, c10::ScalarType, std::optional<c10::MemoryFormat>) | ??:?:at::detail::empty_generic(c10::ArrayRef<long>, c10::Allocator*, c10::DispatchKeySet, c10::ScalarType, std::optional<c10::MemoryFormat>)"
active_allocated,17039360,0.015869140625,CoLA,0,memlive_3b_cola_fsdp_offload,FSDP+offload,post_optimizer_step,"??:?:torch::unwind::unwind() | ??:?:torch::CapturedTraceback::gather(bool, bool, bool) | memory_snapshot.cpp:?:torch::cuda::(anonymous namespace)::gather_with_cpp() | CUDACachingAllocator.cpp:?:c10::cuda::CUDACachingAllocator::Native::DeviceCachingAllocator::malloc(signed char, unsigned long, CUstream_st*) | ?:?:c10::cuda::CUDACachingAllocator::Native::NativeCachingAllocator::malloc(void**, signed char, unsigned long, CUstream_st*) | ?:?:c10::cuda::CUDACachingAllocator::Native::NativeCachingAllocator::allocate(unsigned long) | ?:?:at::cuda::getNewWorkspace() | ??:?:at::cuda::getCurrentCUDABlasHandle()"
active_allocated,1077252,0.0010032691061496735,CoLA,0,memlive_3b_cola_fsdp_offload,FSDP+offload,post_optimizer_step,"??:?:torch::unwind::unwind() | ??:?:torch::CapturedTraceback::gather(bool, bool, bool) | memory_snapshot.cpp:?:torch::cuda::(anonymous namespace)::gather_with_cpp() | CUDACachingAllocator.cpp:?:c10::cuda::CUDACachingAllocator::Native::DeviceCachingAllocator::malloc(signed char, unsigned long, CUstream_st*) | ?:?:c10::cuda::CUDACachingAllocator::Native::NativeCachingAllocator::malloc(void**, signed char, unsigned long, CUstream_st*) | ?:?:c10::cuda::CUDACachingAllocator::Native::NativeCachingAllocator::allocate(unsigned long) | ?:?:at::TensorBase at::detail::_empty_strided_generic<c10::ArrayRef<long> >(c10::ArrayRef<long>, c10::ArrayRef<long>, c10::Allocator*, c10::DispatchKeySet, c10::ScalarType) | ??:?:at::detail::empty_strided_generic(c10::ArrayRef<long>, c10::ArrayRef<long>, c10::Allocator*, c10::DispatchKeySet, c10::ScalarType)"
active_allocated,3456544212,3.2191576547920704,CoLA,0,memlive_3b_cola_fsdp_offload,FSDP+offload,post_optimizer_step,unavailable
active_allocated,1489280000,1.3870000839233398,CoLA,0,memlive_3b_cola_fsdp_offload,FSDP+offload,post_optimizer_step,"??:?:torch::unwind::unwind() | ??:?:torch::CapturedTraceback::gather(bool, bool, bool) | memory_snapshot.cpp:?:torch::cuda::(anonymous namespace)::gather_with_cpp() | CUDACachingAllocator.cpp:?:c10::cuda::CUDACachingAllocator::Native::DeviceCachingAllocator::malloc(signed char, unsigned long, CUstream_st*) | ?:?:c10::cuda::CUDACachingAllocator::Native::NativeCachingAllocator::malloc(void**, signed char, unsigned long, CUstream_st*) | ?:?:c10::cuda::CUDACachingAllocator::Native::NativeCachingAllocator::allocate(unsigned long) | ??:?:at::native::resize_bytes_cuda(c10::StorageImpl*, unsigned long) | StorageMethods.cpp:?:THPStorage_resize_(_object*, _object*)"
active_allocated,67518477,0.06288148183375597,CoLA,0,memlive_3b_cola_fsdp_offload,FSDP+offload,post_optimizer_step,"??:?:torch::unwind::unwind() | ??:?:torch::CapturedTraceback::gather(bool, bool, bool) | memory_snapshot.cpp:?:torch::cuda::(anonymous namespace)::gather_with_cpp() | CUDACachingAllocator.cpp:?:c10::cuda::CUDACachingAllocator::Native::DeviceCachingAllocator::malloc(signed char, unsigned long, CUstream_st*) | ?:?:c10::cuda::CUDACachingAllocator::Native::NativeCachingAllocator::malloc(void**, signed char, unsigned long, CUstream_st*) | ?:?:c10::cuda::CUDACachingAllocator::Native::NativeCachingAllocator::allocate(unsigned long) | ?:?:at::TensorBase at::detail::_empty_generic<long>(c10::ArrayRef<long>, c10::Allocator*, c10::DispatchKeySet, c10::ScalarType, std::optional<c10::MemoryFormat>) | ??:?:at::detail::empty_generic(c10::ArrayRef<long>, c10::Allocator*, c10::DispatchKeySet, c10::ScalarType, std::optional<c10::MemoryFormat>)"
active_allocated,17039360,0.015869140625,CoLA,0,memlive_3b_cola_fsdp_offload,FSDP+offload,post_optimizer_step,"??:?:torch::unwind::unwind() | ??:?:torch::CapturedTraceback::gather(bool, bool, bool) | memory_snapshot.cpp:?:torch::cuda::(anonymous namespace)::gather_with_cpp() | CUDACachingAllocator.cpp:?:c10::cuda::CUDACachingAllocator::Native::DeviceCachingAllocator::malloc(signed char, unsigned long, CUstream_st*) | ?:?:c10::cuda::CUDACachingAllocator::Native::NativeCachingAllocator::malloc(void**, signed char, unsigned long, CUstream_st*) | ?:?:c10::cuda::CUDACachingAllocator::Native::NativeCachingAllocator::allocate(unsigned long) | ?:?:at::cuda::getNewWorkspace() | ??:?:at::cuda::getCurrentCUDABlasHandle()"
active_allocated,1077252,0.0010032691061496735,CoLA,0,memlive_3b_cola_fsdp_offload,FSDP+offload,post_optimizer_step,"??:?:torch::unwind::unwind() | ??:?:torch::CapturedTraceback::gather(bool, bool, bool) | memory_snapshot.cpp:?:torch::cuda::(anonymous namespace)::gather_with_cpp() | CUDACachingAllocator.cpp:?:c10::cuda::CUDACachingAllocator::Native::DeviceCachingAllocator::malloc(signed char, unsigned long, CUstream_st*) | ?:?:c10::cuda::CUDACachingAllocator::Native::NativeCachingAllocator::malloc(void**, signed char, unsigned long, CUstream_st*) | ?:?:c10::cuda::CUDACachingAllocator::Native::NativeCachingAllocator::allocate(unsigned long) | ?:?:at::TensorBase at::detail::_empty_strided_generic<c10::ArrayRef<long> >(c10::ArrayRef<long>, c10::ArrayRef<long>, c10::Allocator*, c10::DispatchKeySet, c10::ScalarType) | ??:?:at::detail::empty_strided_generic(c10::ArrayRef<long>, c10::ArrayRef<long>, c10::Allocator*, c10::DispatchKeySet, c10::ScalarType)"
active_allocated,3456544212,3.2191576547920704,CoLA,0,memlive_3b_cola_fsdp_offload,FSDP+offload,post_optimizer_step,unavailable
active_allocated,1489280000,1.3870000839233398,CoLA,0,memlive_3b_cola_fsdp_offload,FSDP+offload,post_optimizer_step,"??:?:torch::unwind::unwind() | ??:?:torch::CapturedTraceback::gather(bool, bool, bool) | memory_snapshot.cpp:?:torch::cuda::(anonymous namespace)::gather_with_cpp() | CUDACachingAllocator.cpp:?:c10::cuda::CUDACachingAllocator::Native::DeviceCachingAllocator::malloc(signed char, unsigned long, CUstream_st*) | ?:?:c10::cuda::CUDACachingAllocator::Native::NativeCachingAllocator::malloc(void**, signed char, unsigned long, CUstream_st*) | ?:?:c10::cuda::CUDACachingAllocator::Native::NativeCachingAllocator::allocate(unsigned long) | ??:?:at::native::resize_bytes_cuda(c10::StorageImpl*, unsigned long) | StorageMethods.cpp:?:THPStorage_resize_(_object*, _object*)"
active_allocated,67518477,0.06288148183375597,CoLA,0,memlive_3b_cola_fsdp_offload,FSDP+offload,post_optimizer_step,"??:?:torch::unwind::unwind() | ??:?:torch::CapturedTraceback::gather(bool, bool, bool) | memory_snapshot.cpp:?:torch::cuda::(anonymous namespace)::gather_with_cpp() | CUDACachingAllocator.cpp:?:c10::cuda::CUDACachingAllocator::Native::DeviceCachingAllocator::malloc(signed char, unsigned long, CUstream_st*) | ?:?:c10::cuda::CUDACachingAllocator::Native::NativeCachingAllocator::malloc(void**, signed char, unsigned long, CUstream_st*) | ?:?:c10::cuda::CUDACachingAllocator::Native::NativeCachingAllocator::allocate(unsigned long) | ?:?:at::TensorBase at::detail::_empty_generic<long>(c10::ArrayRef<long>, c10::Allocator*, c10::DispatchKeySet, c10::ScalarType, std::optional<c10::MemoryFormat>) | ??:?:at::detail::empty_generic(c10::ArrayRef<long>, c10::Allocator*, c10::DispatchKeySet, c10::ScalarType, std::optional<c10::MemoryFormat>)"
active_allocated,17039360,0.015869140625,CoLA,0,memlive_3b_cola_fsdp_offload,FSDP+offload,post_optimizer_step,"??:?:torch::unwind::unwind() | ??:?:torch::CapturedTraceback::gather(bool, bool, bool) | memory_snapshot.cpp:?:torch::cuda::(anonymous namespace)::gather_with_cpp() | CUDACachingAllocator.cpp:?:c10::cuda::CUDACachingAllocator::Native::DeviceCachingAllocator::malloc(signed char, unsigned long, CUstream_st*) | ?:?:c10::cuda::CUDACachingAllocator::Native::NativeCachingAllocator::malloc(void**, signed char, unsigned long, CUstream_st*) | ?:?:c10::cuda::CUDACachingAllocator::Native::NativeCachingAllocator::allocate(unsigned long) | ?:?:at::cuda::getNewWorkspace() | ??:?:at::cuda::getCurrentCUDABlasHandle()"
active_allocated,1077252,0.0010032691061496735,CoLA,0,memlive_3b_cola_fsdp_offload,FSDP+offload,post_optimizer_step,"??:?:torch::unwind::unwind() | ??:?:torch::CapturedTraceback::gather(bool, bool, bool) | memory_snapshot.cpp:?:torch::cuda::(anonymous namespace)::gather_with_cpp() | CUDACachingAllocator.cpp:?:c10::cuda::CUDACachingAllocator::Native::DeviceCachingAllocator::malloc(signed char, unsigned long, CUstream_st*) | ?:?:c10::cuda::CUDACachingAllocator::Native::NativeCachingAllocator::malloc(void**, signed char, unsigned long, CUstream_st*) | ?:?:c10::cuda::CUDACachingAllocator::Native::NativeCachingAllocator::allocate(unsigned long) | ?:?:at::TensorBase at::detail::_empty_strided_generic<c10::ArrayRef<long> >(c10::ArrayRef<long>, c10::ArrayRef<long>, c10::Allocator*, c10::DispatchKeySet, c10::ScalarType) | ??:?:at::detail::empty_strided_generic(c10::ArrayRef<long>, c10::ArrayRef<long>, c10::Allocator*, c10::DispatchKeySet, c10::ScalarType)"
active_allocated,3456544212,3.2191576547920704,CoLA,0,memlive_3b_cola_fsdp_offload,FSDP+offload,post_optimizer_step,unavailable
active_allocated,1489280000,1.3870000839233398,CoLA,0,memlive_3b_cola_fsdp_offload,FSDP+offload,post_optimizer_step,"??:?:torch::unwind::unwind() | ??:?:torch::CapturedTraceback::gather(bool, bool, bool) | memory_snapshot.cpp:?:torch::cuda::(anonymous namespace)::gather_with_cpp() | CUDACachingAllocator.cpp:?:c10::cuda::CUDACachingAllocator::Native::DeviceCachingAllocator::malloc(signed char, unsigned long, CUstream_st*) | ?:?:c10::cuda::CUDACachingAllocator::Native::NativeCachingAllocator::malloc(void**, signed char, unsigned long, CUstream_st*) | ?:?:c10::cuda::CUDACachingAllocator::Native::NativeCachingAllocator::allocate(unsigned long) | ??:?:at::native::resize_bytes_cuda(c10::StorageImpl*, unsigned long) | StorageMethods.cpp:?:THPStorage_resize_(_object*, _object*)"
active_allocated,67518477,0.06288148183375597,CoLA,0,memlive_3b_cola_fsdp_offload,FSDP+offload,post_optimizer_step,"??:?:torch::unwind::unwind() | ??:?:torch::CapturedTraceback::gather(bool, bool, bool) | memory_snapshot.cpp:?:torch::cuda::(anonymous namespace)::gather_with_cpp() | CUDACachingAllocator.cpp:?:c10::cuda::CUDACachingAllocator::Native::DeviceCachingAllocator::malloc(signed char, unsigned long, CUstream_st*) | ?:?:c10::cuda::CUDACachingAllocator::Native::NativeCachingAllocator::malloc(void**, signed char, unsigned long, CUstream_st*) | ?:?:c10::cuda::CUDACachingAllocator::Native::NativeCachingAllocator::allocate(unsigned long) | ?:?:at::TensorBase at::detail::_empty_generic<long>(c10::ArrayRef<long>, c10::Allocator*, c10::DispatchKeySet, c10::ScalarType, std::optional<c10::MemoryFormat>) | ??:?:at::detail::empty_generic(c10::ArrayRef<long>, c10::Allocator*, c10::DispatchKeySet, c10::ScalarType, std::optional<c10::MemoryFormat>)"
active_allocated,17039360,0.015869140625,CoLA,0,memlive_3b_cola_fsdp_offload,FSDP+offload,post_optimizer_step,"??:?:torch::unwind::unwind() | ??:?:torch::CapturedTraceback::gather(bool, bool, bool) | memory_snapshot.cpp:?:torch::cuda::(anonymous namespace)::gather_with_cpp() | CUDACachingAllocator.cpp:?:c10::cuda::CUDACachingAllocator::Native::DeviceCachingAllocator::malloc(signed char, unsigned long, CUstream_st*) | ?:?:c10::cuda::CUDACachingAllocator::Native::NativeCachingAllocator::malloc(void**, signed char, unsigned long, CUstream_st*) | ?:?:c10::cuda::CUDACachingAllocator::Native::NativeCachingAllocator::allocate(unsigned long) | ?:?:at::cuda::getNewWorkspace() | ??:?:at::cuda::getCurrentCUDABlasHandle()"
active_allocated,1077252,0.0010032691061496735,CoLA,0,memlive_3b_cola_fsdp_offload,FSDP+offload,post_optimizer_step,"??:?:torch::unwind::unwind() | ??:?:torch::CapturedTraceback::gather(bool, bool, bool) | memory_snapshot.cpp:?:torch::cuda::(anonymous namespace)::gather_with_cpp() | CUDACachingAllocator.cpp:?:c10::cuda::CUDACachingAllocator::Native::DeviceCachingAllocator::malloc(signed char, unsigned long, CUstream_st*) | ?:?:c10::cuda::CUDACachingAllocator::Native::NativeCachingAllocator::malloc(void**, signed char, unsigned long, CUstream_st*) | ?:?:c10::cuda::CUDACachingAllocator::Native::NativeCachingAllocator::allocate(unsigned long) | ?:?:at::TensorBase at::detail::_empty_strided_generic<c10::ArrayRef<long> >(c10::ArrayRef<long>, c10::ArrayRef<long>, c10::Allocator*, c10::DispatchKeySet, c10::ScalarType) | ??:?:at::detail::empty_strided_generic(c10::ArrayRef<long>, c10::ArrayRef<long>, c10::Allocator*, c10::DispatchKeySet, c10::ScalarType)"
active_allocated,3456544212,3.2191576547920704,CoLA,0,memlive_3b_cola_fsdp_offload,FSDP+offload,post_optimizer_step,unavailable
active_allocated,1489280000,1.3870000839233398,CoLA,0,memlive_3b_cola_fsdp_offload,FSDP+offload,post_optimizer_step,"??:?:torch::unwind::unwind() | ??:?:torch::CapturedTraceback::gather(bool, bool, bool) | memory_snapshot.cpp:?:torch::cuda::(anonymous namespace)::gather_with_cpp() | CUDACachingAllocator.cpp:?:c10::cuda::CUDACachingAllocator::Native::DeviceCachingAllocator::malloc(signed char, unsigned long, CUstream_st*) | ?:?:c10::cuda::CUDACachingAllocator::Native::NativeCachingAllocator::malloc(void**, signed char, unsigned long, CUstream_st*) | ?:?:c10::cuda::CUDACachingAllocator::Native::NativeCachingAllocator::allocate(unsigned long) | ??:?:at::native::resize_bytes_cuda(c10::StorageImpl*, unsigned long) | StorageMethods.cpp:?:THPStorage_resize_(_object*, _object*)"
active_allocated,67518477,0.06288148183375597,CoLA,0,memlive_3b_cola_fsdp_offload,FSDP+offload,post_optimizer_step,"??:?:torch::unwind::unwind() | ??:?:torch::CapturedTraceback::gather(bool, bool, bool) | memory_snapshot.cpp:?:torch::cuda::(anonymous namespace)::gather_with_cpp() | CUDACachingAllocator.cpp:?:c10::cuda::CUDACachingAllocator::Native::DeviceCachingAllocator::malloc(signed char, unsigned long, CUstream_st*) | ?:?:c10::cuda::CUDACachingAllocator::Native::NativeCachingAllocator::malloc(void**, signed char, unsigned long, CUstream_st*) | ?:?:c10::cuda::CUDACachingAllocator::Native::NativeCachingAllocator::allocate(unsigned long) | ?:?:at::TensorBase at::detail::_empty_generic<long>(c10::ArrayRef<long>, c10::Allocator*, c10::DispatchKeySet, c10::ScalarType, std::optional<c10::MemoryFormat>) | ??:?:at::detail::empty_generic(c10::ArrayRef<long>, c10::Allocator*, c10::DispatchKeySet, c10::ScalarType, std::optional<c10::MemoryFormat>)"
active_allocated,17039360,0.015869140625,CoLA,0,memlive_3b_cola_fsdp_offload,FSDP+offload,post_optimizer_step,"??:?:torch::unwind::unwind() | ??:?:torch::CapturedTraceback::gather(bool, bool, bool) | memory_snapshot.cpp:?:torch::cuda::(anonymous namespace)::gather_with_cpp() | CUDACachingAllocator.cpp:?:c10::cuda::CUDACachingAllocator::Native::DeviceCachingAllocator::malloc(signed char, unsigned long, CUstream_st*) | ?:?:c10::cuda::CUDACachingAllocator::Native::NativeCachingAllocator::malloc(void**, signed char, unsigned long, CUstream_st*) | ?:?:c10::cuda::CUDACachingAllocator::Native::NativeCachingAllocator::allocate(unsigned long) | ?:?:at::cuda::getNewWorkspace() | ??:?:at::cuda::getCurrentCUDABlasHandle()"
active_allocated,1077252,0.0010032691061496735,CoLA,0,memlive_3b_cola_fsdp_offload,FSDP+offload,post_optimizer_step,"??:?:torch::unwind::unwind() | ??:?:torch::CapturedTraceback::gather(bool, bool, bool) | memory_snapshot.cpp:?:torch::cuda::(anonymous namespace)::gather_with_cpp() | CUDACachingAllocator.cpp:?:c10::cuda::CUDACachingAllocator::Native::DeviceCachingAllocator::malloc(signed char, unsigned long, CUstream_st*) | ?:?:c10::cuda::CUDACachingAllocator::Native::NativeCachingAllocator::malloc(void**, signed char, unsigned long, CUstream_st*) | ?:?:c10::cuda::CUDACachingAllocator::Native::NativeCachingAllocator::allocate(unsigned long) | ?:?:at::TensorBase at::detail::_empty_strided_generic<c10::ArrayRef<long> >(c10::ArrayRef<long>, c10::ArrayRef<long>, c10::Allocator*, c10::DispatchKeySet, c10::ScalarType) | ??:?:at::detail::empty_strided_generic(c10::ArrayRef<long>, c10::ArrayRef<long>, c10::Allocator*, c10::DispatchKeySet, c10::ScalarType)"
active_allocated,3456544212,3.2191576547920704,CoLA,0,memlive_3b_cola_fsdp_offload,FSDP+offload,post_optimizer_step,unavailable
active_allocated,1489280000,1.3870000839233398,CoLA,0,memlive_3b_cola_fsdp_offload,FSDP+offload,post_optimizer_step,"??:?:torch::unwind::unwind() | ??:?:torch::CapturedTraceback::gather(bool, bool, bool) | memory_snapshot.cpp:?:torch::cuda::(anonymous namespace)::gather_with_cpp() | CUDACachingAllocator.cpp:?:c10::cuda::CUDACachingAllocator::Native::DeviceCachingAllocator::malloc(signed char, unsigned long, CUstream_st*) | ?:?:c10::cuda::CUDACachingAllocator::Native::NativeCachingAllocator::malloc(void**, signed char, unsigned long, CUstream_st*) | ?:?:c10::cuda::CUDACachingAllocator::Native::NativeCachingAllocator::allocate(unsigned long) | ??:?:at::native::resize_bytes_cuda(c10::StorageImpl*, unsigned long) | StorageMethods.cpp:?:THPStorage_resize_(_object*, _object*)"
active_allocated,67518477,0.06288148183375597,CoLA,0,memlive_3b_cola_fsdp_offload,FSDP+offload,post_optimizer_step,"??:?:torch::unwind::unwind() | ??:?:torch::CapturedTraceback::gather(bool, bool, bool) | memory_snapshot.cpp:?:torch::cuda::(anonymous namespace)::gather_with_cpp() | CUDACachingAllocator.cpp:?:c10::cuda::CUDACachingAllocator::Native::DeviceCachingAllocator::malloc(signed char, unsigned long, CUstream_st*) | ?:?:c10::cuda::CUDACachingAllocator::Native::NativeCachingAllocator::malloc(void**, signed char, unsigned long, CUstream_st*) | ?:?:c10::cuda::CUDACachingAllocator::Native::NativeCachingAllocator::allocate(unsigned long) | ?:?:at::TensorBase at::detail::_empty_generic<long>(c10::ArrayRef<long>, c10::Allocator*, c10::DispatchKeySet, c10::ScalarType, std::optional<c10::MemoryFormat>) | ??:?:at::detail::empty_generic(c10::ArrayRef<long>, c10::Allocator*, c10::DispatchKeySet, c10::ScalarType, std::optional<c10::MemoryFormat>)"
active_allocated,17039360,0.015869140625,CoLA,0,memlive_3b_cola_fsdp_offload,FSDP+offload,post_optimizer_step,"??:?:torch::unwind::unwind() | ??:?:torch::CapturedTraceback::gather(bool, bool, bool) | memory_snapshot.cpp:?:torch::cuda::(anonymous namespace)::gather_with_cpp() | CUDACachingAllocator.cpp:?:c10::cuda::CUDACachingAllocator::Native::DeviceCachingAllocator::malloc(signed char, unsigned long, CUstream_st*) | ?:?:c10::cuda::CUDACachingAllocator::Native::NativeCachingAllocator::malloc(void**, signed char, unsigned long, CUstream_st*) | ?:?:c10::cuda::CUDACachingAllocator::Native::NativeCachingAllocator::allocate(unsigned long) | ?:?:at::cuda::getNewWorkspace() | ??:?:at::cuda::getCurrentCUDABlasHandle()"
active_allocated,1077252,0.0010032691061496735,CoLA,0,memlive_3b_cola_fsdp_offload,FSDP+offload,post_optimizer_step,"??:?:torch::unwind::unwind() | ??:?:torch::CapturedTraceback::gather(bool, bool, bool) | memory_snapshot.cpp:?:torch::cuda::(anonymous namespace)::gather_with_cpp() | CUDACachingAllocator.cpp:?:c10::cuda::CUDACachingAllocator::Native::DeviceCachingAllocator::malloc(signed char, unsigned long, CUstream_st*) | ?:?:c10::cuda::CUDACachingAllocator::Native::NativeCachingAllocator::malloc(void**, signed char, unsigned long, CUstream_st*) | ?:?:c10::cuda::CUDACachingAllocator::Native::NativeCachingAllocator::allocate(unsigned long) | ?:?:at::TensorBase at::detail::_empty_strided_generic<c10::ArrayRef<long> >(c10::ArrayRef<long>, c10::ArrayRef<long>, c10::Allocator*, c10::DispatchKeySet, c10::ScalarType) | ??:?:at::detail::empty_strided_generic(c10::ArrayRef<long>, c10::ArrayRef<long>, c10::Allocator*, c10::DispatchKeySet, c10::ScalarType)"
active_allocated,3456544212,3.2191576547920704,CoLA,0,memlive_3b_cola_fsdp_offload,FSDP+offload,steady_state_after_iter_10,unavailable
active_allocated,1489280000,1.3870000839233398,CoLA,0,memlive_3b_cola_fsdp_offload,FSDP+offload,steady_state_after_iter_10,"??:?:torch::unwind::unwind() | ??:?:torch::CapturedTraceback::gather(bool, bool, bool) | memory_snapshot.cpp:?:torch::cuda::(anonymous namespace)::gather_with_cpp() | CUDACachingAllocator.cpp:?:c10::cuda::CUDACachingAllocator::Native::DeviceCachingAllocator::malloc(signed char, unsigned long, CUstream_st*) | ?:?:c10::cuda::CUDACachingAllocator::Native::NativeCachingAllocator::malloc(void**, signed char, unsigned long, CUstream_st*) | ?:?:c10::cuda::CUDACachingAllocator::Native::NativeCachingAllocator::allocate(unsigned long) | ??:?:at::native::resize_bytes_cuda(c10::StorageImpl*, unsigned long) | StorageMethods.cpp:?:THPStorage_resize_(_object*, _object*)"
active_allocated,67518469,0.06288147438317537,CoLA,0,memlive_3b_cola_fsdp_offload,FSDP+offload,steady_state_after_iter_10,"??:?:torch::unwind::unwind() | ??:?:torch::CapturedTraceback::gather(bool, bool, bool) | memory_snapshot.cpp:?:torch::cuda::(anonymous namespace)::gather_with_cpp() | CUDACachingAllocator.cpp:?:c10::cuda::CUDACachingAllocator::Native::DeviceCachingAllocator::malloc(signed char, unsigned long, CUstream_st*) | ?:?:c10::cuda::CUDACachingAllocator::Native::NativeCachingAllocator::malloc(void**, signed char, unsigned long, CUstream_st*) | ?:?:c10::cuda::CUDACachingAllocator::Native::NativeCachingAllocator::allocate(unsigned long) | ?:?:at::TensorBase at::detail::_empty_generic<long>(c10::ArrayRef<long>, c10::Allocator*, c10::DispatchKeySet, c10::ScalarType, std::optional<c10::MemoryFormat>) | ??:?:at::detail::empty_generic(c10::ArrayRef<long>, c10::Allocator*, c10::DispatchKeySet, c10::ScalarType, std::optional<c10::MemoryFormat>)"
active_allocated,17039360,0.015869140625,CoLA,0,memlive_3b_cola_fsdp_offload,FSDP+offload,steady_state_after_iter_10,"??:?:torch::unwind::unwind() | ??:?:torch::CapturedTraceback::gather(bool, bool, bool) | memory_snapshot.cpp:?:torch::cuda::(anonymous namespace)::gather_with_cpp() | CUDACachingAllocator.cpp:?:c10::cuda::CUDACachingAllocator::Native::DeviceCachingAllocator::malloc(signed char, unsigned long, CUstream_st*) | ?:?:c10::cuda::CUDACachingAllocator::Native::NativeCachingAllocator::malloc(void**, signed char, unsigned long, CUstream_st*) | ?:?:c10::cuda::CUDACachingAllocator::Native::NativeCachingAllocator::allocate(unsigned long) | ?:?:at::cuda::getNewWorkspace() | ??:?:at::cuda::getCurrentCUDABlasHandle()"
active_allocated,1077252,0.0010032691061496735,CoLA,0,memlive_3b_cola_fsdp_offload,FSDP+offload,steady_state_after_iter_10,"??:?:torch::unwind::unwind() | ??:?:torch::CapturedTraceback::gather(bool, bool, bool) | memory_snapshot.cpp:?:torch::cuda::(anonymous namespace)::gather_with_cpp() | CUDACachingAllocator.cpp:?:c10::cuda::CUDACachingAllocator::Native::DeviceCachingAllocator::malloc(signed char, unsigned long, CUstream_st*) | ?:?:c10::cuda::CUDACachingAllocator::Native::NativeCachingAllocator::malloc(void**, signed char, unsigned long, CUstream_st*) | ?:?:c10::cuda::CUDACachingAllocator::Native::NativeCachingAllocator::allocate(unsigned long) | ?:?:at::TensorBase at::detail::_empty_strided_generic<c10::ArrayRef<long> >(c10::ArrayRef<long>, c10::ArrayRef<long>, c10::Allocator*, c10::DispatchKeySet, c10::ScalarType) | ??:?:at::detail::empty_strided_generic(c10::ArrayRef<long>, c10::ArrayRef<long>, c10::Allocator*, c10::DispatchKeySet, c10::ScalarType)"
active_allocated,22250569816,20.722457967698574,FullRank,0,memlive_3b_fullrank_distopt,DistOpt,post_backward,unavailable
active_allocated,67518473,0.06288147810846567,FullRank,0,memlive_3b_fullrank_distopt,DistOpt,post_backward,"??:?:torch::unwind::unwind() | ??:?:torch::CapturedTraceback::gather(bool, bool, bool) | memory_snapshot.cpp:?:torch::cuda::(anonymous namespace)::gather_with_cpp() | CUDACachingAllocator.cpp:?:c10::cuda::CUDACachingAllocator::Native::DeviceCachingAllocator::malloc(signed char, unsigned long, CUstream_st*) | ?:?:c10::cuda::CUDACachingAllocator::Native::NativeCachingAllocator::malloc(void**, signed char, unsigned long, CUstream_st*) | ?:?:c10::cuda::CUDACachingAllocator::Native::NativeCachingAllocator::allocate(unsigned long) | ?:?:at::TensorBase at::detail::_empty_generic<long>(c10::ArrayRef<long>, c10::Allocator*, c10::DispatchKeySet, c10::ScalarType, std::optional<c10::MemoryFormat>) | ??:?:at::detail::empty_generic(c10::ArrayRef<long>, c10::Allocator*, c10::DispatchKeySet, c10::ScalarType, std::optional<c10::MemoryFormat>)"
active_allocated,17039360,0.015869140625,FullRank,0,memlive_3b_fullrank_distopt,DistOpt,post_backward,"??:?:torch::unwind::unwind() | ??:?:torch::CapturedTraceback::gather(bool, bool, bool) | memory_snapshot.cpp:?:torch::cuda::(anonymous namespace)::gather_with_cpp() | CUDACachingAllocator.cpp:?:c10::cuda::CUDACachingAllocator::Native::DeviceCachingAllocator::malloc(signed char, unsigned long, CUstream_st*) | ?:?:c10::cuda::CUDACachingAllocator::Native::NativeCachingAllocator::malloc(void**, signed char, unsigned long, CUstream_st*) | ?:?:c10::cuda::CUDACachingAllocator::Native::NativeCachingAllocator::allocate(unsigned long) | ?:?:at::cuda::getNewWorkspace() | ??:?:at::cuda::getCurrentCUDABlasHandle()"
active_allocated,1077248,0.001003265380859375,FullRank,0,memlive_3b_fullrank_distopt,DistOpt,post_backward,"??:?:torch::unwind::unwind() | ??:?:torch::CapturedTraceback::gather(bool, bool, bool) | memory_snapshot.cpp:?:torch::cuda::(anonymous namespace)::gather_with_cpp() | CUDACachingAllocator.cpp:?:c10::cuda::CUDACachingAllocator::Native::DeviceCachingAllocator::malloc(signed char, unsigned long, CUstream_st*) | ?:?:c10::cuda::CUDACachingAllocator::Native::NativeCachingAllocator::malloc(void**, signed char, unsigned long, CUstream_st*) | ?:?:c10::cuda::CUDACachingAllocator::Native::NativeCachingAllocator::allocate(unsigned long) | ?:?:at::TensorBase at::detail::_empty_strided_generic<c10::ArrayRef<long> >(c10::ArrayRef<long>, c10::ArrayRef<long>, c10::Allocator*, c10::DispatchKeySet, c10::ScalarType) | ??:?:at::detail::empty_strided_generic(c10::ArrayRef<long>, c10::ArrayRef<long>, c10::Allocator*, c10::DispatchKeySet, c10::ScalarType)"
active_allocated,22250569816,20.722457967698574,FullRank,0,memlive_3b_fullrank_distopt,DistOpt,post_backward,unavailable
active_allocated,6358382848,5.921705484390259,FullRank,0,memlive_3b_fullrank_distopt,DistOpt,post_backward,"??:?:torch::unwind::unwind() | ??:?:torch::CapturedTraceback::gather(bool, bool, bool) | memory_snapshot.cpp:?:torch::cuda::(anonymous namespace)::gather_with_cpp() | CUDACachingAllocator.cpp:?:c10::cuda::CUDACachingAllocator::Native::DeviceCachingAllocator::malloc(signed char, unsigned long, CUstream_st*) | ?:?:c10::cuda::CUDACachingAllocator::Native::NativeCachingAllocator::malloc(void**, signed char, unsigned long, CUstream_st*) | ?:?:c10::cuda::CUDACachingAllocator::Native::NativeCachingAllocator::allocate(unsigned long) | ?:?:at::TensorBase at::detail::_empty_strided_generic<c10::ArrayRef<long> >(c10::ArrayRef<long>, c10::ArrayRef<long>, c10::Allocator*, c10::DispatchKeySet, c10::ScalarType) | ??:?:at::detail::empty_strided_generic(c10::ArrayRef<long>, c10::ArrayRef<long>, c10::Allocator*, c10::DispatchKeySet, c10::ScalarType)"
active_allocated,67518481,0.06288148555904627,FullRank,0,memlive_3b_fullrank_distopt,DistOpt,post_backward,"??:?:torch::unwind::unwind() | ??:?:torch::CapturedTraceback::gather(bool, bool, bool) | memory_snapshot.cpp:?:torch::cuda::(anonymous namespace)::gather_with_cpp() | CUDACachingAllocator.cpp:?:c10::cuda::CUDACachingAllocator::Native::DeviceCachingAllocator::malloc(signed char, unsigned long, CUstream_st*) | ?:?:c10::cuda::CUDACachingAllocator::Native::NativeCachingAllocator::malloc(void**, signed char, unsigned long, CUstream_st*) | ?:?:c10::cuda::CUDACachingAllocator::Native::NativeCachingAllocator::allocate(unsigned long) | ?:?:at::TensorBase at::detail::_empty_generic<long>(c10::ArrayRef<long>, c10::Allocator*, c10::DispatchKeySet, c10::ScalarType, std::optional<c10::MemoryFormat>) | ??:?:at::detail::empty_generic(c10::ArrayRef<long>, c10::Allocator*, c10::DispatchKeySet, c10::ScalarType, std::optional<c10::MemoryFormat>)"
active_allocated,17039360,0.015869140625,FullRank,0,memlive_3b_fullrank_distopt,DistOpt,post_backward,"??:?:torch::unwind::unwind() | ??:?:torch::CapturedTraceback::gather(bool, bool, bool) | memory_snapshot.cpp:?:torch::cuda::(anonymous namespace)::gather_with_cpp() | CUDACachingAllocator.cpp:?:c10::cuda::CUDACachingAllocator::Native::DeviceCachingAllocator::malloc(signed char, unsigned long, CUstream_st*) | ?:?:c10::cuda::CUDACachingAllocator::Native::NativeCachingAllocator::malloc(void**, signed char, unsigned long, CUstream_st*) | ?:?:c10::cuda::CUDACachingAllocator::Native::NativeCachingAllocator::allocate(unsigned long) | ?:?:at::cuda::getNewWorkspace() | ??:?:at::cuda::getCurrentCUDABlasHandle()"
active_allocated,22250569816,20.722457967698574,FullRank,0,memlive_3b_fullrank_distopt,DistOpt,post_backward,unavailable
active_allocated,6358382852,5.921705488115549,FullRank,0,memlive_3b_fullrank_distopt,DistOpt,post_backward,"??:?:torch::unwind::unwind() | ??:?:torch::CapturedTraceback::gather(bool, bool, bool) | memory_snapshot.cpp:?:torch::cuda::(anonymous namespace)::gather_with_cpp() | CUDACachingAllocator.cpp:?:c10::cuda::CUDACachingAllocator::Native::DeviceCachingAllocator::malloc(signed char, unsigned long, CUstream_st*) | ?:?:c10::cuda::CUDACachingAllocator::Native::NativeCachingAllocator::malloc(void**, signed char, unsigned long, CUstream_st*) | ?:?:c10::cuda::CUDACachingAllocator::Native::NativeCachingAllocator::allocate(unsigned long) | ?:?:at::TensorBase at::detail::_empty_strided_generic<c10::ArrayRef<long> >(c10::ArrayRef<long>, c10::ArrayRef<long>, c10::Allocator*, c10::DispatchKeySet, c10::ScalarType) | ??:?:at::detail::empty_strided_generic(c10::ArrayRef<long>, c10::ArrayRef<long>, c10::Allocator*, c10::DispatchKeySet, c10::ScalarType)"
active_allocated,67518477,0.06288148183375597,FullRank,0,memlive_3b_fullrank_distopt,DistOpt,post_backward,"??:?:torch::unwind::unwind() | ??:?:torch::CapturedTraceback::gather(bool, bool, bool) | memory_snapshot.cpp:?:torch::cuda::(anonymous namespace)::gather_with_cpp() | CUDACachingAllocator.cpp:?:c10::cuda::CUDACachingAllocator::Native::DeviceCachingAllocator::malloc(signed char, unsigned long, CUstream_st*) | ?:?:c10::cuda::CUDACachingAllocator::Native::NativeCachingAllocator::malloc(void**, signed char, unsigned long, CUstream_st*) | ?:?:c10::cuda::CUDACachingAllocator::Native::NativeCachingAllocator::allocate(unsigned long) | ?:?:at::TensorBase at::detail::_empty_generic<long>(c10::ArrayRef<long>, c10::Allocator*, c10::DispatchKeySet, c10::ScalarType, std::optional<c10::MemoryFormat>) | ??:?:at::detail::empty_generic(c10::ArrayRef<long>, c10::Allocator*, c10::DispatchKeySet, c10::ScalarType, std::optional<c10::MemoryFormat>)"
active_allocated,17039360,0.015869140625,FullRank,0,memlive_3b_fullrank_distopt,DistOpt,post_backward,"??:?:torch::unwind::unwind() | ??:?:torch::CapturedTraceback::gather(bool, bool, bool) | memory_snapshot.cpp:?:torch::cuda::(anonymous namespace)::gather_with_cpp() | CUDACachingAllocator.cpp:?:c10::cuda::CUDACachingAllocator::Native::DeviceCachingAllocator::malloc(signed char, unsigned long, CUstream_st*) | ?:?:c10::cuda::CUDACachingAllocator::Native::NativeCachingAllocator::malloc(void**, signed char, unsigned long, CUstream_st*) | ?:?:c10::cuda::CUDACachingAllocator::Native::NativeCachingAllocator::allocate(unsigned long) | ?:?:at::cuda::getNewWorkspace() | ??:?:at::cuda::getCurrentCUDABlasHandle()"
active_allocated,22250569816,20.722457967698574,FullRank,0,memlive_3b_fullrank_distopt,DistOpt,post_backward,unavailable
active_allocated,6358382852,5.921705488115549,FullRank,0,memlive_3b_fullrank_distopt,DistOpt,post_backward,"??:?:torch::unwind::unwind() | ??:?:torch::CapturedTraceback::gather(bool, bool, bool) | memory_snapshot.cpp:?:torch::cuda::(anonymous namespace)::gather_with_cpp() | CUDACachingAllocator.cpp:?:c10::cuda::CUDACachingAllocator::Native::DeviceCachingAllocator::malloc(signed char, unsigned long, CUstream_st*) | ?:?:c10::cuda::CUDACachingAllocator::Native::NativeCachingAllocator::malloc(void**, signed char, unsigned long, CUstream_st*) | ?:?:c10::cuda::CUDACachingAllocator::Native::NativeCachingAllocator::allocate(unsigned long) | ?:?:at::TensorBase at::detail::_empty_strided_generic<c10::ArrayRef<long> >(c10::ArrayRef<long>, c10::ArrayRef<long>, c10::Allocator*, c10::DispatchKeySet, c10::ScalarType) | ??:?:at::detail::empty_strided_generic(c10::ArrayRef<long>, c10::ArrayRef<long>, c10::Allocator*, c10::DispatchKeySet, c10::ScalarType)"
active_allocated,67518477,0.06288148183375597,FullRank,0,memlive_3b_fullrank_distopt,DistOpt,post_backward,"??:?:torch::unwind::unwind() | ??:?:torch::CapturedTraceback::gather(bool, bool, bool) | memory_snapshot.cpp:?:torch::cuda::(anonymous namespace)::gather_with_cpp() | CUDACachingAllocator.cpp:?:c10::cuda::CUDACachingAllocator::Native::DeviceCachingAllocator::malloc(signed char, unsigned long, CUstream_st*) | ?:?:c10::cuda::CUDACachingAllocator::Native::NativeCachingAllocator::malloc(void**, signed char, unsigned long, CUstream_st*) | ?:?:c10::cuda::CUDACachingAllocator::Native::NativeCachingAllocator::allocate(unsigned long) | ?:?:at::TensorBase at::detail::_empty_generic<long>(c10::ArrayRef<long>, c10::Allocator*, c10::DispatchKeySet, c10::ScalarType, std::optional<c10::MemoryFormat>) | ??:?:at::detail::empty_generic(c10::ArrayRef<long>, c10::Allocator*, c10::DispatchKeySet, c10::ScalarType, std::optional<c10::MemoryFormat>)"
active_allocated,17039360,0.015869140625,FullRank,0,memlive_3b_fullrank_distopt,DistOpt,post_backward,"??:?:torch::unwind::unwind() | ??:?:torch::CapturedTraceback::gather(bool, bool, bool) | memory_snapshot.cpp:?:torch::cuda::(anonymous namespace)::gather_with_cpp() | CUDACachingAllocator.cpp:?:c10::cuda::CUDACachingAllocator::Native::DeviceCachingAllocator::malloc(signed char, unsigned long, CUstream_st*) | ?:?:c10::cuda::CUDACachingAllocator::Native::NativeCachingAllocator::malloc(void**, signed char, unsigned long, CUstream_st*) | ?:?:c10::cuda::CUDACachingAllocator::Native::NativeCachingAllocator::allocate(unsigned long) | ?:?:at::cuda::getNewWorkspace() | ??:?:at::cuda::getCurrentCUDABlasHandle()"
active_allocated,22250569816,20.722457967698574,FullRank,0,memlive_3b_fullrank_distopt,DistOpt,post_backward,unavailable
active_allocated,6358382852,5.921705488115549,FullRank,0,memlive_3b_fullrank_distopt,DistOpt,post_backward,"??:?:torch::unwind::unwind() | ??:?:torch::CapturedTraceback::gather(bool, bool, bool) | memory_snapshot.cpp:?:torch::cuda::(anonymous namespace)::gather_with_cpp() | CUDACachingAllocator.cpp:?:c10::cuda::CUDACachingAllocator::Native::DeviceCachingAllocator::malloc(signed char, unsigned long, CUstream_st*) | ?:?:c10::cuda::CUDACachingAllocator::Native::NativeCachingAllocator::malloc(void**, signed char, unsigned long, CUstream_st*) | ?:?:c10::cuda::CUDACachingAllocator::Native::NativeCachingAllocator::allocate(unsigned long) | ?:?:at::TensorBase at::detail::_empty_strided_generic<c10::ArrayRef<long> >(c10::ArrayRef<long>, c10::ArrayRef<long>, c10::Allocator*, c10::DispatchKeySet, c10::ScalarType) | ??:?:at::detail::empty_strided_generic(c10::ArrayRef<long>, c10::ArrayRef<long>, c10::Allocator*, c10::DispatchKeySet, c10::ScalarType)"
active_allocated,67518477,0.06288148183375597,FullRank,0,memlive_3b_fullrank_distopt,DistOpt,post_backward,"??:?:torch::unwind::unwind() | ??:?:torch::CapturedTraceback::gather(bool, bool, bool) | memory_snapshot.cpp:?:torch::cuda::(anonymous namespace)::gather_with_cpp() | CUDACachingAllocator.cpp:?:c10::cuda::CUDACachingAllocator::Native::DeviceCachingAllocator::malloc(signed char, unsigned long, CUstream_st*) | ?:?:c10::cuda::CUDACachingAllocator::Native::NativeCachingAllocator::malloc(void**, signed char, unsigned long, CUstream_st*) | ?:?:c10::cuda::CUDACachingAllocator::Native::NativeCachingAllocator::allocate(unsigned long) | ?:?:at::TensorBase at::detail::_empty_generic<long>(c10::ArrayRef<long>, c10::Allocator*, c10::DispatchKeySet, c10::ScalarType, std::optional<c10::MemoryFormat>) | ??:?:at::detail::empty_generic(c10::ArrayRef<long>, c10::Allocator*, c10::DispatchKeySet, c10::ScalarType, std::optional<c10::MemoryFormat>)"
active_allocated,17039360,0.015869140625,FullRank,0,memlive_3b_fullrank_distopt,DistOpt,post_backward,"??:?:torch::unwind::unwind() | ??:?:torch::CapturedTraceback::gather(bool, bool, bool) | memory_snapshot.cpp:?:torch::cuda::(anonymous namespace)::gather_with_cpp() | CUDACachingAllocator.cpp:?:c10::cuda::CUDACachingAllocator::Native::DeviceCachingAllocator::malloc(signed char, unsigned long, CUstream_st*) | ?:?:c10::cuda::CUDACachingAllocator::Native::NativeCachingAllocator::malloc(void**, signed char, unsigned long, CUstream_st*) | ?:?:c10::cuda::CUDACachingAllocator::Native::NativeCachingAllocator::allocate(unsigned long) | ?:?:at::cuda::getNewWorkspace() | ??:?:at::cuda::getCurrentCUDABlasHandle()"
active_allocated,22250569816,20.722457967698574,FullRank,0,memlive_3b_fullrank_distopt,DistOpt,post_backward,unavailable
active_allocated,6358382852,5.921705488115549,FullRank,0,memlive_3b_fullrank_distopt,DistOpt,post_backward,"??:?:torch::unwind::unwind() | ??:?:torch::CapturedTraceback::gather(bool, bool, bool) | memory_snapshot.cpp:?:torch::cuda::(anonymous namespace)::gather_with_cpp() | CUDACachingAllocator.cpp:?:c10::cuda::CUDACachingAllocator::Native::DeviceCachingAllocator::malloc(signed char, unsigned long, CUstream_st*) | ?:?:c10::cuda::CUDACachingAllocator::Native::NativeCachingAllocator::malloc(void**, signed char, unsigned long, CUstream_st*) | ?:?:c10::cuda::CUDACachingAllocator::Native::NativeCachingAllocator::allocate(unsigned long) | ?:?:at::TensorBase at::detail::_empty_strided_generic<c10::ArrayRef<long> >(c10::ArrayRef<long>, c10::ArrayRef<long>, c10::Allocator*, c10::DispatchKeySet, c10::ScalarType) | ??:?:at::detail::empty_strided_generic(c10::ArrayRef<long>, c10::ArrayRef<long>, c10::Allocator*, c10::DispatchKeySet, c10::ScalarType)"
active_allocated,67518477,0.06288148183375597,FullRank,0,memlive_3b_fullrank_distopt,DistOpt,post_backward,"??:?:torch::unwind::unwind() | ??:?:torch::CapturedTraceback::gather(bool, bool, bool) | memory_snapshot.cpp:?:torch::cuda::(anonymous namespace)::gather_with_cpp() | CUDACachingAllocator.cpp:?:c10::cuda::CUDACachingAllocator::Native::DeviceCachingAllocator::malloc(signed char, unsigned long, CUstream_st*) | ?:?:c10::cuda::CUDACachingAllocator::Native::NativeCachingAllocator::malloc(void**, signed char, unsigned long, CUstream_st*) | ?:?:c10::cuda::CUDACachingAllocator::Native::NativeCachingAllocator::allocate(unsigned long) | ?:?:at::TensorBase at::detail::_empty_generic<long>(c10::ArrayRef<long>, c10::Allocator*, c10::DispatchKeySet, c10::ScalarType, std::optional<c10::MemoryFormat>) | ??:?:at::detail::empty_generic(c10::ArrayRef<long>, c10::Allocator*, c10::DispatchKeySet, c10::ScalarType, std::optional<c10::MemoryFormat>)"
active_allocated,17039360,0.015869140625,FullRank,0,memlive_3b_fullrank_distopt,DistOpt,post_backward,"??:?:torch::unwind::unwind() | ??:?:torch::CapturedTraceback::gather(bool, bool, bool) | memory_snapshot.cpp:?:torch::cuda::(anonymous namespace)::gather_with_cpp() | CUDACachingAllocator.cpp:?:c10::cuda::CUDACachingAllocator::Native::DeviceCachingAllocator::malloc(signed char, unsigned long, CUstream_st*) | ?:?:c10::cuda::CUDACachingAllocator::Native::NativeCachingAllocator::malloc(void**, signed char, unsigned long, CUstream_st*) | ?:?:c10::cuda::CUDACachingAllocator::Native::NativeCachingAllocator::allocate(unsigned long) | ?:?:at::cuda::getNewWorkspace() | ??:?:at::cuda::getCurrentCUDABlasHandle()"
active_allocated,22250569816,20.722457967698574,FullRank,0,memlive_3b_fullrank_distopt,DistOpt,post_backward,unavailable
active_allocated,6358382852,5.921705488115549,FullRank,0,memlive_3b_fullrank_distopt,DistOpt,post_backward,"??:?:torch::unwind::unwind() | ??:?:torch::CapturedTraceback::gather(bool, bool, bool) | memory_snapshot.cpp:?:torch::cuda::(anonymous namespace)::gather_with_cpp() | CUDACachingAllocator.cpp:?:c10::cuda::CUDACachingAllocator::Native::DeviceCachingAllocator::malloc(signed char, unsigned long, CUstream_st*) | ?:?:c10::cuda::CUDACachingAllocator::Native::NativeCachingAllocator::malloc(void**, signed char, unsigned long, CUstream_st*) | ?:?:c10::cuda::CUDACachingAllocator::Native::NativeCachingAllocator::allocate(unsigned long) | ?:?:at::TensorBase at::detail::_empty_strided_generic<c10::ArrayRef<long> >(c10::ArrayRef<long>, c10::ArrayRef<long>, c10::Allocator*, c10::DispatchKeySet, c10::ScalarType) | ??:?:at::detail::empty_strided_generic(c10::ArrayRef<long>, c10::ArrayRef<long>, c10::Allocator*, c10::DispatchKeySet, c10::ScalarType)"
active_allocated,67518477,0.06288148183375597,FullRank,0,memlive_3b_fullrank_distopt,DistOpt,post_backward,"??:?:torch::unwind::unwind() | ??:?:torch::CapturedTraceback::gather(bool, bool, bool) | memory_snapshot.cpp:?:torch::cuda::(anonymous namespace)::gather_with_cpp() | CUDACachingAllocator.cpp:?:c10::cuda::CUDACachingAllocator::Native::DeviceCachingAllocator::malloc(signed char, unsigned long, CUstream_st*) | ?:?:c10::cuda::CUDACachingAllocator::Native::NativeCachingAllocator::malloc(void**, signed char, unsigned long, CUstream_st*) | ?:?:c10::cuda::CUDACachingAllocator::Native::NativeCachingAllocator::allocate(unsigned long) | ?:?:at::TensorBase at::detail::_empty_generic<long>(c10::ArrayRef<long>, c10::Allocator*, c10::DispatchKeySet, c10::ScalarType, std::optional<c10::MemoryFormat>) | ??:?:at::detail::empty_generic(c10::ArrayRef<long>, c10::Allocator*, c10::DispatchKeySet, c10::ScalarType, std::optional<c10::MemoryFormat>)"
active_allocated,17039360,0.015869140625,FullRank,0,memlive_3b_fullrank_distopt,DistOpt,post_backward,"??:?:torch::unwind::unwind() | ??:?:torch::CapturedTraceback::gather(bool, bool, bool) | memory_snapshot.cpp:?:torch::cuda::(anonymous namespace)::gather_with_cpp() | CUDACachingAllocator.cpp:?:c10::cuda::CUDACachingAllocator::Native::DeviceCachingAllocator::malloc(signed char, unsigned long, CUstream_st*) | ?:?:c10::cuda::CUDACachingAllocator::Native::NativeCachingAllocator::malloc(void**, signed char, unsigned long, CUstream_st*) | ?:?:c10::cuda::CUDACachingAllocator::Native::NativeCachingAllocator::allocate(unsigned long) | ?:?:at::cuda::getNewWorkspace() | ??:?:at::cuda::getCurrentCUDABlasHandle()"
active_allocated,22250569816,20.722457967698574,FullRank,0,memlive_3b_fullrank_distopt,DistOpt,post_backward,unavailable
active_allocated,6358382852,5.921705488115549,FullRank,0,memlive_3b_fullrank_distopt,DistOpt,post_backward,"??:?:torch::unwind::unwind() | ??:?:torch::CapturedTraceback::gather(bool, bool, bool) | memory_snapshot.cpp:?:torch::cuda::(anonymous namespace)::gather_with_cpp() | CUDACachingAllocator.cpp:?:c10::cuda::CUDACachingAllocator::Native::DeviceCachingAllocator::malloc(signed char, unsigned long, CUstream_st*) | ?:?:c10::cuda::CUDACachingAllocator::Native::NativeCachingAllocator::malloc(void**, signed char, unsigned long, CUstream_st*) | ?:?:c10::cuda::CUDACachingAllocator::Native::NativeCachingAllocator::allocate(unsigned long) | ?:?:at::TensorBase at::detail::_empty_strided_generic<c10::ArrayRef<long> >(c10::ArrayRef<long>, c10::ArrayRef<long>, c10::Allocator*, c10::DispatchKeySet, c10::ScalarType) | ??:?:at::detail::empty_strided_generic(c10::ArrayRef<long>, c10::ArrayRef<long>, c10::Allocator*, c10::DispatchKeySet, c10::ScalarType)"
active_allocated,67518477,0.06288148183375597,FullRank,0,memlive_3b_fullrank_distopt,DistOpt,post_backward,"??:?:torch::unwind::unwind() | ??:?:torch::CapturedTraceback::gather(bool, bool, bool) | memory_snapshot.cpp:?:torch::cuda::(anonymous namespace)::gather_with_cpp() | CUDACachingAllocator.cpp:?:c10::cuda::CUDACachingAllocator::Native::DeviceCachingAllocator::malloc(signed char, unsigned long, CUstream_st*) | ?:?:c10::cuda::CUDACachingAllocator::Native::NativeCachingAllocator::malloc(void**, signed char, unsigned long, CUstream_st*) | ?:?:c10::cuda::CUDACachingAllocator::Native::NativeCachingAllocator::allocate(unsigned long) | ?:?:at::TensorBase at::detail::_empty_generic<long>(c10::ArrayRef<long>, c10::Allocator*, c10::DispatchKeySet, c10::ScalarType, std::optional<c10::MemoryFormat>) | ??:?:at::detail::empty_generic(c10::ArrayRef<long>, c10::Allocator*, c10::DispatchKeySet, c10::ScalarType, std::optional<c10::MemoryFormat>)"
active_allocated,17039360,0.015869140625,FullRank,0,memlive_3b_fullrank_distopt,DistOpt,post_backward,"??:?:torch::unwind::unwind() | ??:?:torch::CapturedTraceback::gather(bool, bool, bool) | memory_snapshot.cpp:?:torch::cuda::(anonymous namespace)::gather_with_cpp() | CUDACachingAllocator.cpp:?:c10::cuda::CUDACachingAllocator::Native::DeviceCachingAllocator::malloc(signed char, unsigned long, CUstream_st*) | ?:?:c10::cuda::CUDACachingAllocator::Native::NativeCachingAllocator::malloc(void**, signed char, unsigned long, CUstream_st*) | ?:?:c10::cuda::CUDACachingAllocator::Native::NativeCachingAllocator::allocate(unsigned long) | ?:?:at::cuda::getNewWorkspace() | ??:?:at::cuda::getCurrentCUDABlasHandle()"
active_allocated,22250569816,20.722457967698574,FullRank,0,memlive_3b_fullrank_distopt,DistOpt,post_backward,unavailable
active_allocated,6358382852,5.921705488115549,FullRank,0,memlive_3b_fullrank_distopt,DistOpt,post_backward,"??:?:torch::unwind::unwind() | ??:?:torch::CapturedTraceback::gather(bool, bool, bool) | memory_snapshot.cpp:?:torch::cuda::(anonymous namespace)::gather_with_cpp() | CUDACachingAllocator.cpp:?:c10::cuda::CUDACachingAllocator::Native::DeviceCachingAllocator::malloc(signed char, unsigned long, CUstream_st*) | ?:?:c10::cuda::CUDACachingAllocator::Native::NativeCachingAllocator::malloc(void**, signed char, unsigned long, CUstream_st*) | ?:?:c10::cuda::CUDACachingAllocator::Native::NativeCachingAllocator::allocate(unsigned long) | ?:?:at::TensorBase at::detail::_empty_strided_generic<c10::ArrayRef<long> >(c10::ArrayRef<long>, c10::ArrayRef<long>, c10::Allocator*, c10::DispatchKeySet, c10::ScalarType) | ??:?:at::detail::empty_strided_generic(c10::ArrayRef<long>, c10::ArrayRef<long>, c10::Allocator*, c10::DispatchKeySet, c10::ScalarType)"
active_allocated,67518477,0.06288148183375597,FullRank,0,memlive_3b_fullrank_distopt,DistOpt,post_backward,"??:?:torch::unwind::unwind() | ??:?:torch::CapturedTraceback::gather(bool, bool, bool) | memory_snapshot.cpp:?:torch::cuda::(anonymous namespace)::gather_with_cpp() | CUDACachingAllocator.cpp:?:c10::cuda::CUDACachingAllocator::Native::DeviceCachingAllocator::malloc(signed char, unsigned long, CUstream_st*) | ?:?:c10::cuda::CUDACachingAllocator::Native::NativeCachingAllocator::malloc(void**, signed char, unsigned long, CUstream_st*) | ?:?:c10::cuda::CUDACachingAllocator::Native::NativeCachingAllocator::allocate(unsigned long) | ?:?:at::TensorBase at::detail::_empty_generic<long>(c10::ArrayRef<long>, c10::Allocator*, c10::DispatchKeySet, c10::ScalarType, std::optional<c10::MemoryFormat>) | ??:?:at::detail::empty_generic(c10::ArrayRef<long>, c10::Allocator*, c10::DispatchKeySet, c10::ScalarType, std::optional<c10::MemoryFormat>)"
active_allocated,17039360,0.015869140625,FullRank,0,memlive_3b_fullrank_distopt,DistOpt,post_backward,"??:?:torch::unwind::unwind() | ??:?:torch::CapturedTraceback::gather(bool, bool, bool) | memory_snapshot.cpp:?:torch::cuda::(anonymous namespace)::gather_with_cpp() | CUDACachingAllocator.cpp:?:c10::cuda::CUDACachingAllocator::Native::DeviceCachingAllocator::malloc(signed char, unsigned long, CUstream_st*) | ?:?:c10::cuda::CUDACachingAllocator::Native::NativeCachingAllocator::malloc(void**, signed char, unsigned long, CUstream_st*) | ?:?:c10::cuda::CUDACachingAllocator::Native::NativeCachingAllocator::allocate(unsigned long) | ?:?:at::cuda::getNewWorkspace() | ??:?:at::cuda::getCurrentCUDABlasHandle()"
active_allocated,22250569816,20.722457967698574,FullRank,0,memlive_3b_fullrank_distopt,DistOpt,post_backward,unavailable
active_allocated,6358382852,5.921705488115549,FullRank,0,memlive_3b_fullrank_distopt,DistOpt,post_backward,"??:?:torch::unwind::unwind() | ??:?:torch::CapturedTraceback::gather(bool, bool, bool) | memory_snapshot.cpp:?:torch::cuda::(anonymous namespace)::gather_with_cpp() | CUDACachingAllocator.cpp:?:c10::cuda::CUDACachingAllocator::Native::DeviceCachingAllocator::malloc(signed char, unsigned long, CUstream_st*) | ?:?:c10::cuda::CUDACachingAllocator::Native::NativeCachingAllocator::malloc(void**, signed char, unsigned long, CUstream_st*) | ?:?:c10::cuda::CUDACachingAllocator::Native::NativeCachingAllocator::allocate(unsigned long) | ?:?:at::TensorBase at::detail::_empty_strided_generic<c10::ArrayRef<long> >(c10::ArrayRef<long>, c10::ArrayRef<long>, c10::Allocator*, c10::DispatchKeySet, c10::ScalarType) | ??:?:at::detail::empty_strided_generic(c10::ArrayRef<long>, c10::ArrayRef<long>, c10::Allocator*, c10::DispatchKeySet, c10::ScalarType)"
active_allocated,67518477,0.06288148183375597,FullRank,0,memlive_3b_fullrank_distopt,DistOpt,post_backward,"??:?:torch::unwind::unwind() | ??:?:torch::CapturedTraceback::gather(bool, bool, bool) | memory_snapshot.cpp:?:torch::cuda::(anonymous namespace)::gather_with_cpp() | CUDACachingAllocator.cpp:?:c10::cuda::CUDACachingAllocator::Native::DeviceCachingAllocator::malloc(signed char, unsigned long, CUstream_st*) | ?:?:c10::cuda::CUDACachingAllocator::Native::NativeCachingAllocator::malloc(void**, signed char, unsigned long, CUstream_st*) | ?:?:c10::cuda::CUDACachingAllocator::Native::NativeCachingAllocator::allocate(unsigned long) | ?:?:at::TensorBase at::detail::_empty_generic<long>(c10::ArrayRef<long>, c10::Allocator*, c10::DispatchKeySet, c10::ScalarType, std::optional<c10::MemoryFormat>) | ??:?:at::detail::empty_generic(c10::ArrayRef<long>, c10::Allocator*, c10::DispatchKeySet, c10::ScalarType, std::optional<c10::MemoryFormat>)"
active_allocated,17039360,0.015869140625,FullRank,0,memlive_3b_fullrank_distopt,DistOpt,post_backward,"??:?:torch::unwind::unwind() | ??:?:torch::CapturedTraceback::gather(bool, bool, bool) | memory_snapshot.cpp:?:torch::cuda::(anonymous namespace)::gather_with_cpp() | CUDACachingAllocator.cpp:?:c10::cuda::CUDACachingAllocator::Native::DeviceCachingAllocator::malloc(signed char, unsigned long, CUstream_st*) | ?:?:c10::cuda::CUDACachingAllocator::Native::NativeCachingAllocator::malloc(void**, signed char, unsigned long, CUstream_st*) | ?:?:c10::cuda::CUDACachingAllocator::Native::NativeCachingAllocator::allocate(unsigned long) | ?:?:at::cuda::getNewWorkspace() | ??:?:at::cuda::getCurrentCUDABlasHandle()"
active_allocated,22250569816,20.722457967698574,FullRank,0,memlive_3b_fullrank_distopt,DistOpt,post_backward,unavailable
active_allocated,6358382852,5.921705488115549,FullRank,0,memlive_3b_fullrank_distopt,DistOpt,post_backward,"??:?:torch::unwind::unwind() | ??:?:torch::CapturedTraceback::gather(bool, bool, bool) | memory_snapshot.cpp:?:torch::cuda::(anonymous namespace)::gather_with_cpp() | CUDACachingAllocator.cpp:?:c10::cuda::CUDACachingAllocator::Native::DeviceCachingAllocator::malloc(signed char, unsigned long, CUstream_st*) | ?:?:c10::cuda::CUDACachingAllocator::Native::NativeCachingAllocator::malloc(void**, signed char, unsigned long, CUstream_st*) | ?:?:c10::cuda::CUDACachingAllocator::Native::NativeCachingAllocator::allocate(unsigned long) | ?:?:at::TensorBase at::detail::_empty_strided_generic<c10::ArrayRef<long> >(c10::ArrayRef<long>, c10::ArrayRef<long>, c10::Allocator*, c10::DispatchKeySet, c10::ScalarType) | ??:?:at::detail::empty_strided_generic(c10::ArrayRef<long>, c10::ArrayRef<long>, c10::Allocator*, c10::DispatchKeySet, c10::ScalarType)"
active_allocated,67518477,0.06288148183375597,FullRank,0,memlive_3b_fullrank_distopt,DistOpt,post_backward,"??:?:torch::unwind::unwind() | ??:?:torch::CapturedTraceback::gather(bool, bool, bool) | memory_snapshot.cpp:?:torch::cuda::(anonymous namespace)::gather_with_cpp() | CUDACachingAllocator.cpp:?:c10::cuda::CUDACachingAllocator::Native::DeviceCachingAllocator::malloc(signed char, unsigned long, CUstream_st*) | ?:?:c10::cuda::CUDACachingAllocator::Native::NativeCachingAllocator::malloc(void**, signed char, unsigned long, CUstream_st*) | ?:?:c10::cuda::CUDACachingAllocator::Native::NativeCachingAllocator::allocate(unsigned long) | ?:?:at::TensorBase at::detail::_empty_generic<long>(c10::ArrayRef<long>, c10::Allocator*, c10::DispatchKeySet, c10::ScalarType, std::optional<c10::MemoryFormat>) | ??:?:at::detail::empty_generic(c10::ArrayRef<long>, c10::Allocator*, c10::DispatchKeySet, c10::ScalarType, std::optional<c10::MemoryFormat>)"
active_allocated,17039360,0.015869140625,FullRank,0,memlive_3b_fullrank_distopt,DistOpt,post_backward,"??:?:torch::unwind::unwind() | ??:?:torch::CapturedTraceback::gather(bool, bool, bool) | memory_snapshot.cpp:?:torch::cuda::(anonymous namespace)::gather_with_cpp() | CUDACachingAllocator.cpp:?:c10::cuda::CUDACachingAllocator::Native::DeviceCachingAllocator::malloc(signed char, unsigned long, CUstream_st*) | ?:?:c10::cuda::CUDACachingAllocator::Native::NativeCachingAllocator::malloc(void**, signed char, unsigned long, CUstream_st*) | ?:?:c10::cuda::CUDACachingAllocator::Native::NativeCachingAllocator::allocate(unsigned long) | ?:?:at::cuda::getNewWorkspace() | ??:?:at::cuda::getCurrentCUDABlasHandle()"
active_allocated,22250569816,20.722457967698574,FullRank,0,memlive_3b_fullrank_distopt,DistOpt,post_backward,unavailable
active_allocated,6358382852,5.921705488115549,FullRank,0,memlive_3b_fullrank_distopt,DistOpt,post_backward,"??:?:torch::unwind::unwind() | ??:?:torch::CapturedTraceback::gather(bool, bool, bool) | memory_snapshot.cpp:?:torch::cuda::(anonymous namespace)::gather_with_cpp() | CUDACachingAllocator.cpp:?:c10::cuda::CUDACachingAllocator::Native::DeviceCachingAllocator::malloc(signed char, unsigned long, CUstream_st*) | ?:?:c10::cuda::CUDACachingAllocator::Native::NativeCachingAllocator::malloc(void**, signed char, unsigned long, CUstream_st*) | ?:?:c10::cuda::CUDACachingAllocator::Native::NativeCachingAllocator::allocate(unsigned long) | ?:?:at::TensorBase at::detail::_empty_strided_generic<c10::ArrayRef<long> >(c10::ArrayRef<long>, c10::ArrayRef<long>, c10::Allocator*, c10::DispatchKeySet, c10::ScalarType) | ??:?:at::detail::empty_strided_generic(c10::ArrayRef<long>, c10::ArrayRef<long>, c10::Allocator*, c10::DispatchKeySet, c10::ScalarType)"
active_allocated,67518477,0.06288148183375597,FullRank,0,memlive_3b_fullrank_distopt,DistOpt,post_backward,"??:?:torch::unwind::unwind() | ??:?:torch::CapturedTraceback::gather(bool, bool, bool) | memory_snapshot.cpp:?:torch::cuda::(anonymous namespace)::gather_with_cpp() | CUDACachingAllocator.cpp:?:c10::cuda::CUDACachingAllocator::Native::DeviceCachingAllocator::malloc(signed char, unsigned long, CUstream_st*) | ?:?:c10::cuda::CUDACachingAllocator::Native::NativeCachingAllocator::malloc(void**, signed char, unsigned long, CUstream_st*) | ?:?:c10::cuda::CUDACachingAllocator::Native::NativeCachingAllocator::allocate(unsigned long) | ?:?:at::TensorBase at::detail::_empty_generic<long>(c10::ArrayRef<long>, c10::Allocator*, c10::DispatchKeySet, c10::ScalarType, std::optional<c10::MemoryFormat>) | ??:?:at::detail::empty_generic(c10::ArrayRef<long>, c10::Allocator*, c10::DispatchKeySet, c10::ScalarType, std::optional<c10::MemoryFormat>)"
active_allocated,17039360,0.015869140625,FullRank,0,memlive_3b_fullrank_distopt,DistOpt,post_backward,"??:?:torch::unwind::unwind() | ??:?:torch::CapturedTraceback::gather(bool, bool, bool) | memory_snapshot.cpp:?:torch::cuda::(anonymous namespace)::gather_with_cpp() | CUDACachingAllocator.cpp:?:c10::cuda::CUDACachingAllocator::Native::DeviceCachingAllocator::malloc(signed char, unsigned long, CUstream_st*) | ?:?:c10::cuda::CUDACachingAllocator::Native::NativeCachingAllocator::malloc(void**, signed char, unsigned long, CUstream_st*) | ?:?:c10::cuda::CUDACachingAllocator::Native::NativeCachingAllocator::allocate(unsigned long) | ?:?:at::cuda::getNewWorkspace() | ??:?:at::cuda::getCurrentCUDABlasHandle()"
active_allocated,22250569817,20.722457968629897,FullRank,0,memlive_3b_fullrank_distopt,DistOpt,post_init,unavailable
active_allocated,22250569816,20.722457967698574,FullRank,0,memlive_3b_fullrank_distopt,DistOpt,post_optimizer_step,unavailable
active_allocated,6358382848,5.921705484390259,FullRank,0,memlive_3b_fullrank_distopt,DistOpt,post_optimizer_step,"??:?:torch::unwind::unwind() | ??:?:torch::CapturedTraceback::gather(bool, bool, bool) | memory_snapshot.cpp:?:torch::cuda::(anonymous namespace)::gather_with_cpp() | CUDACachingAllocator.cpp:?:c10::cuda::CUDACachingAllocator::Native::DeviceCachingAllocator::malloc(signed char, unsigned long, CUstream_st*) | ?:?:c10::cuda::CUDACachingAllocator::Native::NativeCachingAllocator::malloc(void**, signed char, unsigned long, CUstream_st*) | ?:?:c10::cuda::CUDACachingAllocator::Native::NativeCachingAllocator::allocate(unsigned long) | ?:?:at::TensorBase at::detail::_empty_strided_generic<c10::ArrayRef<long> >(c10::ArrayRef<long>, c10::ArrayRef<long>, c10::Allocator*, c10::DispatchKeySet, c10::ScalarType) | ??:?:at::detail::empty_strided_generic(c10::ArrayRef<long>, c10::ArrayRef<long>, c10::Allocator*, c10::DispatchKeySet, c10::ScalarType)"
active_allocated,67518473,0.06288147810846567,FullRank,0,memlive_3b_fullrank_distopt,DistOpt,post_optimizer_step,"??:?:torch::unwind::unwind() | ??:?:torch::CapturedTraceback::gather(bool, bool, bool) | memory_snapshot.cpp:?:torch::cuda::(anonymous namespace)::gather_with_cpp() | CUDACachingAllocator.cpp:?:c10::cuda::CUDACachingAllocator::Native::DeviceCachingAllocator::malloc(signed char, unsigned long, CUstream_st*) | ?:?:c10::cuda::CUDACachingAllocator::Native::NativeCachingAllocator::malloc(void**, signed char, unsigned long, CUstream_st*) | ?:?:c10::cuda::CUDACachingAllocator::Native::NativeCachingAllocator::allocate(unsigned long) | ?:?:at::TensorBase at::detail::_empty_generic<long>(c10::ArrayRef<long>, c10::Allocator*, c10::DispatchKeySet, c10::ScalarType, std::optional<c10::MemoryFormat>) | ??:?:at::detail::empty_generic(c10::ArrayRef<long>, c10::Allocator*, c10::DispatchKeySet, c10::ScalarType, std::optional<c10::MemoryFormat>)"
active_allocated,17039360,0.015869140625,FullRank,0,memlive_3b_fullrank_distopt,DistOpt,post_optimizer_step,"??:?:torch::unwind::unwind() | ??:?:torch::CapturedTraceback::gather(bool, bool, bool) | memory_snapshot.cpp:?:torch::cuda::(anonymous namespace)::gather_with_cpp() | CUDACachingAllocator.cpp:?:c10::cuda::CUDACachingAllocator::Native::DeviceCachingAllocator::malloc(signed char, unsigned long, CUstream_st*) | ?:?:c10::cuda::CUDACachingAllocator::Native::NativeCachingAllocator::malloc(void**, signed char, unsigned long, CUstream_st*) | ?:?:c10::cuda::CUDACachingAllocator::Native::NativeCachingAllocator::allocate(unsigned long) | ?:?:at::cuda::getNewWorkspace() | ??:?:at::cuda::getCurrentCUDABlasHandle()"
active_allocated,22250569816,20.722457967698574,FullRank,0,memlive_3b_fullrank_distopt,DistOpt,post_optimizer_step,unavailable
active_allocated,6358382848,5.921705484390259,FullRank,0,memlive_3b_fullrank_distopt,DistOpt,post_optimizer_step,"??:?:torch::unwind::unwind() | ??:?:torch::CapturedTraceback::gather(bool, bool, bool) | memory_snapshot.cpp:?:torch::cuda::(anonymous namespace)::gather_with_cpp() | CUDACachingAllocator.cpp:?:c10::cuda::CUDACachingAllocator::Native::DeviceCachingAllocator::malloc(signed char, unsigned long, CUstream_st*) | ?:?:c10::cuda::CUDACachingAllocator::Native::NativeCachingAllocator::malloc(void**, signed char, unsigned long, CUstream_st*) | ?:?:c10::cuda::CUDACachingAllocator::Native::NativeCachingAllocator::allocate(unsigned long) | ?:?:at::TensorBase at::detail::_empty_strided_generic<c10::ArrayRef<long> >(c10::ArrayRef<long>, c10::ArrayRef<long>, c10::Allocator*, c10::DispatchKeySet, c10::ScalarType) | ??:?:at::detail::empty_strided_generic(c10::ArrayRef<long>, c10::ArrayRef<long>, c10::Allocator*, c10::DispatchKeySet, c10::ScalarType)"
active_allocated,67518481,0.06288148555904627,FullRank,0,memlive_3b_fullrank_distopt,DistOpt,post_optimizer_step,"??:?:torch::unwind::unwind() | ??:?:torch::CapturedTraceback::gather(bool, bool, bool) | memory_snapshot.cpp:?:torch::cuda::(anonymous namespace)::gather_with_cpp() | CUDACachingAllocator.cpp:?:c10::cuda::CUDACachingAllocator::Native::DeviceCachingAllocator::malloc(signed char, unsigned long, CUstream_st*) | ?:?:c10::cuda::CUDACachingAllocator::Native::NativeCachingAllocator::malloc(void**, signed char, unsigned long, CUstream_st*) | ?:?:c10::cuda::CUDACachingAllocator::Native::NativeCachingAllocator::allocate(unsigned long) | ?:?:at::TensorBase at::detail::_empty_generic<long>(c10::ArrayRef<long>, c10::Allocator*, c10::DispatchKeySet, c10::ScalarType, std::optional<c10::MemoryFormat>) | ??:?:at::detail::empty_generic(c10::ArrayRef<long>, c10::Allocator*, c10::DispatchKeySet, c10::ScalarType, std::optional<c10::MemoryFormat>)"
active_allocated,17039360,0.015869140625,FullRank,0,memlive_3b_fullrank_distopt,DistOpt,post_optimizer_step,"??:?:torch::unwind::unwind() | ??:?:torch::CapturedTraceback::gather(bool, bool, bool) | memory_snapshot.cpp:?:torch::cuda::(anonymous namespace)::gather_with_cpp() | CUDACachingAllocator.cpp:?:c10::cuda::CUDACachingAllocator::Native::DeviceCachingAllocator::malloc(signed char, unsigned long, CUstream_st*) | ?:?:c10::cuda::CUDACachingAllocator::Native::NativeCachingAllocator::malloc(void**, signed char, unsigned long, CUstream_st*) | ?:?:c10::cuda::CUDACachingAllocator::Native::NativeCachingAllocator::allocate(unsigned long) | ?:?:at::cuda::getNewWorkspace() | ??:?:at::cuda::getCurrentCUDABlasHandle()"
active_allocated,22250569816,20.722457967698574,FullRank,0,memlive_3b_fullrank_distopt,DistOpt,post_optimizer_step,unavailable
active_allocated,6358382852,5.921705488115549,FullRank,0,memlive_3b_fullrank_distopt,DistOpt,post_optimizer_step,"??:?:torch::unwind::unwind() | ??:?:torch::CapturedTraceback::gather(bool, bool, bool) | memory_snapshot.cpp:?:torch::cuda::(anonymous namespace)::gather_with_cpp() | CUDACachingAllocator.cpp:?:c10::cuda::CUDACachingAllocator::Native::DeviceCachingAllocator::malloc(signed char, unsigned long, CUstream_st*) | ?:?:c10::cuda::CUDACachingAllocator::Native::NativeCachingAllocator::malloc(void**, signed char, unsigned long, CUstream_st*) | ?:?:c10::cuda::CUDACachingAllocator::Native::NativeCachingAllocator::allocate(unsigned long) | ?:?:at::TensorBase at::detail::_empty_strided_generic<c10::ArrayRef<long> >(c10::ArrayRef<long>, c10::ArrayRef<long>, c10::Allocator*, c10::DispatchKeySet, c10::ScalarType) | ??:?:at::detail::empty_strided_generic(c10::ArrayRef<long>, c10::ArrayRef<long>, c10::Allocator*, c10::DispatchKeySet, c10::ScalarType)"
active_allocated,67518477,0.06288148183375597,FullRank,0,memlive_3b_fullrank_distopt,DistOpt,post_optimizer_step,"??:?:torch::unwind::unwind() | ??:?:torch::CapturedTraceback::gather(bool, bool, bool) | memory_snapshot.cpp:?:torch::cuda::(anonymous namespace)::gather_with_cpp() | CUDACachingAllocator.cpp:?:c10::cuda::CUDACachingAllocator::Native::DeviceCachingAllocator::malloc(signed char, unsigned long, CUstream_st*) | ?:?:c10::cuda::CUDACachingAllocator::Native::NativeCachingAllocator::malloc(void**, signed char, unsigned long, CUstream_st*) | ?:?:c10::cuda::CUDACachingAllocator::Native::NativeCachingAllocator::allocate(unsigned long) | ?:?:at::TensorBase at::detail::_empty_generic<long>(c10::ArrayRef<long>, c10::Allocator*, c10::DispatchKeySet, c10::ScalarType, std::optional<c10::MemoryFormat>) | ??:?:at::detail::empty_generic(c10::ArrayRef<long>, c10::Allocator*, c10::DispatchKeySet, c10::ScalarType, std::optional<c10::MemoryFormat>)"
active_allocated,17039360,0.015869140625,FullRank,0,memlive_3b_fullrank_distopt,DistOpt,post_optimizer_step,"??:?:torch::unwind::unwind() | ??:?:torch::CapturedTraceback::gather(bool, bool, bool) | memory_snapshot.cpp:?:torch::cuda::(anonymous namespace)::gather_with_cpp() | CUDACachingAllocator.cpp:?:c10::cuda::CUDACachingAllocator::Native::DeviceCachingAllocator::malloc(signed char, unsigned long, CUstream_st*) | ?:?:c10::cuda::CUDACachingAllocator::Native::NativeCachingAllocator::malloc(void**, signed char, unsigned long, CUstream_st*) | ?:?:c10::cuda::CUDACachingAllocator::Native::NativeCachingAllocator::allocate(unsigned long) | ?:?:at::cuda::getNewWorkspace() | ??:?:at::cuda::getCurrentCUDABlasHandle()"
active_allocated,22250569816,20.722457967698574,FullRank,0,memlive_3b_fullrank_distopt,DistOpt,post_optimizer_step,unavailable
active_allocated,6358382852,5.921705488115549,FullRank,0,memlive_3b_fullrank_distopt,DistOpt,post_optimizer_step,"??:?:torch::unwind::unwind() | ??:?:torch::CapturedTraceback::gather(bool, bool, bool) | memory_snapshot.cpp:?:torch::cuda::(anonymous namespace)::gather_with_cpp() | CUDACachingAllocator.cpp:?:c10::cuda::CUDACachingAllocator::Native::DeviceCachingAllocator::malloc(signed char, unsigned long, CUstream_st*) | ?:?:c10::cuda::CUDACachingAllocator::Native::NativeCachingAllocator::malloc(void**, signed char, unsigned long, CUstream_st*) | ?:?:c10::cuda::CUDACachingAllocator::Native::NativeCachingAllocator::allocate(unsigned long) | ?:?:at::TensorBase at::detail::_empty_strided_generic<c10::ArrayRef<long> >(c10::ArrayRef<long>, c10::ArrayRef<long>, c10::Allocator*, c10::DispatchKeySet, c10::ScalarType) | ??:?:at::detail::empty_strided_generic(c10::ArrayRef<long>, c10::ArrayRef<long>, c10::Allocator*, c10::DispatchKeySet, c10::ScalarType)"
active_allocated,67518477,0.06288148183375597,FullRank,0,memlive_3b_fullrank_distopt,DistOpt,post_optimizer_step,"??:?:torch::unwind::unwind() | ??:?:torch::CapturedTraceback::gather(bool, bool, bool) | memory_snapshot.cpp:?:torch::cuda::(anonymous namespace)::gather_with_cpp() | CUDACachingAllocator.cpp:?:c10::cuda::CUDACachingAllocator::Native::DeviceCachingAllocator::malloc(signed char, unsigned long, CUstream_st*) | ?:?:c10::cuda::CUDACachingAllocator::Native::NativeCachingAllocator::malloc(void**, signed char, unsigned long, CUstream_st*) | ?:?:c10::cuda::CUDACachingAllocator::Native::NativeCachingAllocator::allocate(unsigned long) | ?:?:at::TensorBase at::detail::_empty_generic<long>(c10::ArrayRef<long>, c10::Allocator*, c10::DispatchKeySet, c10::ScalarType, std::optional<c10::MemoryFormat>) | ??:?:at::detail::empty_generic(c10::ArrayRef<long>, c10::Allocator*, c10::DispatchKeySet, c10::ScalarType, std::optional<c10::MemoryFormat>)"
active_allocated,17039360,0.015869140625,FullRank,0,memlive_3b_fullrank_distopt,DistOpt,post_optimizer_step,"??:?:torch::unwind::unwind() | ??:?:torch::CapturedTraceback::gather(bool, bool, bool) | memory_snapshot.cpp:?:torch::cuda::(anonymous namespace)::gather_with_cpp() | CUDACachingAllocator.cpp:?:c10::cuda::CUDACachingAllocator::Native::DeviceCachingAllocator::malloc(signed char, unsigned long, CUstream_st*) | ?:?:c10::cuda::CUDACachingAllocator::Native::NativeCachingAllocator::malloc(void**, signed char, unsigned long, CUstream_st*) | ?:?:c10::cuda::CUDACachingAllocator::Native::NativeCachingAllocator::allocate(unsigned long) | ?:?:at::cuda::getNewWorkspace() | ??:?:at::cuda::getCurrentCUDABlasHandle()"
active_allocated,22250569816,20.722457967698574,FullRank,0,memlive_3b_fullrank_distopt,DistOpt,post_optimizer_step,unavailable
active_allocated,6358382852,5.921705488115549,FullRank,0,memlive_3b_fullrank_distopt,DistOpt,post_optimizer_step,"??:?:torch::unwind::unwind() | ??:?:torch::CapturedTraceback::gather(bool, bool, bool) | memory_snapshot.cpp:?:torch::cuda::(anonymous namespace)::gather_with_cpp() | CUDACachingAllocator.cpp:?:c10::cuda::CUDACachingAllocator::Native::DeviceCachingAllocator::malloc(signed char, unsigned long, CUstream_st*) | ?:?:c10::cuda::CUDACachingAllocator::Native::NativeCachingAllocator::malloc(void**, signed char, unsigned long, CUstream_st*) | ?:?:c10::cuda::CUDACachingAllocator::Native::NativeCachingAllocator::allocate(unsigned long) | ?:?:at::TensorBase at::detail::_empty_strided_generic<c10::ArrayRef<long> >(c10::ArrayRef<long>, c10::ArrayRef<long>, c10::Allocator*, c10::DispatchKeySet, c10::ScalarType) | ??:?:at::detail::empty_strided_generic(c10::ArrayRef<long>, c10::ArrayRef<long>, c10::Allocator*, c10::DispatchKeySet, c10::ScalarType)"
active_allocated,67518477,0.06288148183375597,FullRank,0,memlive_3b_fullrank_distopt,DistOpt,post_optimizer_step,"??:?:torch::unwind::unwind() | ??:?:torch::CapturedTraceback::gather(bool, bool, bool) | memory_snapshot.cpp:?:torch::cuda::(anonymous namespace)::gather_with_cpp() | CUDACachingAllocator.cpp:?:c10::cuda::CUDACachingAllocator::Native::DeviceCachingAllocator::malloc(signed char, unsigned long, CUstream_st*) | ?:?:c10::cuda::CUDACachingAllocator::Native::NativeCachingAllocator::malloc(void**, signed char, unsigned long, CUstream_st*) | ?:?:c10::cuda::CUDACachingAllocator::Native::NativeCachingAllocator::allocate(unsigned long) | ?:?:at::TensorBase at::detail::_empty_generic<long>(c10::ArrayRef<long>, c10::Allocator*, c10::DispatchKeySet, c10::ScalarType, std::optional<c10::MemoryFormat>) | ??:?:at::detail::empty_generic(c10::ArrayRef<long>, c10::Allocator*, c10::DispatchKeySet, c10::ScalarType, std::optional<c10::MemoryFormat>)"
active_allocated,17039360,0.015869140625,FullRank,0,memlive_3b_fullrank_distopt,DistOpt,post_optimizer_step,"??:?:torch::unwind::unwind() | ??:?:torch::CapturedTraceback::gather(bool, bool, bool) | memory_snapshot.cpp:?:torch::cuda::(anonymous namespace)::gather_with_cpp() | CUDACachingAllocator.cpp:?:c10::cuda::CUDACachingAllocator::Native::DeviceCachingAllocator::malloc(signed char, unsigned long, CUstream_st*) | ?:?:c10::cuda::CUDACachingAllocator::Native::NativeCachingAllocator::malloc(void**, signed char, unsigned long, CUstream_st*) | ?:?:c10::cuda::CUDACachingAllocator::Native::NativeCachingAllocator::allocate(unsigned long) | ?:?:at::cuda::getNewWorkspace() | ??:?:at::cuda::getCurrentCUDABlasHandle()"
active_allocated,22250569816,20.722457967698574,FullRank,0,memlive_3b_fullrank_distopt,DistOpt,post_optimizer_step,unavailable
active_allocated,6358382852,5.921705488115549,FullRank,0,memlive_3b_fullrank_distopt,DistOpt,post_optimizer_step,"??:?:torch::unwind::unwind() | ??:?:torch::CapturedTraceback::gather(bool, bool, bool) | memory_snapshot.cpp:?:torch::cuda::(anonymous namespace)::gather_with_cpp() | CUDACachingAllocator.cpp:?:c10::cuda::CUDACachingAllocator::Native::DeviceCachingAllocator::malloc(signed char, unsigned long, CUstream_st*) | ?:?:c10::cuda::CUDACachingAllocator::Native::NativeCachingAllocator::malloc(void**, signed char, unsigned long, CUstream_st*) | ?:?:c10::cuda::CUDACachingAllocator::Native::NativeCachingAllocator::allocate(unsigned long) | ?:?:at::TensorBase at::detail::_empty_strided_generic<c10::ArrayRef<long> >(c10::ArrayRef<long>, c10::ArrayRef<long>, c10::Allocator*, c10::DispatchKeySet, c10::ScalarType) | ??:?:at::detail::empty_strided_generic(c10::ArrayRef<long>, c10::ArrayRef<long>, c10::Allocator*, c10::DispatchKeySet, c10::ScalarType)"
active_allocated,67518477,0.06288148183375597,FullRank,0,memlive_3b_fullrank_distopt,DistOpt,post_optimizer_step,"??:?:torch::unwind::unwind() | ??:?:torch::CapturedTraceback::gather(bool, bool, bool) | memory_snapshot.cpp:?:torch::cuda::(anonymous namespace)::gather_with_cpp() | CUDACachingAllocator.cpp:?:c10::cuda::CUDACachingAllocator::Native::DeviceCachingAllocator::malloc(signed char, unsigned long, CUstream_st*) | ?:?:c10::cuda::CUDACachingAllocator::Native::NativeCachingAllocator::malloc(void**, signed char, unsigned long, CUstream_st*) | ?:?:c10::cuda::CUDACachingAllocator::Native::NativeCachingAllocator::allocate(unsigned long) | ?:?:at::TensorBase at::detail::_empty_generic<long>(c10::ArrayRef<long>, c10::Allocator*, c10::DispatchKeySet, c10::ScalarType, std::optional<c10::MemoryFormat>) | ??:?:at::detail::empty_generic(c10::ArrayRef<long>, c10::Allocator*, c10::DispatchKeySet, c10::ScalarType, std::optional<c10::MemoryFormat>)"
active_allocated,17039360,0.015869140625,FullRank,0,memlive_3b_fullrank_distopt,DistOpt,post_optimizer_step,"??:?:torch::unwind::unwind() | ??:?:torch::CapturedTraceback::gather(bool, bool, bool) | memory_snapshot.cpp:?:torch::cuda::(anonymous namespace)::gather_with_cpp() | CUDACachingAllocator.cpp:?:c10::cuda::CUDACachingAllocator::Native::DeviceCachingAllocator::malloc(signed char, unsigned long, CUstream_st*) | ?:?:c10::cuda::CUDACachingAllocator::Native::NativeCachingAllocator::malloc(void**, signed char, unsigned long, CUstream_st*) | ?:?:c10::cuda::CUDACachingAllocator::Native::NativeCachingAllocator::allocate(unsigned long) | ?:?:at::cuda::getNewWorkspace() | ??:?:at::cuda::getCurrentCUDABlasHandle()"
active_allocated,22250569816,20.722457967698574,FullRank,0,memlive_3b_fullrank_distopt,DistOpt,post_optimizer_step,unavailable
active_allocated,6358382852,5.921705488115549,FullRank,0,memlive_3b_fullrank_distopt,DistOpt,post_optimizer_step,"??:?:torch::unwind::unwind() | ??:?:torch::CapturedTraceback::gather(bool, bool, bool) | memory_snapshot.cpp:?:torch::cuda::(anonymous namespace)::gather_with_cpp() | CUDACachingAllocator.cpp:?:c10::cuda::CUDACachingAllocator::Native::DeviceCachingAllocator::malloc(signed char, unsigned long, CUstream_st*) | ?:?:c10::cuda::CUDACachingAllocator::Native::NativeCachingAllocator::malloc(void**, signed char, unsigned long, CUstream_st*) | ?:?:c10::cuda::CUDACachingAllocator::Native::NativeCachingAllocator::allocate(unsigned long) | ?:?:at::TensorBase at::detail::_empty_strided_generic<c10::ArrayRef<long> >(c10::ArrayRef<long>, c10::ArrayRef<long>, c10::Allocator*, c10::DispatchKeySet, c10::ScalarType) | ??:?:at::detail::empty_strided_generic(c10::ArrayRef<long>, c10::ArrayRef<long>, c10::Allocator*, c10::DispatchKeySet, c10::ScalarType)"
active_allocated,67518477,0.06288148183375597,FullRank,0,memlive_3b_fullrank_distopt,DistOpt,post_optimizer_step,"??:?:torch::unwind::unwind() | ??:?:torch::CapturedTraceback::gather(bool, bool, bool) | memory_snapshot.cpp:?:torch::cuda::(anonymous namespace)::gather_with_cpp() | CUDACachingAllocator.cpp:?:c10::cuda::CUDACachingAllocator::Native::DeviceCachingAllocator::malloc(signed char, unsigned long, CUstream_st*) | ?:?:c10::cuda::CUDACachingAllocator::Native::NativeCachingAllocator::malloc(void**, signed char, unsigned long, CUstream_st*) | ?:?:c10::cuda::CUDACachingAllocator::Native::NativeCachingAllocator::allocate(unsigned long) | ?:?:at::TensorBase at::detail::_empty_generic<long>(c10::ArrayRef<long>, c10::Allocator*, c10::DispatchKeySet, c10::ScalarType, std::optional<c10::MemoryFormat>) | ??:?:at::detail::empty_generic(c10::ArrayRef<long>, c10::Allocator*, c10::DispatchKeySet, c10::ScalarType, std::optional<c10::MemoryFormat>)"
active_allocated,17039360,0.015869140625,FullRank,0,memlive_3b_fullrank_distopt,DistOpt,post_optimizer_step,"??:?:torch::unwind::unwind() | ??:?:torch::CapturedTraceback::gather(bool, bool, bool) | memory_snapshot.cpp:?:torch::cuda::(anonymous namespace)::gather_with_cpp() | CUDACachingAllocator.cpp:?:c10::cuda::CUDACachingAllocator::Native::DeviceCachingAllocator::malloc(signed char, unsigned long, CUstream_st*) | ?:?:c10::cuda::CUDACachingAllocator::Native::NativeCachingAllocator::malloc(void**, signed char, unsigned long, CUstream_st*) | ?:?:c10::cuda::CUDACachingAllocator::Native::NativeCachingAllocator::allocate(unsigned long) | ?:?:at::cuda::getNewWorkspace() | ??:?:at::cuda::getCurrentCUDABlasHandle()"
active_allocated,22250569816,20.722457967698574,FullRank,0,memlive_3b_fullrank_distopt,DistOpt,post_optimizer_step,unavailable
active_allocated,6358382852,5.921705488115549,FullRank,0,memlive_3b_fullrank_distopt,DistOpt,post_optimizer_step,"??:?:torch::unwind::unwind() | ??:?:torch::CapturedTraceback::gather(bool, bool, bool) | memory_snapshot.cpp:?:torch::cuda::(anonymous namespace)::gather_with_cpp() | CUDACachingAllocator.cpp:?:c10::cuda::CUDACachingAllocator::Native::DeviceCachingAllocator::malloc(signed char, unsigned long, CUstream_st*) | ?:?:c10::cuda::CUDACachingAllocator::Native::NativeCachingAllocator::malloc(void**, signed char, unsigned long, CUstream_st*) | ?:?:c10::cuda::CUDACachingAllocator::Native::NativeCachingAllocator::allocate(unsigned long) | ?:?:at::TensorBase at::detail::_empty_strided_generic<c10::ArrayRef<long> >(c10::ArrayRef<long>, c10::ArrayRef<long>, c10::Allocator*, c10::DispatchKeySet, c10::ScalarType) | ??:?:at::detail::empty_strided_generic(c10::ArrayRef<long>, c10::ArrayRef<long>, c10::Allocator*, c10::DispatchKeySet, c10::ScalarType)"
active_allocated,67518477,0.06288148183375597,FullRank,0,memlive_3b_fullrank_distopt,DistOpt,post_optimizer_step,"??:?:torch::unwind::unwind() | ??:?:torch::CapturedTraceback::gather(bool, bool, bool) | memory_snapshot.cpp:?:torch::cuda::(anonymous namespace)::gather_with_cpp() | CUDACachingAllocator.cpp:?:c10::cuda::CUDACachingAllocator::Native::DeviceCachingAllocator::malloc(signed char, unsigned long, CUstream_st*) | ?:?:c10::cuda::CUDACachingAllocator::Native::NativeCachingAllocator::malloc(void**, signed char, unsigned long, CUstream_st*) | ?:?:c10::cuda::CUDACachingAllocator::Native::NativeCachingAllocator::allocate(unsigned long) | ?:?:at::TensorBase at::detail::_empty_generic<long>(c10::ArrayRef<long>, c10::Allocator*, c10::DispatchKeySet, c10::ScalarType, std::optional<c10::MemoryFormat>) | ??:?:at::detail::empty_generic(c10::ArrayRef<long>, c10::Allocator*, c10::DispatchKeySet, c10::ScalarType, std::optional<c10::MemoryFormat>)"
active_allocated,17039360,0.015869140625,FullRank,0,memlive_3b_fullrank_distopt,DistOpt,post_optimizer_step,"??:?:torch::unwind::unwind() | ??:?:torch::CapturedTraceback::gather(bool, bool, bool) | memory_snapshot.cpp:?:torch::cuda::(anonymous namespace)::gather_with_cpp() | CUDACachingAllocator.cpp:?:c10::cuda::CUDACachingAllocator::Native::DeviceCachingAllocator::malloc(signed char, unsigned long, CUstream_st*) | ?:?:c10::cuda::CUDACachingAllocator::Native::NativeCachingAllocator::malloc(void**, signed char, unsigned long, CUstream_st*) | ?:?:c10::cuda::CUDACachingAllocator::Native::NativeCachingAllocator::allocate(unsigned long) | ?:?:at::cuda::getNewWorkspace() | ??:?:at::cuda::getCurrentCUDABlasHandle()"
active_allocated,22250569816,20.722457967698574,FullRank,0,memlive_3b_fullrank_distopt,DistOpt,post_optimizer_step,unavailable
active_allocated,6358382852,5.921705488115549,FullRank,0,memlive_3b_fullrank_distopt,DistOpt,post_optimizer_step,"??:?:torch::unwind::unwind() | ??:?:torch::CapturedTraceback::gather(bool, bool, bool) | memory_snapshot.cpp:?:torch::cuda::(anonymous namespace)::gather_with_cpp() | CUDACachingAllocator.cpp:?:c10::cuda::CUDACachingAllocator::Native::DeviceCachingAllocator::malloc(signed char, unsigned long, CUstream_st*) | ?:?:c10::cuda::CUDACachingAllocator::Native::NativeCachingAllocator::malloc(void**, signed char, unsigned long, CUstream_st*) | ?:?:c10::cuda::CUDACachingAllocator::Native::NativeCachingAllocator::allocate(unsigned long) | ?:?:at::TensorBase at::detail::_empty_strided_generic<c10::ArrayRef<long> >(c10::ArrayRef<long>, c10::ArrayRef<long>, c10::Allocator*, c10::DispatchKeySet, c10::ScalarType) | ??:?:at::detail::empty_strided_generic(c10::ArrayRef<long>, c10::ArrayRef<long>, c10::Allocator*, c10::DispatchKeySet, c10::ScalarType)"
active_allocated,67518477,0.06288148183375597,FullRank,0,memlive_3b_fullrank_distopt,DistOpt,post_optimizer_step,"??:?:torch::unwind::unwind() | ??:?:torch::CapturedTraceback::gather(bool, bool, bool) | memory_snapshot.cpp:?:torch::cuda::(anonymous namespace)::gather_with_cpp() | CUDACachingAllocator.cpp:?:c10::cuda::CUDACachingAllocator::Native::DeviceCachingAllocator::malloc(signed char, unsigned long, CUstream_st*) | ?:?:c10::cuda::CUDACachingAllocator::Native::NativeCachingAllocator::malloc(void**, signed char, unsigned long, CUstream_st*) | ?:?:c10::cuda::CUDACachingAllocator::Native::NativeCachingAllocator::allocate(unsigned long) | ?:?:at::TensorBase at::detail::_empty_generic<long>(c10::ArrayRef<long>, c10::Allocator*, c10::DispatchKeySet, c10::ScalarType, std::optional<c10::MemoryFormat>) | ??:?:at::detail::empty_generic(c10::ArrayRef<long>, c10::Allocator*, c10::DispatchKeySet, c10::ScalarType, std::optional<c10::MemoryFormat>)"
active_allocated,17039360,0.015869140625,FullRank,0,memlive_3b_fullrank_distopt,DistOpt,post_optimizer_step,"??:?:torch::unwind::unwind() | ??:?:torch::CapturedTraceback::gather(bool, bool, bool) | memory_snapshot.cpp:?:torch::cuda::(anonymous namespace)::gather_with_cpp() | CUDACachingAllocator.cpp:?:c10::cuda::CUDACachingAllocator::Native::DeviceCachingAllocator::malloc(signed char, unsigned long, CUstream_st*) | ?:?:c10::cuda::CUDACachingAllocator::Native::NativeCachingAllocator::malloc(void**, signed char, unsigned long, CUstream_st*) | ?:?:c10::cuda::CUDACachingAllocator::Native::NativeCachingAllocator::allocate(unsigned long) | ?:?:at::cuda::getNewWorkspace() | ??:?:at::cuda::getCurrentCUDABlasHandle()"
active_allocated,22250569816,20.722457967698574,FullRank,0,memlive_3b_fullrank_distopt,DistOpt,post_optimizer_step,unavailable
active_allocated,6358382852,5.921705488115549,FullRank,0,memlive_3b_fullrank_distopt,DistOpt,post_optimizer_step,"??:?:torch::unwind::unwind() | ??:?:torch::CapturedTraceback::gather(bool, bool, bool) | memory_snapshot.cpp:?:torch::cuda::(anonymous namespace)::gather_with_cpp() | CUDACachingAllocator.cpp:?:c10::cuda::CUDACachingAllocator::Native::DeviceCachingAllocator::malloc(signed char, unsigned long, CUstream_st*) | ?:?:c10::cuda::CUDACachingAllocator::Native::NativeCachingAllocator::malloc(void**, signed char, unsigned long, CUstream_st*) | ?:?:c10::cuda::CUDACachingAllocator::Native::NativeCachingAllocator::allocate(unsigned long) | ?:?:at::TensorBase at::detail::_empty_strided_generic<c10::ArrayRef<long> >(c10::ArrayRef<long>, c10::ArrayRef<long>, c10::Allocator*, c10::DispatchKeySet, c10::ScalarType) | ??:?:at::detail::empty_strided_generic(c10::ArrayRef<long>, c10::ArrayRef<long>, c10::Allocator*, c10::DispatchKeySet, c10::ScalarType)"
active_allocated,67518477,0.06288148183375597,FullRank,0,memlive_3b_fullrank_distopt,DistOpt,post_optimizer_step,"??:?:torch::unwind::unwind() | ??:?:torch::CapturedTraceback::gather(bool, bool, bool) | memory_snapshot.cpp:?:torch::cuda::(anonymous namespace)::gather_with_cpp() | CUDACachingAllocator.cpp:?:c10::cuda::CUDACachingAllocator::Native::DeviceCachingAllocator::malloc(signed char, unsigned long, CUstream_st*) | ?:?:c10::cuda::CUDACachingAllocator::Native::NativeCachingAllocator::malloc(void**, signed char, unsigned long, CUstream_st*) | ?:?:c10::cuda::CUDACachingAllocator::Native::NativeCachingAllocator::allocate(unsigned long) | ?:?:at::TensorBase at::detail::_empty_generic<long>(c10::ArrayRef<long>, c10::Allocator*, c10::DispatchKeySet, c10::ScalarType, std::optional<c10::MemoryFormat>) | ??:?:at::detail::empty_generic(c10::ArrayRef<long>, c10::Allocator*, c10::DispatchKeySet, c10::ScalarType, std::optional<c10::MemoryFormat>)"
active_allocated,17039360,0.015869140625,FullRank,0,memlive_3b_fullrank_distopt,DistOpt,post_optimizer_step,"??:?:torch::unwind::unwind() | ??:?:torch::CapturedTraceback::gather(bool, bool, bool) | memory_snapshot.cpp:?:torch::cuda::(anonymous namespace)::gather_with_cpp() | CUDACachingAllocator.cpp:?:c10::cuda::CUDACachingAllocator::Native::DeviceCachingAllocator::malloc(signed char, unsigned long, CUstream_st*) | ?:?:c10::cuda::CUDACachingAllocator::Native::NativeCachingAllocator::malloc(void**, signed char, unsigned long, CUstream_st*) | ?:?:c10::cuda::CUDACachingAllocator::Native::NativeCachingAllocator::allocate(unsigned long) | ?:?:at::cuda::getNewWorkspace() | ??:?:at::cuda::getCurrentCUDABlasHandle()"
active_allocated,22250569816,20.722457967698574,FullRank,0,memlive_3b_fullrank_distopt,DistOpt,post_optimizer_step,unavailable
active_allocated,6358382852,5.921705488115549,FullRank,0,memlive_3b_fullrank_distopt,DistOpt,post_optimizer_step,"??:?:torch::unwind::unwind() | ??:?:torch::CapturedTraceback::gather(bool, bool, bool) | memory_snapshot.cpp:?:torch::cuda::(anonymous namespace)::gather_with_cpp() | CUDACachingAllocator.cpp:?:c10::cuda::CUDACachingAllocator::Native::DeviceCachingAllocator::malloc(signed char, unsigned long, CUstream_st*) | ?:?:c10::cuda::CUDACachingAllocator::Native::NativeCachingAllocator::malloc(void**, signed char, unsigned long, CUstream_st*) | ?:?:c10::cuda::CUDACachingAllocator::Native::NativeCachingAllocator::allocate(unsigned long) | ?:?:at::TensorBase at::detail::_empty_strided_generic<c10::ArrayRef<long> >(c10::ArrayRef<long>, c10::ArrayRef<long>, c10::Allocator*, c10::DispatchKeySet, c10::ScalarType) | ??:?:at::detail::empty_strided_generic(c10::ArrayRef<long>, c10::ArrayRef<long>, c10::Allocator*, c10::DispatchKeySet, c10::ScalarType)"
active_allocated,67518477,0.06288148183375597,FullRank,0,memlive_3b_fullrank_distopt,DistOpt,post_optimizer_step,"??:?:torch::unwind::unwind() | ??:?:torch::CapturedTraceback::gather(bool, bool, bool) | memory_snapshot.cpp:?:torch::cuda::(anonymous namespace)::gather_with_cpp() | CUDACachingAllocator.cpp:?:c10::cuda::CUDACachingAllocator::Native::DeviceCachingAllocator::malloc(signed char, unsigned long, CUstream_st*) | ?:?:c10::cuda::CUDACachingAllocator::Native::NativeCachingAllocator::malloc(void**, signed char, unsigned long, CUstream_st*) | ?:?:c10::cuda::CUDACachingAllocator::Native::NativeCachingAllocator::allocate(unsigned long) | ?:?:at::TensorBase at::detail::_empty_generic<long>(c10::ArrayRef<long>, c10::Allocator*, c10::DispatchKeySet, c10::ScalarType, std::optional<c10::MemoryFormat>) | ??:?:at::detail::empty_generic(c10::ArrayRef<long>, c10::Allocator*, c10::DispatchKeySet, c10::ScalarType, std::optional<c10::MemoryFormat>)"
active_allocated,17039360,0.015869140625,FullRank,0,memlive_3b_fullrank_distopt,DistOpt,post_optimizer_step,"??:?:torch::unwind::unwind() | ??:?:torch::CapturedTraceback::gather(bool, bool, bool) | memory_snapshot.cpp:?:torch::cuda::(anonymous namespace)::gather_with_cpp() | CUDACachingAllocator.cpp:?:c10::cuda::CUDACachingAllocator::Native::DeviceCachingAllocator::malloc(signed char, unsigned long, CUstream_st*) | ?:?:c10::cuda::CUDACachingAllocator::Native::NativeCachingAllocator::malloc(void**, signed char, unsigned long, CUstream_st*) | ?:?:c10::cuda::CUDACachingAllocator::Native::NativeCachingAllocator::allocate(unsigned long) | ?:?:at::cuda::getNewWorkspace() | ??:?:at::cuda::getCurrentCUDABlasHandle()"
active_allocated,22250569816,20.722457967698574,FullRank,0,memlive_3b_fullrank_distopt,DistOpt,post_optimizer_step,unavailable
active_allocated,6358382852,5.921705488115549,FullRank,0,memlive_3b_fullrank_distopt,DistOpt,post_optimizer_step,"??:?:torch::unwind::unwind() | ??:?:torch::CapturedTraceback::gather(bool, bool, bool) | memory_snapshot.cpp:?:torch::cuda::(anonymous namespace)::gather_with_cpp() | CUDACachingAllocator.cpp:?:c10::cuda::CUDACachingAllocator::Native::DeviceCachingAllocator::malloc(signed char, unsigned long, CUstream_st*) | ?:?:c10::cuda::CUDACachingAllocator::Native::NativeCachingAllocator::malloc(void**, signed char, unsigned long, CUstream_st*) | ?:?:c10::cuda::CUDACachingAllocator::Native::NativeCachingAllocator::allocate(unsigned long) | ?:?:at::TensorBase at::detail::_empty_strided_generic<c10::ArrayRef<long> >(c10::ArrayRef<long>, c10::ArrayRef<long>, c10::Allocator*, c10::DispatchKeySet, c10::ScalarType) | ??:?:at::detail::empty_strided_generic(c10::ArrayRef<long>, c10::ArrayRef<long>, c10::Allocator*, c10::DispatchKeySet, c10::ScalarType)"
active_allocated,67518477,0.06288148183375597,FullRank,0,memlive_3b_fullrank_distopt,DistOpt,post_optimizer_step,"??:?:torch::unwind::unwind() | ??:?:torch::CapturedTraceback::gather(bool, bool, bool) | memory_snapshot.cpp:?:torch::cuda::(anonymous namespace)::gather_with_cpp() | CUDACachingAllocator.cpp:?:c10::cuda::CUDACachingAllocator::Native::DeviceCachingAllocator::malloc(signed char, unsigned long, CUstream_st*) | ?:?:c10::cuda::CUDACachingAllocator::Native::NativeCachingAllocator::malloc(void**, signed char, unsigned long, CUstream_st*) | ?:?:c10::cuda::CUDACachingAllocator::Native::NativeCachingAllocator::allocate(unsigned long) | ?:?:at::TensorBase at::detail::_empty_generic<long>(c10::ArrayRef<long>, c10::Allocator*, c10::DispatchKeySet, c10::ScalarType, std::optional<c10::MemoryFormat>) | ??:?:at::detail::empty_generic(c10::ArrayRef<long>, c10::Allocator*, c10::DispatchKeySet, c10::ScalarType, std::optional<c10::MemoryFormat>)"
active_allocated,17039360,0.015869140625,FullRank,0,memlive_3b_fullrank_distopt,DistOpt,post_optimizer_step,"??:?:torch::unwind::unwind() | ??:?:torch::CapturedTraceback::gather(bool, bool, bool) | memory_snapshot.cpp:?:torch::cuda::(anonymous namespace)::gather_with_cpp() | CUDACachingAllocator.cpp:?:c10::cuda::CUDACachingAllocator::Native::DeviceCachingAllocator::malloc(signed char, unsigned long, CUstream_st*) | ?:?:c10::cuda::CUDACachingAllocator::Native::NativeCachingAllocator::malloc(void**, signed char, unsigned long, CUstream_st*) | ?:?:c10::cuda::CUDACachingAllocator::Native::NativeCachingAllocator::allocate(unsigned long) | ?:?:at::cuda::getNewWorkspace() | ??:?:at::cuda::getCurrentCUDABlasHandle()"
active_allocated,22250569816,20.722457967698574,FullRank,0,memlive_3b_fullrank_distopt,DistOpt,steady_state_after_iter_10,unavailable
active_allocated,6358382852,5.921705488115549,FullRank,0,memlive_3b_fullrank_distopt,DistOpt,steady_state_after_iter_10,"??:?:torch::unwind::unwind() | ??:?:torch::CapturedTraceback::gather(bool, bool, bool) | memory_snapshot.cpp:?:torch::cuda::(anonymous namespace)::gather_with_cpp() | CUDACachingAllocator.cpp:?:c10::cuda::CUDACachingAllocator::Native::DeviceCachingAllocator::malloc(signed char, unsigned long, CUstream_st*) | ?:?:c10::cuda::CUDACachingAllocator::Native::NativeCachingAllocator::malloc(void**, signed char, unsigned long, CUstream_st*) | ?:?:c10::cuda::CUDACachingAllocator::Native::NativeCachingAllocator::allocate(unsigned long) | ?:?:at::TensorBase at::detail::_empty_strided_generic<c10::ArrayRef<long> >(c10::ArrayRef<long>, c10::ArrayRef<long>, c10::Allocator*, c10::DispatchKeySet, c10::ScalarType) | ??:?:at::detail::empty_strided_generic(c10::ArrayRef<long>, c10::ArrayRef<long>, c10::Allocator*, c10::DispatchKeySet, c10::ScalarType)"
active_allocated,67518469,0.06288147438317537,FullRank,0,memlive_3b_fullrank_distopt,DistOpt,steady_state_after_iter_10,"??:?:torch::unwind::unwind() | ??:?:torch::CapturedTraceback::gather(bool, bool, bool) | memory_snapshot.cpp:?:torch::cuda::(anonymous namespace)::gather_with_cpp() | CUDACachingAllocator.cpp:?:c10::cuda::CUDACachingAllocator::Native::DeviceCachingAllocator::malloc(signed char, unsigned long, CUstream_st*) | ?:?:c10::cuda::CUDACachingAllocator::Native::NativeCachingAllocator::malloc(void**, signed char, unsigned long, CUstream_st*) | ?:?:c10::cuda::CUDACachingAllocator::Native::NativeCachingAllocator::allocate(unsigned long) | ?:?:at::TensorBase at::detail::_empty_generic<long>(c10::ArrayRef<long>, c10::Allocator*, c10::DispatchKeySet, c10::ScalarType, std::optional<c10::MemoryFormat>) | ??:?:at::detail::empty_generic(c10::ArrayRef<long>, c10::Allocator*, c10::DispatchKeySet, c10::ScalarType, std::optional<c10::MemoryFormat>)"
active_allocated,17039360,0.015869140625,FullRank,0,memlive_3b_fullrank_distopt,DistOpt,steady_state_after_iter_10,"??:?:torch::unwind::unwind() | ??:?:torch::CapturedTraceback::gather(bool, bool, bool) | memory_snapshot.cpp:?:torch::cuda::(anonymous namespace)::gather_with_cpp() | CUDACachingAllocator.cpp:?:c10::cuda::CUDACachingAllocator::Native::DeviceCachingAllocator::malloc(signed char, unsigned long, CUstream_st*) | ?:?:c10::cuda::CUDACachingAllocator::Native::NativeCachingAllocator::malloc(void**, signed char, unsigned long, CUstream_st*) | ?:?:c10::cuda::CUDACachingAllocator::Native::NativeCachingAllocator::allocate(unsigned long) | ?:?:at::cuda::getNewWorkspace() | ??:?:at::cuda::getCurrentCUDABlasHandle()"
active_allocated,19071917012,17.762106854468584,FullRank,0,memlive_3b_fullrank_distopt_offload,DistOpt+offload,post_backward,unavailable
active_allocated,67518473,0.06288147810846567,FullRank,0,memlive_3b_fullrank_distopt_offload,DistOpt+offload,post_backward,"??:?:torch::unwind::unwind() | ??:?:torch::CapturedTraceback::gather(bool, bool, bool) | memory_snapshot.cpp:?:torch::cuda::(anonymous namespace)::gather_with_cpp() | CUDACachingAllocator.cpp:?:c10::cuda::CUDACachingAllocator::Native::DeviceCachingAllocator::malloc(signed char, unsigned long, CUstream_st*) | ?:?:c10::cuda::CUDACachingAllocator::Native::NativeCachingAllocator::malloc(void**, signed char, unsigned long, CUstream_st*) | ?:?:c10::cuda::CUDACachingAllocator::Native::NativeCachingAllocator::allocate(unsigned long) | ?:?:at::TensorBase at::detail::_empty_generic<long>(c10::ArrayRef<long>, c10::Allocator*, c10::DispatchKeySet, c10::ScalarType, std::optional<c10::MemoryFormat>) | ??:?:at::detail::empty_generic(c10::ArrayRef<long>, c10::Allocator*, c10::DispatchKeySet, c10::ScalarType, std::optional<c10::MemoryFormat>)"
active_allocated,17039360,0.015869140625,FullRank,0,memlive_3b_fullrank_distopt_offload,DistOpt+offload,post_backward,"??:?:torch::unwind::unwind() | ??:?:torch::CapturedTraceback::gather(bool, bool, bool) | memory_snapshot.cpp:?:torch::cuda::(anonymous namespace)::gather_with_cpp() | CUDACachingAllocator.cpp:?:c10::cuda::CUDACachingAllocator::Native::DeviceCachingAllocator::malloc(signed char, unsigned long, CUstream_st*) | ?:?:c10::cuda::CUDACachingAllocator::Native::NativeCachingAllocator::malloc(void**, signed char, unsigned long, CUstream_st*) | ?:?:c10::cuda::CUDACachingAllocator::Native::NativeCachingAllocator::allocate(unsigned long) | ?:?:at::cuda::getNewWorkspace() | ??:?:at::cuda::getCurrentCUDABlasHandle()"
active_allocated,1077248,0.001003265380859375,FullRank,0,memlive_3b_fullrank_distopt_offload,DistOpt+offload,post_backward,"??:?:torch::unwind::unwind() | ??:?:torch::CapturedTraceback::gather(bool, bool, bool) | memory_snapshot.cpp:?:torch::cuda::(anonymous namespace)::gather_with_cpp() | CUDACachingAllocator.cpp:?:c10::cuda::CUDACachingAllocator::Native::DeviceCachingAllocator::malloc(signed char, unsigned long, CUstream_st*) | ?:?:c10::cuda::CUDACachingAllocator::Native::NativeCachingAllocator::malloc(void**, signed char, unsigned long, CUstream_st*) | ?:?:c10::cuda::CUDACachingAllocator::Native::NativeCachingAllocator::allocate(unsigned long) | ?:?:at::TensorBase at::detail::_empty_strided_generic<c10::ArrayRef<long> >(c10::ArrayRef<long>, c10::ArrayRef<long>, c10::Allocator*, c10::DispatchKeySet, c10::ScalarType) | ??:?:at::detail::empty_strided_generic(c10::ArrayRef<long>, c10::ArrayRef<long>, c10::Allocator*, c10::DispatchKeySet, c10::ScalarType)"
active_allocated,19071917012,17.762106854468584,FullRank,0,memlive_3b_fullrank_distopt_offload,DistOpt+offload,post_backward,unavailable
active_allocated,67518481,0.06288148555904627,FullRank,0,memlive_3b_fullrank_distopt_offload,DistOpt+offload,post_backward,"??:?:torch::unwind::unwind() | ??:?:torch::CapturedTraceback::gather(bool, bool, bool) | memory_snapshot.cpp:?:torch::cuda::(anonymous namespace)::gather_with_cpp() | CUDACachingAllocator.cpp:?:c10::cuda::CUDACachingAllocator::Native::DeviceCachingAllocator::malloc(signed char, unsigned long, CUstream_st*) | ?:?:c10::cuda::CUDACachingAllocator::Native::NativeCachingAllocator::malloc(void**, signed char, unsigned long, CUstream_st*) | ?:?:c10::cuda::CUDACachingAllocator::Native::NativeCachingAllocator::allocate(unsigned long) | ?:?:at::TensorBase at::detail::_empty_generic<long>(c10::ArrayRef<long>, c10::Allocator*, c10::DispatchKeySet, c10::ScalarType, std::optional<c10::MemoryFormat>) | ??:?:at::detail::empty_generic(c10::ArrayRef<long>, c10::Allocator*, c10::DispatchKeySet, c10::ScalarType, std::optional<c10::MemoryFormat>)"
active_allocated,17039360,0.015869140625,FullRank,0,memlive_3b_fullrank_distopt_offload,DistOpt+offload,post_backward,"??:?:torch::unwind::unwind() | ??:?:torch::CapturedTraceback::gather(bool, bool, bool) | memory_snapshot.cpp:?:torch::cuda::(anonymous namespace)::gather_with_cpp() | CUDACachingAllocator.cpp:?:c10::cuda::CUDACachingAllocator::Native::DeviceCachingAllocator::malloc(signed char, unsigned long, CUstream_st*) | ?:?:c10::cuda::CUDACachingAllocator::Native::NativeCachingAllocator::malloc(void**, signed char, unsigned long, CUstream_st*) | ?:?:c10::cuda::CUDACachingAllocator::Native::NativeCachingAllocator::allocate(unsigned long) | ?:?:at::cuda::getNewWorkspace() | ??:?:at::cuda::getCurrentCUDABlasHandle()"
active_allocated,1077248,0.001003265380859375,FullRank,0,memlive_3b_fullrank_distopt_offload,DistOpt+offload,post_backward,"??:?:torch::unwind::unwind() | ??:?:torch::CapturedTraceback::gather(bool, bool, bool) | memory_snapshot.cpp:?:torch::cuda::(anonymous namespace)::gather_with_cpp() | CUDACachingAllocator.cpp:?:c10::cuda::CUDACachingAllocator::Native::DeviceCachingAllocator::malloc(signed char, unsigned long, CUstream_st*) | ?:?:c10::cuda::CUDACachingAllocator::Native::NativeCachingAllocator::malloc(void**, signed char, unsigned long, CUstream_st*) | ?:?:c10::cuda::CUDACachingAllocator::Native::NativeCachingAllocator::allocate(unsigned long) | ?:?:at::TensorBase at::detail::_empty_strided_generic<c10::ArrayRef<long> >(c10::ArrayRef<long>, c10::ArrayRef<long>, c10::Allocator*, c10::DispatchKeySet, c10::ScalarType) | ??:?:at::detail::empty_strided_generic(c10::ArrayRef<long>, c10::ArrayRef<long>, c10::Allocator*, c10::DispatchKeySet, c10::ScalarType)"
active_allocated,19071917012,17.762106854468584,FullRank,0,memlive_3b_fullrank_distopt_offload,DistOpt+offload,post_backward,unavailable
active_allocated,67518477,0.06288148183375597,FullRank,0,memlive_3b_fullrank_distopt_offload,DistOpt+offload,post_backward,"??:?:torch::unwind::unwind() | ??:?:torch::CapturedTraceback::gather(bool, bool, bool) | memory_snapshot.cpp:?:torch::cuda::(anonymous namespace)::gather_with_cpp() | CUDACachingAllocator.cpp:?:c10::cuda::CUDACachingAllocator::Native::DeviceCachingAllocator::malloc(signed char, unsigned long, CUstream_st*) | ?:?:c10::cuda::CUDACachingAllocator::Native::NativeCachingAllocator::malloc(void**, signed char, unsigned long, CUstream_st*) | ?:?:c10::cuda::CUDACachingAllocator::Native::NativeCachingAllocator::allocate(unsigned long) | ?:?:at::TensorBase at::detail::_empty_generic<long>(c10::ArrayRef<long>, c10::Allocator*, c10::DispatchKeySet, c10::ScalarType, std::optional<c10::MemoryFormat>) | ??:?:at::detail::empty_generic(c10::ArrayRef<long>, c10::Allocator*, c10::DispatchKeySet, c10::ScalarType, std::optional<c10::MemoryFormat>)"
active_allocated,17039360,0.015869140625,FullRank,0,memlive_3b_fullrank_distopt_offload,DistOpt+offload,post_backward,"??:?:torch::unwind::unwind() | ??:?:torch::CapturedTraceback::gather(bool, bool, bool) | memory_snapshot.cpp:?:torch::cuda::(anonymous namespace)::gather_with_cpp() | CUDACachingAllocator.cpp:?:c10::cuda::CUDACachingAllocator::Native::DeviceCachingAllocator::malloc(signed char, unsigned long, CUstream_st*) | ?:?:c10::cuda::CUDACachingAllocator::Native::NativeCachingAllocator::malloc(void**, signed char, unsigned long, CUstream_st*) | ?:?:c10::cuda::CUDACachingAllocator::Native::NativeCachingAllocator::allocate(unsigned long) | ?:?:at::cuda::getNewWorkspace() | ??:?:at::cuda::getCurrentCUDABlasHandle()"
active_allocated,1077252,0.0010032691061496735,FullRank,0,memlive_3b_fullrank_distopt_offload,DistOpt+offload,post_backward,"??:?:torch::unwind::unwind() | ??:?:torch::CapturedTraceback::gather(bool, bool, bool) | memory_snapshot.cpp:?:torch::cuda::(anonymous namespace)::gather_with_cpp() | CUDACachingAllocator.cpp:?:c10::cuda::CUDACachingAllocator::Native::DeviceCachingAllocator::malloc(signed char, unsigned long, CUstream_st*) | ?:?:c10::cuda::CUDACachingAllocator::Native::NativeCachingAllocator::malloc(void**, signed char, unsigned long, CUstream_st*) | ?:?:c10::cuda::CUDACachingAllocator::Native::NativeCachingAllocator::allocate(unsigned long) | ?:?:at::TensorBase at::detail::_empty_strided_generic<c10::ArrayRef<long> >(c10::ArrayRef<long>, c10::ArrayRef<long>, c10::Allocator*, c10::DispatchKeySet, c10::ScalarType) | ??:?:at::detail::empty_strided_generic(c10::ArrayRef<long>, c10::ArrayRef<long>, c10::Allocator*, c10::DispatchKeySet, c10::ScalarType)"
active_allocated,19071917012,17.762106854468584,FullRank,0,memlive_3b_fullrank_distopt_offload,DistOpt+offload,post_backward,unavailable
active_allocated,67518477,0.06288148183375597,FullRank,0,memlive_3b_fullrank_distopt_offload,DistOpt+offload,post_backward,"??:?:torch::unwind::unwind() | ??:?:torch::CapturedTraceback::gather(bool, bool, bool) | memory_snapshot.cpp:?:torch::cuda::(anonymous namespace)::gather_with_cpp() | CUDACachingAllocator.cpp:?:c10::cuda::CUDACachingAllocator::Native::DeviceCachingAllocator::malloc(signed char, unsigned long, CUstream_st*) | ?:?:c10::cuda::CUDACachingAllocator::Native::NativeCachingAllocator::malloc(void**, signed char, unsigned long, CUstream_st*) | ?:?:c10::cuda::CUDACachingAllocator::Native::NativeCachingAllocator::allocate(unsigned long) | ?:?:at::TensorBase at::detail::_empty_generic<long>(c10::ArrayRef<long>, c10::Allocator*, c10::DispatchKeySet, c10::ScalarType, std::optional<c10::MemoryFormat>) | ??:?:at::detail::empty_generic(c10::ArrayRef<long>, c10::Allocator*, c10::DispatchKeySet, c10::ScalarType, std::optional<c10::MemoryFormat>)"
active_allocated,17039360,0.015869140625,FullRank,0,memlive_3b_fullrank_distopt_offload,DistOpt+offload,post_backward,"??:?:torch::unwind::unwind() | ??:?:torch::CapturedTraceback::gather(bool, bool, bool) | memory_snapshot.cpp:?:torch::cuda::(anonymous namespace)::gather_with_cpp() | CUDACachingAllocator.cpp:?:c10::cuda::CUDACachingAllocator::Native::DeviceCachingAllocator::malloc(signed char, unsigned long, CUstream_st*) | ?:?:c10::cuda::CUDACachingAllocator::Native::NativeCachingAllocator::malloc(void**, signed char, unsigned long, CUstream_st*) | ?:?:c10::cuda::CUDACachingAllocator::Native::NativeCachingAllocator::allocate(unsigned long) | ?:?:at::cuda::getNewWorkspace() | ??:?:at::cuda::getCurrentCUDABlasHandle()"
active_allocated,1077252,0.0010032691061496735,FullRank,0,memlive_3b_fullrank_distopt_offload,DistOpt+offload,post_backward,"??:?:torch::unwind::unwind() | ??:?:torch::CapturedTraceback::gather(bool, bool, bool) | memory_snapshot.cpp:?:torch::cuda::(anonymous namespace)::gather_with_cpp() | CUDACachingAllocator.cpp:?:c10::cuda::CUDACachingAllocator::Native::DeviceCachingAllocator::malloc(signed char, unsigned long, CUstream_st*) | ?:?:c10::cuda::CUDACachingAllocator::Native::NativeCachingAllocator::malloc(void**, signed char, unsigned long, CUstream_st*) | ?:?:c10::cuda::CUDACachingAllocator::Native::NativeCachingAllocator::allocate(unsigned long) | ?:?:at::TensorBase at::detail::_empty_strided_generic<c10::ArrayRef<long> >(c10::ArrayRef<long>, c10::ArrayRef<long>, c10::Allocator*, c10::DispatchKeySet, c10::ScalarType) | ??:?:at::detail::empty_strided_generic(c10::ArrayRef<long>, c10::ArrayRef<long>, c10::Allocator*, c10::DispatchKeySet, c10::ScalarType)"
active_allocated,19071917012,17.762106854468584,FullRank,0,memlive_3b_fullrank_distopt_offload,DistOpt+offload,post_backward,unavailable
active_allocated,67518477,0.06288148183375597,FullRank,0,memlive_3b_fullrank_distopt_offload,DistOpt+offload,post_backward,"??:?:torch::unwind::unwind() | ??:?:torch::CapturedTraceback::gather(bool, bool, bool) | memory_snapshot.cpp:?:torch::cuda::(anonymous namespace)::gather_with_cpp() | CUDACachingAllocator.cpp:?:c10::cuda::CUDACachingAllocator::Native::DeviceCachingAllocator::malloc(signed char, unsigned long, CUstream_st*) | ?:?:c10::cuda::CUDACachingAllocator::Native::NativeCachingAllocator::malloc(void**, signed char, unsigned long, CUstream_st*) | ?:?:c10::cuda::CUDACachingAllocator::Native::NativeCachingAllocator::allocate(unsigned long) | ?:?:at::TensorBase at::detail::_empty_generic<long>(c10::ArrayRef<long>, c10::Allocator*, c10::DispatchKeySet, c10::ScalarType, std::optional<c10::MemoryFormat>) | ??:?:at::detail::empty_generic(c10::ArrayRef<long>, c10::Allocator*, c10::DispatchKeySet, c10::ScalarType, std::optional<c10::MemoryFormat>)"
active_allocated,17039360,0.015869140625,FullRank,0,memlive_3b_fullrank_distopt_offload,DistOpt+offload,post_backward,"??:?:torch::unwind::unwind() | ??:?:torch::CapturedTraceback::gather(bool, bool, bool) | memory_snapshot.cpp:?:torch::cuda::(anonymous namespace)::gather_with_cpp() | CUDACachingAllocator.cpp:?:c10::cuda::CUDACachingAllocator::Native::DeviceCachingAllocator::malloc(signed char, unsigned long, CUstream_st*) | ?:?:c10::cuda::CUDACachingAllocator::Native::NativeCachingAllocator::malloc(void**, signed char, unsigned long, CUstream_st*) | ?:?:c10::cuda::CUDACachingAllocator::Native::NativeCachingAllocator::allocate(unsigned long) | ?:?:at::cuda::getNewWorkspace() | ??:?:at::cuda::getCurrentCUDABlasHandle()"
active_allocated,1077252,0.0010032691061496735,FullRank,0,memlive_3b_fullrank_distopt_offload,DistOpt+offload,post_backward,"??:?:torch::unwind::unwind() | ??:?:torch::CapturedTraceback::gather(bool, bool, bool) | memory_snapshot.cpp:?:torch::cuda::(anonymous namespace)::gather_with_cpp() | CUDACachingAllocator.cpp:?:c10::cuda::CUDACachingAllocator::Native::DeviceCachingAllocator::malloc(signed char, unsigned long, CUstream_st*) | ?:?:c10::cuda::CUDACachingAllocator::Native::NativeCachingAllocator::malloc(void**, signed char, unsigned long, CUstream_st*) | ?:?:c10::cuda::CUDACachingAllocator::Native::NativeCachingAllocator::allocate(unsigned long) | ?:?:at::TensorBase at::detail::_empty_strided_generic<c10::ArrayRef<long> >(c10::ArrayRef<long>, c10::ArrayRef<long>, c10::Allocator*, c10::DispatchKeySet, c10::ScalarType) | ??:?:at::detail::empty_strided_generic(c10::ArrayRef<long>, c10::ArrayRef<long>, c10::Allocator*, c10::DispatchKeySet, c10::ScalarType)"
active_allocated,19071917012,17.762106854468584,FullRank,0,memlive_3b_fullrank_distopt_offload,DistOpt+offload,post_backward,unavailable
active_allocated,67518477,0.06288148183375597,FullRank,0,memlive_3b_fullrank_distopt_offload,DistOpt+offload,post_backward,"??:?:torch::unwind::unwind() | ??:?:torch::CapturedTraceback::gather(bool, bool, bool) | memory_snapshot.cpp:?:torch::cuda::(anonymous namespace)::gather_with_cpp() | CUDACachingAllocator.cpp:?:c10::cuda::CUDACachingAllocator::Native::DeviceCachingAllocator::malloc(signed char, unsigned long, CUstream_st*) | ?:?:c10::cuda::CUDACachingAllocator::Native::NativeCachingAllocator::malloc(void**, signed char, unsigned long, CUstream_st*) | ?:?:c10::cuda::CUDACachingAllocator::Native::NativeCachingAllocator::allocate(unsigned long) | ?:?:at::TensorBase at::detail::_empty_generic<long>(c10::ArrayRef<long>, c10::Allocator*, c10::DispatchKeySet, c10::ScalarType, std::optional<c10::MemoryFormat>) | ??:?:at::detail::empty_generic(c10::ArrayRef<long>, c10::Allocator*, c10::DispatchKeySet, c10::ScalarType, std::optional<c10::MemoryFormat>)"
active_allocated,17039360,0.015869140625,FullRank,0,memlive_3b_fullrank_distopt_offload,DistOpt+offload,post_backward,"??:?:torch::unwind::unwind() | ??:?:torch::CapturedTraceback::gather(bool, bool, bool) | memory_snapshot.cpp:?:torch::cuda::(anonymous namespace)::gather_with_cpp() | CUDACachingAllocator.cpp:?:c10::cuda::CUDACachingAllocator::Native::DeviceCachingAllocator::malloc(signed char, unsigned long, CUstream_st*) | ?:?:c10::cuda::CUDACachingAllocator::Native::NativeCachingAllocator::malloc(void**, signed char, unsigned long, CUstream_st*) | ?:?:c10::cuda::CUDACachingAllocator::Native::NativeCachingAllocator::allocate(unsigned long) | ?:?:at::cuda::getNewWorkspace() | ??:?:at::cuda::getCurrentCUDABlasHandle()"
active_allocated,1077252,0.0010032691061496735,FullRank,0,memlive_3b_fullrank_distopt_offload,DistOpt+offload,post_backward,"??:?:torch::unwind::unwind() | ??:?:torch::CapturedTraceback::gather(bool, bool, bool) | memory_snapshot.cpp:?:torch::cuda::(anonymous namespace)::gather_with_cpp() | CUDACachingAllocator.cpp:?:c10::cuda::CUDACachingAllocator::Native::DeviceCachingAllocator::malloc(signed char, unsigned long, CUstream_st*) | ?:?:c10::cuda::CUDACachingAllocator::Native::NativeCachingAllocator::malloc(void**, signed char, unsigned long, CUstream_st*) | ?:?:c10::cuda::CUDACachingAllocator::Native::NativeCachingAllocator::allocate(unsigned long) | ?:?:at::TensorBase at::detail::_empty_strided_generic<c10::ArrayRef<long> >(c10::ArrayRef<long>, c10::ArrayRef<long>, c10::Allocator*, c10::DispatchKeySet, c10::ScalarType) | ??:?:at::detail::empty_strided_generic(c10::ArrayRef<long>, c10::ArrayRef<long>, c10::Allocator*, c10::DispatchKeySet, c10::ScalarType)"
active_allocated,19071917012,17.762106854468584,FullRank,0,memlive_3b_fullrank_distopt_offload,DistOpt+offload,post_backward,unavailable
active_allocated,67518477,0.06288148183375597,FullRank,0,memlive_3b_fullrank_distopt_offload,DistOpt+offload,post_backward,"??:?:torch::unwind::unwind() | ??:?:torch::CapturedTraceback::gather(bool, bool, bool) | memory_snapshot.cpp:?:torch::cuda::(anonymous namespace)::gather_with_cpp() | CUDACachingAllocator.cpp:?:c10::cuda::CUDACachingAllocator::Native::DeviceCachingAllocator::malloc(signed char, unsigned long, CUstream_st*) | ?:?:c10::cuda::CUDACachingAllocator::Native::NativeCachingAllocator::malloc(void**, signed char, unsigned long, CUstream_st*) | ?:?:c10::cuda::CUDACachingAllocator::Native::NativeCachingAllocator::allocate(unsigned long) | ?:?:at::TensorBase at::detail::_empty_generic<long>(c10::ArrayRef<long>, c10::Allocator*, c10::DispatchKeySet, c10::ScalarType, std::optional<c10::MemoryFormat>) | ??:?:at::detail::empty_generic(c10::ArrayRef<long>, c10::Allocator*, c10::DispatchKeySet, c10::ScalarType, std::optional<c10::MemoryFormat>)"
active_allocated,17039360,0.015869140625,FullRank,0,memlive_3b_fullrank_distopt_offload,DistOpt+offload,post_backward,"??:?:torch::unwind::unwind() | ??:?:torch::CapturedTraceback::gather(bool, bool, bool) | memory_snapshot.cpp:?:torch::cuda::(anonymous namespace)::gather_with_cpp() | CUDACachingAllocator.cpp:?:c10::cuda::CUDACachingAllocator::Native::DeviceCachingAllocator::malloc(signed char, unsigned long, CUstream_st*) | ?:?:c10::cuda::CUDACachingAllocator::Native::NativeCachingAllocator::malloc(void**, signed char, unsigned long, CUstream_st*) | ?:?:c10::cuda::CUDACachingAllocator::Native::NativeCachingAllocator::allocate(unsigned long) | ?:?:at::cuda::getNewWorkspace() | ??:?:at::cuda::getCurrentCUDABlasHandle()"
active_allocated,1077252,0.0010032691061496735,FullRank,0,memlive_3b_fullrank_distopt_offload,DistOpt+offload,post_backward,"??:?:torch::unwind::unwind() | ??:?:torch::CapturedTraceback::gather(bool, bool, bool) | memory_snapshot.cpp:?:torch::cuda::(anonymous namespace)::gather_with_cpp() | CUDACachingAllocator.cpp:?:c10::cuda::CUDACachingAllocator::Native::DeviceCachingAllocator::malloc(signed char, unsigned long, CUstream_st*) | ?:?:c10::cuda::CUDACachingAllocator::Native::NativeCachingAllocator::malloc(void**, signed char, unsigned long, CUstream_st*) | ?:?:c10::cuda::CUDACachingAllocator::Native::NativeCachingAllocator::allocate(unsigned long) | ?:?:at::TensorBase at::detail::_empty_strided_generic<c10::ArrayRef<long> >(c10::ArrayRef<long>, c10::ArrayRef<long>, c10::Allocator*, c10::DispatchKeySet, c10::ScalarType) | ??:?:at::detail::empty_strided_generic(c10::ArrayRef<long>, c10::ArrayRef<long>, c10::Allocator*, c10::DispatchKeySet, c10::ScalarType)"
active_allocated,19071917012,17.762106854468584,FullRank,0,memlive_3b_fullrank_distopt_offload,DistOpt+offload,post_backward,unavailable
active_allocated,67518477,0.06288148183375597,FullRank,0,memlive_3b_fullrank_distopt_offload,DistOpt+offload,post_backward,"??:?:torch::unwind::unwind() | ??:?:torch::CapturedTraceback::gather(bool, bool, bool) | memory_snapshot.cpp:?:torch::cuda::(anonymous namespace)::gather_with_cpp() | CUDACachingAllocator.cpp:?:c10::cuda::CUDACachingAllocator::Native::DeviceCachingAllocator::malloc(signed char, unsigned long, CUstream_st*) | ?:?:c10::cuda::CUDACachingAllocator::Native::NativeCachingAllocator::malloc(void**, signed char, unsigned long, CUstream_st*) | ?:?:c10::cuda::CUDACachingAllocator::Native::NativeCachingAllocator::allocate(unsigned long) | ?:?:at::TensorBase at::detail::_empty_generic<long>(c10::ArrayRef<long>, c10::Allocator*, c10::DispatchKeySet, c10::ScalarType, std::optional<c10::MemoryFormat>) | ??:?:at::detail::empty_generic(c10::ArrayRef<long>, c10::Allocator*, c10::DispatchKeySet, c10::ScalarType, std::optional<c10::MemoryFormat>)"
active_allocated,17039360,0.015869140625,FullRank,0,memlive_3b_fullrank_distopt_offload,DistOpt+offload,post_backward,"??:?:torch::unwind::unwind() | ??:?:torch::CapturedTraceback::gather(bool, bool, bool) | memory_snapshot.cpp:?:torch::cuda::(anonymous namespace)::gather_with_cpp() | CUDACachingAllocator.cpp:?:c10::cuda::CUDACachingAllocator::Native::DeviceCachingAllocator::malloc(signed char, unsigned long, CUstream_st*) | ?:?:c10::cuda::CUDACachingAllocator::Native::NativeCachingAllocator::malloc(void**, signed char, unsigned long, CUstream_st*) | ?:?:c10::cuda::CUDACachingAllocator::Native::NativeCachingAllocator::allocate(unsigned long) | ?:?:at::cuda::getNewWorkspace() | ??:?:at::cuda::getCurrentCUDABlasHandle()"
active_allocated,1077252,0.0010032691061496735,FullRank,0,memlive_3b_fullrank_distopt_offload,DistOpt+offload,post_backward,"??:?:torch::unwind::unwind() | ??:?:torch::CapturedTraceback::gather(bool, bool, bool) | memory_snapshot.cpp:?:torch::cuda::(anonymous namespace)::gather_with_cpp() | CUDACachingAllocator.cpp:?:c10::cuda::CUDACachingAllocator::Native::DeviceCachingAllocator::malloc(signed char, unsigned long, CUstream_st*) | ?:?:c10::cuda::CUDACachingAllocator::Native::NativeCachingAllocator::malloc(void**, signed char, unsigned long, CUstream_st*) | ?:?:c10::cuda::CUDACachingAllocator::Native::NativeCachingAllocator::allocate(unsigned long) | ?:?:at::TensorBase at::detail::_empty_strided_generic<c10::ArrayRef<long> >(c10::ArrayRef<long>, c10::ArrayRef<long>, c10::Allocator*, c10::DispatchKeySet, c10::ScalarType) | ??:?:at::detail::empty_strided_generic(c10::ArrayRef<long>, c10::ArrayRef<long>, c10::Allocator*, c10::DispatchKeySet, c10::ScalarType)"
active_allocated,19071917012,17.762106854468584,FullRank,0,memlive_3b_fullrank_distopt_offload,DistOpt+offload,post_backward,unavailable
active_allocated,67518477,0.06288148183375597,FullRank,0,memlive_3b_fullrank_distopt_offload,DistOpt+offload,post_backward,"??:?:torch::unwind::unwind() | ??:?:torch::CapturedTraceback::gather(bool, bool, bool) | memory_snapshot.cpp:?:torch::cuda::(anonymous namespace)::gather_with_cpp() | CUDACachingAllocator.cpp:?:c10::cuda::CUDACachingAllocator::Native::DeviceCachingAllocator::malloc(signed char, unsigned long, CUstream_st*) | ?:?:c10::cuda::CUDACachingAllocator::Native::NativeCachingAllocator::malloc(void**, signed char, unsigned long, CUstream_st*) | ?:?:c10::cuda::CUDACachingAllocator::Native::NativeCachingAllocator::allocate(unsigned long) | ?:?:at::TensorBase at::detail::_empty_generic<long>(c10::ArrayRef<long>, c10::Allocator*, c10::DispatchKeySet, c10::ScalarType, std::optional<c10::MemoryFormat>) | ??:?:at::detail::empty_generic(c10::ArrayRef<long>, c10::Allocator*, c10::DispatchKeySet, c10::ScalarType, std::optional<c10::MemoryFormat>)"
active_allocated,17039360,0.015869140625,FullRank,0,memlive_3b_fullrank_distopt_offload,DistOpt+offload,post_backward,"??:?:torch::unwind::unwind() | ??:?:torch::CapturedTraceback::gather(bool, bool, bool) | memory_snapshot.cpp:?:torch::cuda::(anonymous namespace)::gather_with_cpp() | CUDACachingAllocator.cpp:?:c10::cuda::CUDACachingAllocator::Native::DeviceCachingAllocator::malloc(signed char, unsigned long, CUstream_st*) | ?:?:c10::cuda::CUDACachingAllocator::Native::NativeCachingAllocator::malloc(void**, signed char, unsigned long, CUstream_st*) | ?:?:c10::cuda::CUDACachingAllocator::Native::NativeCachingAllocator::allocate(unsigned long) | ?:?:at::cuda::getNewWorkspace() | ??:?:at::cuda::getCurrentCUDABlasHandle()"
active_allocated,1077252,0.0010032691061496735,FullRank,0,memlive_3b_fullrank_distopt_offload,DistOpt+offload,post_backward,"??:?:torch::unwind::unwind() | ??:?:torch::CapturedTraceback::gather(bool, bool, bool) | memory_snapshot.cpp:?:torch::cuda::(anonymous namespace)::gather_with_cpp() | CUDACachingAllocator.cpp:?:c10::cuda::CUDACachingAllocator::Native::DeviceCachingAllocator::malloc(signed char, unsigned long, CUstream_st*) | ?:?:c10::cuda::CUDACachingAllocator::Native::NativeCachingAllocator::malloc(void**, signed char, unsigned long, CUstream_st*) | ?:?:c10::cuda::CUDACachingAllocator::Native::NativeCachingAllocator::allocate(unsigned long) | ?:?:at::TensorBase at::detail::_empty_strided_generic<c10::ArrayRef<long> >(c10::ArrayRef<long>, c10::ArrayRef<long>, c10::Allocator*, c10::DispatchKeySet, c10::ScalarType) | ??:?:at::detail::empty_strided_generic(c10::ArrayRef<long>, c10::ArrayRef<long>, c10::Allocator*, c10::DispatchKeySet, c10::ScalarType)"
active_allocated,19071917012,17.762106854468584,FullRank,0,memlive_3b_fullrank_distopt_offload,DistOpt+offload,post_backward,unavailable
active_allocated,67518477,0.06288148183375597,FullRank,0,memlive_3b_fullrank_distopt_offload,DistOpt+offload,post_backward,"??:?:torch::unwind::unwind() | ??:?:torch::CapturedTraceback::gather(bool, bool, bool) | memory_snapshot.cpp:?:torch::cuda::(anonymous namespace)::gather_with_cpp() | CUDACachingAllocator.cpp:?:c10::cuda::CUDACachingAllocator::Native::DeviceCachingAllocator::malloc(signed char, unsigned long, CUstream_st*) | ?:?:c10::cuda::CUDACachingAllocator::Native::NativeCachingAllocator::malloc(void**, signed char, unsigned long, CUstream_st*) | ?:?:c10::cuda::CUDACachingAllocator::Native::NativeCachingAllocator::allocate(unsigned long) | ?:?:at::TensorBase at::detail::_empty_generic<long>(c10::ArrayRef<long>, c10::Allocator*, c10::DispatchKeySet, c10::ScalarType, std::optional<c10::MemoryFormat>) | ??:?:at::detail::empty_generic(c10::ArrayRef<long>, c10::Allocator*, c10::DispatchKeySet, c10::ScalarType, std::optional<c10::MemoryFormat>)"
active_allocated,17039360,0.015869140625,FullRank,0,memlive_3b_fullrank_distopt_offload,DistOpt+offload,post_backward,"??:?:torch::unwind::unwind() | ??:?:torch::CapturedTraceback::gather(bool, bool, bool) | memory_snapshot.cpp:?:torch::cuda::(anonymous namespace)::gather_with_cpp() | CUDACachingAllocator.cpp:?:c10::cuda::CUDACachingAllocator::Native::DeviceCachingAllocator::malloc(signed char, unsigned long, CUstream_st*) | ?:?:c10::cuda::CUDACachingAllocator::Native::NativeCachingAllocator::malloc(void**, signed char, unsigned long, CUstream_st*) | ?:?:c10::cuda::CUDACachingAllocator::Native::NativeCachingAllocator::allocate(unsigned long) | ?:?:at::cuda::getNewWorkspace() | ??:?:at::cuda::getCurrentCUDABlasHandle()"
active_allocated,1077252,0.0010032691061496735,FullRank,0,memlive_3b_fullrank_distopt_offload,DistOpt+offload,post_backward,"??:?:torch::unwind::unwind() | ??:?:torch::CapturedTraceback::gather(bool, bool, bool) | memory_snapshot.cpp:?:torch::cuda::(anonymous namespace)::gather_with_cpp() | CUDACachingAllocator.cpp:?:c10::cuda::CUDACachingAllocator::Native::DeviceCachingAllocator::malloc(signed char, unsigned long, CUstream_st*) | ?:?:c10::cuda::CUDACachingAllocator::Native::NativeCachingAllocator::malloc(void**, signed char, unsigned long, CUstream_st*) | ?:?:c10::cuda::CUDACachingAllocator::Native::NativeCachingAllocator::allocate(unsigned long) | ?:?:at::TensorBase at::detail::_empty_strided_generic<c10::ArrayRef<long> >(c10::ArrayRef<long>, c10::ArrayRef<long>, c10::Allocator*, c10::DispatchKeySet, c10::ScalarType) | ??:?:at::detail::empty_strided_generic(c10::ArrayRef<long>, c10::ArrayRef<long>, c10::Allocator*, c10::DispatchKeySet, c10::ScalarType)"
active_allocated,19071917012,17.762106854468584,FullRank,0,memlive_3b_fullrank_distopt_offload,DistOpt+offload,post_backward,unavailable
active_allocated,67518477,0.06288148183375597,FullRank,0,memlive_3b_fullrank_distopt_offload,DistOpt+offload,post_backward,"??:?:torch::unwind::unwind() | ??:?:torch::CapturedTraceback::gather(bool, bool, bool) | memory_snapshot.cpp:?:torch::cuda::(anonymous namespace)::gather_with_cpp() | CUDACachingAllocator.cpp:?:c10::cuda::CUDACachingAllocator::Native::DeviceCachingAllocator::malloc(signed char, unsigned long, CUstream_st*) | ?:?:c10::cuda::CUDACachingAllocator::Native::NativeCachingAllocator::malloc(void**, signed char, unsigned long, CUstream_st*) | ?:?:c10::cuda::CUDACachingAllocator::Native::NativeCachingAllocator::allocate(unsigned long) | ?:?:at::TensorBase at::detail::_empty_generic<long>(c10::ArrayRef<long>, c10::Allocator*, c10::DispatchKeySet, c10::ScalarType, std::optional<c10::MemoryFormat>) | ??:?:at::detail::empty_generic(c10::ArrayRef<long>, c10::Allocator*, c10::DispatchKeySet, c10::ScalarType, std::optional<c10::MemoryFormat>)"
active_allocated,17039360,0.015869140625,FullRank,0,memlive_3b_fullrank_distopt_offload,DistOpt+offload,post_backward,"??:?:torch::unwind::unwind() | ??:?:torch::CapturedTraceback::gather(bool, bool, bool) | memory_snapshot.cpp:?:torch::cuda::(anonymous namespace)::gather_with_cpp() | CUDACachingAllocator.cpp:?:c10::cuda::CUDACachingAllocator::Native::DeviceCachingAllocator::malloc(signed char, unsigned long, CUstream_st*) | ?:?:c10::cuda::CUDACachingAllocator::Native::NativeCachingAllocator::malloc(void**, signed char, unsigned long, CUstream_st*) | ?:?:c10::cuda::CUDACachingAllocator::Native::NativeCachingAllocator::allocate(unsigned long) | ?:?:at::cuda::getNewWorkspace() | ??:?:at::cuda::getCurrentCUDABlasHandle()"
active_allocated,1077252,0.0010032691061496735,FullRank,0,memlive_3b_fullrank_distopt_offload,DistOpt+offload,post_backward,"??:?:torch::unwind::unwind() | ??:?:torch::CapturedTraceback::gather(bool, bool, bool) | memory_snapshot.cpp:?:torch::cuda::(anonymous namespace)::gather_with_cpp() | CUDACachingAllocator.cpp:?:c10::cuda::CUDACachingAllocator::Native::DeviceCachingAllocator::malloc(signed char, unsigned long, CUstream_st*) | ?:?:c10::cuda::CUDACachingAllocator::Native::NativeCachingAllocator::malloc(void**, signed char, unsigned long, CUstream_st*) | ?:?:c10::cuda::CUDACachingAllocator::Native::NativeCachingAllocator::allocate(unsigned long) | ?:?:at::TensorBase at::detail::_empty_strided_generic<c10::ArrayRef<long> >(c10::ArrayRef<long>, c10::ArrayRef<long>, c10::Allocator*, c10::DispatchKeySet, c10::ScalarType) | ??:?:at::detail::empty_strided_generic(c10::ArrayRef<long>, c10::ArrayRef<long>, c10::Allocator*, c10::DispatchKeySet, c10::ScalarType)"
active_allocated,19071917012,17.762106854468584,FullRank,0,memlive_3b_fullrank_distopt_offload,DistOpt+offload,post_backward,unavailable
active_allocated,67518477,0.06288148183375597,FullRank,0,memlive_3b_fullrank_distopt_offload,DistOpt+offload,post_backward,"??:?:torch::unwind::unwind() | ??:?:torch::CapturedTraceback::gather(bool, bool, bool) | memory_snapshot.cpp:?:torch::cuda::(anonymous namespace)::gather_with_cpp() | CUDACachingAllocator.cpp:?:c10::cuda::CUDACachingAllocator::Native::DeviceCachingAllocator::malloc(signed char, unsigned long, CUstream_st*) | ?:?:c10::cuda::CUDACachingAllocator::Native::NativeCachingAllocator::malloc(void**, signed char, unsigned long, CUstream_st*) | ?:?:c10::cuda::CUDACachingAllocator::Native::NativeCachingAllocator::allocate(unsigned long) | ?:?:at::TensorBase at::detail::_empty_generic<long>(c10::ArrayRef<long>, c10::Allocator*, c10::DispatchKeySet, c10::ScalarType, std::optional<c10::MemoryFormat>) | ??:?:at::detail::empty_generic(c10::ArrayRef<long>, c10::Allocator*, c10::DispatchKeySet, c10::ScalarType, std::optional<c10::MemoryFormat>)"
active_allocated,17039360,0.015869140625,FullRank,0,memlive_3b_fullrank_distopt_offload,DistOpt+offload,post_backward,"??:?:torch::unwind::unwind() | ??:?:torch::CapturedTraceback::gather(bool, bool, bool) | memory_snapshot.cpp:?:torch::cuda::(anonymous namespace)::gather_with_cpp() | CUDACachingAllocator.cpp:?:c10::cuda::CUDACachingAllocator::Native::DeviceCachingAllocator::malloc(signed char, unsigned long, CUstream_st*) | ?:?:c10::cuda::CUDACachingAllocator::Native::NativeCachingAllocator::malloc(void**, signed char, unsigned long, CUstream_st*) | ?:?:c10::cuda::CUDACachingAllocator::Native::NativeCachingAllocator::allocate(unsigned long) | ?:?:at::cuda::getNewWorkspace() | ??:?:at::cuda::getCurrentCUDABlasHandle()"
active_allocated,1077252,0.0010032691061496735,FullRank,0,memlive_3b_fullrank_distopt_offload,DistOpt+offload,post_backward,"??:?:torch::unwind::unwind() | ??:?:torch::CapturedTraceback::gather(bool, bool, bool) | memory_snapshot.cpp:?:torch::cuda::(anonymous namespace)::gather_with_cpp() | CUDACachingAllocator.cpp:?:c10::cuda::CUDACachingAllocator::Native::DeviceCachingAllocator::malloc(signed char, unsigned long, CUstream_st*) | ?:?:c10::cuda::CUDACachingAllocator::Native::NativeCachingAllocator::malloc(void**, signed char, unsigned long, CUstream_st*) | ?:?:c10::cuda::CUDACachingAllocator::Native::NativeCachingAllocator::allocate(unsigned long) | ?:?:at::TensorBase at::detail::_empty_strided_generic<c10::ArrayRef<long> >(c10::ArrayRef<long>, c10::ArrayRef<long>, c10::Allocator*, c10::DispatchKeySet, c10::ScalarType) | ??:?:at::detail::empty_strided_generic(c10::ArrayRef<long>, c10::ArrayRef<long>, c10::Allocator*, c10::DispatchKeySet, c10::ScalarType)"
active_allocated,19071917013,17.762106855399907,FullRank,0,memlive_3b_fullrank_distopt_offload,DistOpt+offload,post_init,unavailable
active_allocated,19071917012,17.762106854468584,FullRank,0,memlive_3b_fullrank_distopt_offload,DistOpt+offload,post_optimizer_step,unavailable
active_allocated,67518473,0.06288147810846567,FullRank,0,memlive_3b_fullrank_distopt_offload,DistOpt+offload,post_optimizer_step,"??:?:torch::unwind::unwind() | ??:?:torch::CapturedTraceback::gather(bool, bool, bool) | memory_snapshot.cpp:?:torch::cuda::(anonymous namespace)::gather_with_cpp() | CUDACachingAllocator.cpp:?:c10::cuda::CUDACachingAllocator::Native::DeviceCachingAllocator::malloc(signed char, unsigned long, CUstream_st*) | ?:?:c10::cuda::CUDACachingAllocator::Native::NativeCachingAllocator::malloc(void**, signed char, unsigned long, CUstream_st*) | ?:?:c10::cuda::CUDACachingAllocator::Native::NativeCachingAllocator::allocate(unsigned long) | ?:?:at::TensorBase at::detail::_empty_generic<long>(c10::ArrayRef<long>, c10::Allocator*, c10::DispatchKeySet, c10::ScalarType, std::optional<c10::MemoryFormat>) | ??:?:at::detail::empty_generic(c10::ArrayRef<long>, c10::Allocator*, c10::DispatchKeySet, c10::ScalarType, std::optional<c10::MemoryFormat>)"
active_allocated,17039360,0.015869140625,FullRank,0,memlive_3b_fullrank_distopt_offload,DistOpt+offload,post_optimizer_step,"??:?:torch::unwind::unwind() | ??:?:torch::CapturedTraceback::gather(bool, bool, bool) | memory_snapshot.cpp:?:torch::cuda::(anonymous namespace)::gather_with_cpp() | CUDACachingAllocator.cpp:?:c10::cuda::CUDACachingAllocator::Native::DeviceCachingAllocator::malloc(signed char, unsigned long, CUstream_st*) | ?:?:c10::cuda::CUDACachingAllocator::Native::NativeCachingAllocator::malloc(void**, signed char, unsigned long, CUstream_st*) | ?:?:c10::cuda::CUDACachingAllocator::Native::NativeCachingAllocator::allocate(unsigned long) | ?:?:at::cuda::getNewWorkspace() | ??:?:at::cuda::getCurrentCUDABlasHandle()"
active_allocated,1077248,0.001003265380859375,FullRank,0,memlive_3b_fullrank_distopt_offload,DistOpt+offload,post_optimizer_step,"??:?:torch::unwind::unwind() | ??:?:torch::CapturedTraceback::gather(bool, bool, bool) | memory_snapshot.cpp:?:torch::cuda::(anonymous namespace)::gather_with_cpp() | CUDACachingAllocator.cpp:?:c10::cuda::CUDACachingAllocator::Native::DeviceCachingAllocator::malloc(signed char, unsigned long, CUstream_st*) | ?:?:c10::cuda::CUDACachingAllocator::Native::NativeCachingAllocator::malloc(void**, signed char, unsigned long, CUstream_st*) | ?:?:c10::cuda::CUDACachingAllocator::Native::NativeCachingAllocator::allocate(unsigned long) | ?:?:at::TensorBase at::detail::_empty_strided_generic<c10::ArrayRef<long> >(c10::ArrayRef<long>, c10::ArrayRef<long>, c10::Allocator*, c10::DispatchKeySet, c10::ScalarType) | ??:?:at::detail::empty_strided_generic(c10::ArrayRef<long>, c10::ArrayRef<long>, c10::Allocator*, c10::DispatchKeySet, c10::ScalarType)"
active_allocated,19071917012,17.762106854468584,FullRank,0,memlive_3b_fullrank_distopt_offload,DistOpt+offload,post_optimizer_step,unavailable
active_allocated,67518481,0.06288148555904627,FullRank,0,memlive_3b_fullrank_distopt_offload,DistOpt+offload,post_optimizer_step,"??:?:torch::unwind::unwind() | ??:?:torch::CapturedTraceback::gather(bool, bool, bool) | memory_snapshot.cpp:?:torch::cuda::(anonymous namespace)::gather_with_cpp() | CUDACachingAllocator.cpp:?:c10::cuda::CUDACachingAllocator::Native::DeviceCachingAllocator::malloc(signed char, unsigned long, CUstream_st*) | ?:?:c10::cuda::CUDACachingAllocator::Native::NativeCachingAllocator::malloc(void**, signed char, unsigned long, CUstream_st*) | ?:?:c10::cuda::CUDACachingAllocator::Native::NativeCachingAllocator::allocate(unsigned long) | ?:?:at::TensorBase at::detail::_empty_generic<long>(c10::ArrayRef<long>, c10::Allocator*, c10::DispatchKeySet, c10::ScalarType, std::optional<c10::MemoryFormat>) | ??:?:at::detail::empty_generic(c10::ArrayRef<long>, c10::Allocator*, c10::DispatchKeySet, c10::ScalarType, std::optional<c10::MemoryFormat>)"
active_allocated,17039360,0.015869140625,FullRank,0,memlive_3b_fullrank_distopt_offload,DistOpt+offload,post_optimizer_step,"??:?:torch::unwind::unwind() | ??:?:torch::CapturedTraceback::gather(bool, bool, bool) | memory_snapshot.cpp:?:torch::cuda::(anonymous namespace)::gather_with_cpp() | CUDACachingAllocator.cpp:?:c10::cuda::CUDACachingAllocator::Native::DeviceCachingAllocator::malloc(signed char, unsigned long, CUstream_st*) | ?:?:c10::cuda::CUDACachingAllocator::Native::NativeCachingAllocator::malloc(void**, signed char, unsigned long, CUstream_st*) | ?:?:c10::cuda::CUDACachingAllocator::Native::NativeCachingAllocator::allocate(unsigned long) | ?:?:at::cuda::getNewWorkspace() | ??:?:at::cuda::getCurrentCUDABlasHandle()"
active_allocated,1077248,0.001003265380859375,FullRank,0,memlive_3b_fullrank_distopt_offload,DistOpt+offload,post_optimizer_step,"??:?:torch::unwind::unwind() | ??:?:torch::CapturedTraceback::gather(bool, bool, bool) | memory_snapshot.cpp:?:torch::cuda::(anonymous namespace)::gather_with_cpp() | CUDACachingAllocator.cpp:?:c10::cuda::CUDACachingAllocator::Native::DeviceCachingAllocator::malloc(signed char, unsigned long, CUstream_st*) | ?:?:c10::cuda::CUDACachingAllocator::Native::NativeCachingAllocator::malloc(void**, signed char, unsigned long, CUstream_st*) | ?:?:c10::cuda::CUDACachingAllocator::Native::NativeCachingAllocator::allocate(unsigned long) | ?:?:at::TensorBase at::detail::_empty_strided_generic<c10::ArrayRef<long> >(c10::ArrayRef<long>, c10::ArrayRef<long>, c10::Allocator*, c10::DispatchKeySet, c10::ScalarType) | ??:?:at::detail::empty_strided_generic(c10::ArrayRef<long>, c10::ArrayRef<long>, c10::Allocator*, c10::DispatchKeySet, c10::ScalarType)"
active_allocated,19071917012,17.762106854468584,FullRank,0,memlive_3b_fullrank_distopt_offload,DistOpt+offload,post_optimizer_step,unavailable
active_allocated,67518477,0.06288148183375597,FullRank,0,memlive_3b_fullrank_distopt_offload,DistOpt+offload,post_optimizer_step,"??:?:torch::unwind::unwind() | ??:?:torch::CapturedTraceback::gather(bool, bool, bool) | memory_snapshot.cpp:?:torch::cuda::(anonymous namespace)::gather_with_cpp() | CUDACachingAllocator.cpp:?:c10::cuda::CUDACachingAllocator::Native::DeviceCachingAllocator::malloc(signed char, unsigned long, CUstream_st*) | ?:?:c10::cuda::CUDACachingAllocator::Native::NativeCachingAllocator::malloc(void**, signed char, unsigned long, CUstream_st*) | ?:?:c10::cuda::CUDACachingAllocator::Native::NativeCachingAllocator::allocate(unsigned long) | ?:?:at::TensorBase at::detail::_empty_generic<long>(c10::ArrayRef<long>, c10::Allocator*, c10::DispatchKeySet, c10::ScalarType, std::optional<c10::MemoryFormat>) | ??:?:at::detail::empty_generic(c10::ArrayRef<long>, c10::Allocator*, c10::DispatchKeySet, c10::ScalarType, std::optional<c10::MemoryFormat>)"
active_allocated,17039360,0.015869140625,FullRank,0,memlive_3b_fullrank_distopt_offload,DistOpt+offload,post_optimizer_step,"??:?:torch::unwind::unwind() | ??:?:torch::CapturedTraceback::gather(bool, bool, bool) | memory_snapshot.cpp:?:torch::cuda::(anonymous namespace)::gather_with_cpp() | CUDACachingAllocator.cpp:?:c10::cuda::CUDACachingAllocator::Native::DeviceCachingAllocator::malloc(signed char, unsigned long, CUstream_st*) | ?:?:c10::cuda::CUDACachingAllocator::Native::NativeCachingAllocator::malloc(void**, signed char, unsigned long, CUstream_st*) | ?:?:c10::cuda::CUDACachingAllocator::Native::NativeCachingAllocator::allocate(unsigned long) | ?:?:at::cuda::getNewWorkspace() | ??:?:at::cuda::getCurrentCUDABlasHandle()"
active_allocated,1077252,0.0010032691061496735,FullRank,0,memlive_3b_fullrank_distopt_offload,DistOpt+offload,post_optimizer_step,"??:?:torch::unwind::unwind() | ??:?:torch::CapturedTraceback::gather(bool, bool, bool) | memory_snapshot.cpp:?:torch::cuda::(anonymous namespace)::gather_with_cpp() | CUDACachingAllocator.cpp:?:c10::cuda::CUDACachingAllocator::Native::DeviceCachingAllocator::malloc(signed char, unsigned long, CUstream_st*) | ?:?:c10::cuda::CUDACachingAllocator::Native::NativeCachingAllocator::malloc(void**, signed char, unsigned long, CUstream_st*) | ?:?:c10::cuda::CUDACachingAllocator::Native::NativeCachingAllocator::allocate(unsigned long) | ?:?:at::TensorBase at::detail::_empty_strided_generic<c10::ArrayRef<long> >(c10::ArrayRef<long>, c10::ArrayRef<long>, c10::Allocator*, c10::DispatchKeySet, c10::ScalarType) | ??:?:at::detail::empty_strided_generic(c10::ArrayRef<long>, c10::ArrayRef<long>, c10::Allocator*, c10::DispatchKeySet, c10::ScalarType)"
active_allocated,19071917012,17.762106854468584,FullRank,0,memlive_3b_fullrank_distopt_offload,DistOpt+offload,post_optimizer_step,unavailable
active_allocated,67518477,0.06288148183375597,FullRank,0,memlive_3b_fullrank_distopt_offload,DistOpt+offload,post_optimizer_step,"??:?:torch::unwind::unwind() | ??:?:torch::CapturedTraceback::gather(bool, bool, bool) | memory_snapshot.cpp:?:torch::cuda::(anonymous namespace)::gather_with_cpp() | CUDACachingAllocator.cpp:?:c10::cuda::CUDACachingAllocator::Native::DeviceCachingAllocator::malloc(signed char, unsigned long, CUstream_st*) | ?:?:c10::cuda::CUDACachingAllocator::Native::NativeCachingAllocator::malloc(void**, signed char, unsigned long, CUstream_st*) | ?:?:c10::cuda::CUDACachingAllocator::Native::NativeCachingAllocator::allocate(unsigned long) | ?:?:at::TensorBase at::detail::_empty_generic<long>(c10::ArrayRef<long>, c10::Allocator*, c10::DispatchKeySet, c10::ScalarType, std::optional<c10::MemoryFormat>) | ??:?:at::detail::empty_generic(c10::ArrayRef<long>, c10::Allocator*, c10::DispatchKeySet, c10::ScalarType, std::optional<c10::MemoryFormat>)"
active_allocated,17039360,0.015869140625,FullRank,0,memlive_3b_fullrank_distopt_offload,DistOpt+offload,post_optimizer_step,"??:?:torch::unwind::unwind() | ??:?:torch::CapturedTraceback::gather(bool, bool, bool) | memory_snapshot.cpp:?:torch::cuda::(anonymous namespace)::gather_with_cpp() | CUDACachingAllocator.cpp:?:c10::cuda::CUDACachingAllocator::Native::DeviceCachingAllocator::malloc(signed char, unsigned long, CUstream_st*) | ?:?:c10::cuda::CUDACachingAllocator::Native::NativeCachingAllocator::malloc(void**, signed char, unsigned long, CUstream_st*) | ?:?:c10::cuda::CUDACachingAllocator::Native::NativeCachingAllocator::allocate(unsigned long) | ?:?:at::cuda::getNewWorkspace() | ??:?:at::cuda::getCurrentCUDABlasHandle()"
active_allocated,1077252,0.0010032691061496735,FullRank,0,memlive_3b_fullrank_distopt_offload,DistOpt+offload,post_optimizer_step,"??:?:torch::unwind::unwind() | ??:?:torch::CapturedTraceback::gather(bool, bool, bool) | memory_snapshot.cpp:?:torch::cuda::(anonymous namespace)::gather_with_cpp() | CUDACachingAllocator.cpp:?:c10::cuda::CUDACachingAllocator::Native::DeviceCachingAllocator::malloc(signed char, unsigned long, CUstream_st*) | ?:?:c10::cuda::CUDACachingAllocator::Native::NativeCachingAllocator::malloc(void**, signed char, unsigned long, CUstream_st*) | ?:?:c10::cuda::CUDACachingAllocator::Native::NativeCachingAllocator::allocate(unsigned long) | ?:?:at::TensorBase at::detail::_empty_strided_generic<c10::ArrayRef<long> >(c10::ArrayRef<long>, c10::ArrayRef<long>, c10::Allocator*, c10::DispatchKeySet, c10::ScalarType) | ??:?:at::detail::empty_strided_generic(c10::ArrayRef<long>, c10::ArrayRef<long>, c10::Allocator*, c10::DispatchKeySet, c10::ScalarType)"
active_allocated,19071917012,17.762106854468584,FullRank,0,memlive_3b_fullrank_distopt_offload,DistOpt+offload,post_optimizer_step,unavailable
active_allocated,67518477,0.06288148183375597,FullRank,0,memlive_3b_fullrank_distopt_offload,DistOpt+offload,post_optimizer_step,"??:?:torch::unwind::unwind() | ??:?:torch::CapturedTraceback::gather(bool, bool, bool) | memory_snapshot.cpp:?:torch::cuda::(anonymous namespace)::gather_with_cpp() | CUDACachingAllocator.cpp:?:c10::cuda::CUDACachingAllocator::Native::DeviceCachingAllocator::malloc(signed char, unsigned long, CUstream_st*) | ?:?:c10::cuda::CUDACachingAllocator::Native::NativeCachingAllocator::malloc(void**, signed char, unsigned long, CUstream_st*) | ?:?:c10::cuda::CUDACachingAllocator::Native::NativeCachingAllocator::allocate(unsigned long) | ?:?:at::TensorBase at::detail::_empty_generic<long>(c10::ArrayRef<long>, c10::Allocator*, c10::DispatchKeySet, c10::ScalarType, std::optional<c10::MemoryFormat>) | ??:?:at::detail::empty_generic(c10::ArrayRef<long>, c10::Allocator*, c10::DispatchKeySet, c10::ScalarType, std::optional<c10::MemoryFormat>)"
active_allocated,17039360,0.015869140625,FullRank,0,memlive_3b_fullrank_distopt_offload,DistOpt+offload,post_optimizer_step,"??:?:torch::unwind::unwind() | ??:?:torch::CapturedTraceback::gather(bool, bool, bool) | memory_snapshot.cpp:?:torch::cuda::(anonymous namespace)::gather_with_cpp() | CUDACachingAllocator.cpp:?:c10::cuda::CUDACachingAllocator::Native::DeviceCachingAllocator::malloc(signed char, unsigned long, CUstream_st*) | ?:?:c10::cuda::CUDACachingAllocator::Native::NativeCachingAllocator::malloc(void**, signed char, unsigned long, CUstream_st*) | ?:?:c10::cuda::CUDACachingAllocator::Native::NativeCachingAllocator::allocate(unsigned long) | ?:?:at::cuda::getNewWorkspace() | ??:?:at::cuda::getCurrentCUDABlasHandle()"
active_allocated,1077252,0.0010032691061496735,FullRank,0,memlive_3b_fullrank_distopt_offload,DistOpt+offload,post_optimizer_step,"??:?:torch::unwind::unwind() | ??:?:torch::CapturedTraceback::gather(bool, bool, bool) | memory_snapshot.cpp:?:torch::cuda::(anonymous namespace)::gather_with_cpp() | CUDACachingAllocator.cpp:?:c10::cuda::CUDACachingAllocator::Native::DeviceCachingAllocator::malloc(signed char, unsigned long, CUstream_st*) | ?:?:c10::cuda::CUDACachingAllocator::Native::NativeCachingAllocator::malloc(void**, signed char, unsigned long, CUstream_st*) | ?:?:c10::cuda::CUDACachingAllocator::Native::NativeCachingAllocator::allocate(unsigned long) | ?:?:at::TensorBase at::detail::_empty_strided_generic<c10::ArrayRef<long> >(c10::ArrayRef<long>, c10::ArrayRef<long>, c10::Allocator*, c10::DispatchKeySet, c10::ScalarType) | ??:?:at::detail::empty_strided_generic(c10::ArrayRef<long>, c10::ArrayRef<long>, c10::Allocator*, c10::DispatchKeySet, c10::ScalarType)"
active_allocated,19071917012,17.762106854468584,FullRank,0,memlive_3b_fullrank_distopt_offload,DistOpt+offload,post_optimizer_step,unavailable
active_allocated,67518477,0.06288148183375597,FullRank,0,memlive_3b_fullrank_distopt_offload,DistOpt+offload,post_optimizer_step,"??:?:torch::unwind::unwind() | ??:?:torch::CapturedTraceback::gather(bool, bool, bool) | memory_snapshot.cpp:?:torch::cuda::(anonymous namespace)::gather_with_cpp() | CUDACachingAllocator.cpp:?:c10::cuda::CUDACachingAllocator::Native::DeviceCachingAllocator::malloc(signed char, unsigned long, CUstream_st*) | ?:?:c10::cuda::CUDACachingAllocator::Native::NativeCachingAllocator::malloc(void**, signed char, unsigned long, CUstream_st*) | ?:?:c10::cuda::CUDACachingAllocator::Native::NativeCachingAllocator::allocate(unsigned long) | ?:?:at::TensorBase at::detail::_empty_generic<long>(c10::ArrayRef<long>, c10::Allocator*, c10::DispatchKeySet, c10::ScalarType, std::optional<c10::MemoryFormat>) | ??:?:at::detail::empty_generic(c10::ArrayRef<long>, c10::Allocator*, c10::DispatchKeySet, c10::ScalarType, std::optional<c10::MemoryFormat>)"
active_allocated,17039360,0.015869140625,FullRank,0,memlive_3b_fullrank_distopt_offload,DistOpt+offload,post_optimizer_step,"??:?:torch::unwind::unwind() | ??:?:torch::CapturedTraceback::gather(bool, bool, bool) | memory_snapshot.cpp:?:torch::cuda::(anonymous namespace)::gather_with_cpp() | CUDACachingAllocator.cpp:?:c10::cuda::CUDACachingAllocator::Native::DeviceCachingAllocator::malloc(signed char, unsigned long, CUstream_st*) | ?:?:c10::cuda::CUDACachingAllocator::Native::NativeCachingAllocator::malloc(void**, signed char, unsigned long, CUstream_st*) | ?:?:c10::cuda::CUDACachingAllocator::Native::NativeCachingAllocator::allocate(unsigned long) | ?:?:at::cuda::getNewWorkspace() | ??:?:at::cuda::getCurrentCUDABlasHandle()"
active_allocated,1077252,0.0010032691061496735,FullRank,0,memlive_3b_fullrank_distopt_offload,DistOpt+offload,post_optimizer_step,"??:?:torch::unwind::unwind() | ??:?:torch::CapturedTraceback::gather(bool, bool, bool) | memory_snapshot.cpp:?:torch::cuda::(anonymous namespace)::gather_with_cpp() | CUDACachingAllocator.cpp:?:c10::cuda::CUDACachingAllocator::Native::DeviceCachingAllocator::malloc(signed char, unsigned long, CUstream_st*) | ?:?:c10::cuda::CUDACachingAllocator::Native::NativeCachingAllocator::malloc(void**, signed char, unsigned long, CUstream_st*) | ?:?:c10::cuda::CUDACachingAllocator::Native::NativeCachingAllocator::allocate(unsigned long) | ?:?:at::TensorBase at::detail::_empty_strided_generic<c10::ArrayRef<long> >(c10::ArrayRef<long>, c10::ArrayRef<long>, c10::Allocator*, c10::DispatchKeySet, c10::ScalarType) | ??:?:at::detail::empty_strided_generic(c10::ArrayRef<long>, c10::ArrayRef<long>, c10::Allocator*, c10::DispatchKeySet, c10::ScalarType)"
active_allocated,19071917012,17.762106854468584,FullRank,0,memlive_3b_fullrank_distopt_offload,DistOpt+offload,post_optimizer_step,unavailable
active_allocated,67518477,0.06288148183375597,FullRank,0,memlive_3b_fullrank_distopt_offload,DistOpt+offload,post_optimizer_step,"??:?:torch::unwind::unwind() | ??:?:torch::CapturedTraceback::gather(bool, bool, bool) | memory_snapshot.cpp:?:torch::cuda::(anonymous namespace)::gather_with_cpp() | CUDACachingAllocator.cpp:?:c10::cuda::CUDACachingAllocator::Native::DeviceCachingAllocator::malloc(signed char, unsigned long, CUstream_st*) | ?:?:c10::cuda::CUDACachingAllocator::Native::NativeCachingAllocator::malloc(void**, signed char, unsigned long, CUstream_st*) | ?:?:c10::cuda::CUDACachingAllocator::Native::NativeCachingAllocator::allocate(unsigned long) | ?:?:at::TensorBase at::detail::_empty_generic<long>(c10::ArrayRef<long>, c10::Allocator*, c10::DispatchKeySet, c10::ScalarType, std::optional<c10::MemoryFormat>) | ??:?:at::detail::empty_generic(c10::ArrayRef<long>, c10::Allocator*, c10::DispatchKeySet, c10::ScalarType, std::optional<c10::MemoryFormat>)"
active_allocated,17039360,0.015869140625,FullRank,0,memlive_3b_fullrank_distopt_offload,DistOpt+offload,post_optimizer_step,"??:?:torch::unwind::unwind() | ??:?:torch::CapturedTraceback::gather(bool, bool, bool) | memory_snapshot.cpp:?:torch::cuda::(anonymous namespace)::gather_with_cpp() | CUDACachingAllocator.cpp:?:c10::cuda::CUDACachingAllocator::Native::DeviceCachingAllocator::malloc(signed char, unsigned long, CUstream_st*) | ?:?:c10::cuda::CUDACachingAllocator::Native::NativeCachingAllocator::malloc(void**, signed char, unsigned long, CUstream_st*) | ?:?:c10::cuda::CUDACachingAllocator::Native::NativeCachingAllocator::allocate(unsigned long) | ?:?:at::cuda::getNewWorkspace() | ??:?:at::cuda::getCurrentCUDABlasHandle()"
active_allocated,1077252,0.0010032691061496735,FullRank,0,memlive_3b_fullrank_distopt_offload,DistOpt+offload,post_optimizer_step,"??:?:torch::unwind::unwind() | ??:?:torch::CapturedTraceback::gather(bool, bool, bool) | memory_snapshot.cpp:?:torch::cuda::(anonymous namespace)::gather_with_cpp() | CUDACachingAllocator.cpp:?:c10::cuda::CUDACachingAllocator::Native::DeviceCachingAllocator::malloc(signed char, unsigned long, CUstream_st*) | ?:?:c10::cuda::CUDACachingAllocator::Native::NativeCachingAllocator::malloc(void**, signed char, unsigned long, CUstream_st*) | ?:?:c10::cuda::CUDACachingAllocator::Native::NativeCachingAllocator::allocate(unsigned long) | ?:?:at::TensorBase at::detail::_empty_strided_generic<c10::ArrayRef<long> >(c10::ArrayRef<long>, c10::ArrayRef<long>, c10::Allocator*, c10::DispatchKeySet, c10::ScalarType) | ??:?:at::detail::empty_strided_generic(c10::ArrayRef<long>, c10::ArrayRef<long>, c10::Allocator*, c10::DispatchKeySet, c10::ScalarType)"
active_allocated,19071917012,17.762106854468584,FullRank,0,memlive_3b_fullrank_distopt_offload,DistOpt+offload,post_optimizer_step,unavailable
active_allocated,67518477,0.06288148183375597,FullRank,0,memlive_3b_fullrank_distopt_offload,DistOpt+offload,post_optimizer_step,"??:?:torch::unwind::unwind() | ??:?:torch::CapturedTraceback::gather(bool, bool, bool) | memory_snapshot.cpp:?:torch::cuda::(anonymous namespace)::gather_with_cpp() | CUDACachingAllocator.cpp:?:c10::cuda::CUDACachingAllocator::Native::DeviceCachingAllocator::malloc(signed char, unsigned long, CUstream_st*) | ?:?:c10::cuda::CUDACachingAllocator::Native::NativeCachingAllocator::malloc(void**, signed char, unsigned long, CUstream_st*) | ?:?:c10::cuda::CUDACachingAllocator::Native::NativeCachingAllocator::allocate(unsigned long) | ?:?:at::TensorBase at::detail::_empty_generic<long>(c10::ArrayRef<long>, c10::Allocator*, c10::DispatchKeySet, c10::ScalarType, std::optional<c10::MemoryFormat>) | ??:?:at::detail::empty_generic(c10::ArrayRef<long>, c10::Allocator*, c10::DispatchKeySet, c10::ScalarType, std::optional<c10::MemoryFormat>)"
active_allocated,17039360,0.015869140625,FullRank,0,memlive_3b_fullrank_distopt_offload,DistOpt+offload,post_optimizer_step,"??:?:torch::unwind::unwind() | ??:?:torch::CapturedTraceback::gather(bool, bool, bool) | memory_snapshot.cpp:?:torch::cuda::(anonymous namespace)::gather_with_cpp() | CUDACachingAllocator.cpp:?:c10::cuda::CUDACachingAllocator::Native::DeviceCachingAllocator::malloc(signed char, unsigned long, CUstream_st*) | ?:?:c10::cuda::CUDACachingAllocator::Native::NativeCachingAllocator::malloc(void**, signed char, unsigned long, CUstream_st*) | ?:?:c10::cuda::CUDACachingAllocator::Native::NativeCachingAllocator::allocate(unsigned long) | ?:?:at::cuda::getNewWorkspace() | ??:?:at::cuda::getCurrentCUDABlasHandle()"
active_allocated,1077252,0.0010032691061496735,FullRank,0,memlive_3b_fullrank_distopt_offload,DistOpt+offload,post_optimizer_step,"??:?:torch::unwind::unwind() | ??:?:torch::CapturedTraceback::gather(bool, bool, bool) | memory_snapshot.cpp:?:torch::cuda::(anonymous namespace)::gather_with_cpp() | CUDACachingAllocator.cpp:?:c10::cuda::CUDACachingAllocator::Native::DeviceCachingAllocator::malloc(signed char, unsigned long, CUstream_st*) | ?:?:c10::cuda::CUDACachingAllocator::Native::NativeCachingAllocator::malloc(void**, signed char, unsigned long, CUstream_st*) | ?:?:c10::cuda::CUDACachingAllocator::Native::NativeCachingAllocator::allocate(unsigned long) | ?:?:at::TensorBase at::detail::_empty_strided_generic<c10::ArrayRef<long> >(c10::ArrayRef<long>, c10::ArrayRef<long>, c10::Allocator*, c10::DispatchKeySet, c10::ScalarType) | ??:?:at::detail::empty_strided_generic(c10::ArrayRef<long>, c10::ArrayRef<long>, c10::Allocator*, c10::DispatchKeySet, c10::ScalarType)"
active_allocated,19071917012,17.762106854468584,FullRank,0,memlive_3b_fullrank_distopt_offload,DistOpt+offload,post_optimizer_step,unavailable
active_allocated,67518477,0.06288148183375597,FullRank,0,memlive_3b_fullrank_distopt_offload,DistOpt+offload,post_optimizer_step,"??:?:torch::unwind::unwind() | ??:?:torch::CapturedTraceback::gather(bool, bool, bool) | memory_snapshot.cpp:?:torch::cuda::(anonymous namespace)::gather_with_cpp() | CUDACachingAllocator.cpp:?:c10::cuda::CUDACachingAllocator::Native::DeviceCachingAllocator::malloc(signed char, unsigned long, CUstream_st*) | ?:?:c10::cuda::CUDACachingAllocator::Native::NativeCachingAllocator::malloc(void**, signed char, unsigned long, CUstream_st*) | ?:?:c10::cuda::CUDACachingAllocator::Native::NativeCachingAllocator::allocate(unsigned long) | ?:?:at::TensorBase at::detail::_empty_generic<long>(c10::ArrayRef<long>, c10::Allocator*, c10::DispatchKeySet, c10::ScalarType, std::optional<c10::MemoryFormat>) | ??:?:at::detail::empty_generic(c10::ArrayRef<long>, c10::Allocator*, c10::DispatchKeySet, c10::ScalarType, std::optional<c10::MemoryFormat>)"
active_allocated,17039360,0.015869140625,FullRank,0,memlive_3b_fullrank_distopt_offload,DistOpt+offload,post_optimizer_step,"??:?:torch::unwind::unwind() | ??:?:torch::CapturedTraceback::gather(bool, bool, bool) | memory_snapshot.cpp:?:torch::cuda::(anonymous namespace)::gather_with_cpp() | CUDACachingAllocator.cpp:?:c10::cuda::CUDACachingAllocator::Native::DeviceCachingAllocator::malloc(signed char, unsigned long, CUstream_st*) | ?:?:c10::cuda::CUDACachingAllocator::Native::NativeCachingAllocator::malloc(void**, signed char, unsigned long, CUstream_st*) | ?:?:c10::cuda::CUDACachingAllocator::Native::NativeCachingAllocator::allocate(unsigned long) | ?:?:at::cuda::getNewWorkspace() | ??:?:at::cuda::getCurrentCUDABlasHandle()"
active_allocated,1077252,0.0010032691061496735,FullRank,0,memlive_3b_fullrank_distopt_offload,DistOpt+offload,post_optimizer_step,"??:?:torch::unwind::unwind() | ??:?:torch::CapturedTraceback::gather(bool, bool, bool) | memory_snapshot.cpp:?:torch::cuda::(anonymous namespace)::gather_with_cpp() | CUDACachingAllocator.cpp:?:c10::cuda::CUDACachingAllocator::Native::DeviceCachingAllocator::malloc(signed char, unsigned long, CUstream_st*) | ?:?:c10::cuda::CUDACachingAllocator::Native::NativeCachingAllocator::malloc(void**, signed char, unsigned long, CUstream_st*) | ?:?:c10::cuda::CUDACachingAllocator::Native::NativeCachingAllocator::allocate(unsigned long) | ?:?:at::TensorBase at::detail::_empty_strided_generic<c10::ArrayRef<long> >(c10::ArrayRef<long>, c10::ArrayRef<long>, c10::Allocator*, c10::DispatchKeySet, c10::ScalarType) | ??:?:at::detail::empty_strided_generic(c10::ArrayRef<long>, c10::ArrayRef<long>, c10::Allocator*, c10::DispatchKeySet, c10::ScalarType)"
active_allocated,19071917012,17.762106854468584,FullRank,0,memlive_3b_fullrank_distopt_offload,DistOpt+offload,post_optimizer_step,unavailable
active_allocated,67518477,0.06288148183375597,FullRank,0,memlive_3b_fullrank_distopt_offload,DistOpt+offload,post_optimizer_step,"??:?:torch::unwind::unwind() | ??:?:torch::CapturedTraceback::gather(bool, bool, bool) | memory_snapshot.cpp:?:torch::cuda::(anonymous namespace)::gather_with_cpp() | CUDACachingAllocator.cpp:?:c10::cuda::CUDACachingAllocator::Native::DeviceCachingAllocator::malloc(signed char, unsigned long, CUstream_st*) | ?:?:c10::cuda::CUDACachingAllocator::Native::NativeCachingAllocator::malloc(void**, signed char, unsigned long, CUstream_st*) | ?:?:c10::cuda::CUDACachingAllocator::Native::NativeCachingAllocator::allocate(unsigned long) | ?:?:at::TensorBase at::detail::_empty_generic<long>(c10::ArrayRef<long>, c10::Allocator*, c10::DispatchKeySet, c10::ScalarType, std::optional<c10::MemoryFormat>) | ??:?:at::detail::empty_generic(c10::ArrayRef<long>, c10::Allocator*, c10::DispatchKeySet, c10::ScalarType, std::optional<c10::MemoryFormat>)"
active_allocated,17039360,0.015869140625,FullRank,0,memlive_3b_fullrank_distopt_offload,DistOpt+offload,post_optimizer_step,"??:?:torch::unwind::unwind() | ??:?:torch::CapturedTraceback::gather(bool, bool, bool) | memory_snapshot.cpp:?:torch::cuda::(anonymous namespace)::gather_with_cpp() | CUDACachingAllocator.cpp:?:c10::cuda::CUDACachingAllocator::Native::DeviceCachingAllocator::malloc(signed char, unsigned long, CUstream_st*) | ?:?:c10::cuda::CUDACachingAllocator::Native::NativeCachingAllocator::malloc(void**, signed char, unsigned long, CUstream_st*) | ?:?:c10::cuda::CUDACachingAllocator::Native::NativeCachingAllocator::allocate(unsigned long) | ?:?:at::cuda::getNewWorkspace() | ??:?:at::cuda::getCurrentCUDABlasHandle()"
active_allocated,1077252,0.0010032691061496735,FullRank,0,memlive_3b_fullrank_distopt_offload,DistOpt+offload,post_optimizer_step,"??:?:torch::unwind::unwind() | ??:?:torch::CapturedTraceback::gather(bool, bool, bool) | memory_snapshot.cpp:?:torch::cuda::(anonymous namespace)::gather_with_cpp() | CUDACachingAllocator.cpp:?:c10::cuda::CUDACachingAllocator::Native::DeviceCachingAllocator::malloc(signed char, unsigned long, CUstream_st*) | ?:?:c10::cuda::CUDACachingAllocator::Native::NativeCachingAllocator::malloc(void**, signed char, unsigned long, CUstream_st*) | ?:?:c10::cuda::CUDACachingAllocator::Native::NativeCachingAllocator::allocate(unsigned long) | ?:?:at::TensorBase at::detail::_empty_strided_generic<c10::ArrayRef<long> >(c10::ArrayRef<long>, c10::ArrayRef<long>, c10::Allocator*, c10::DispatchKeySet, c10::ScalarType) | ??:?:at::detail::empty_strided_generic(c10::ArrayRef<long>, c10::ArrayRef<long>, c10::Allocator*, c10::DispatchKeySet, c10::ScalarType)"
active_allocated,19071917012,17.762106854468584,FullRank,0,memlive_3b_fullrank_distopt_offload,DistOpt+offload,post_optimizer_step,unavailable
active_allocated,67518477,0.06288148183375597,FullRank,0,memlive_3b_fullrank_distopt_offload,DistOpt+offload,post_optimizer_step,"??:?:torch::unwind::unwind() | ??:?:torch::CapturedTraceback::gather(bool, bool, bool) | memory_snapshot.cpp:?:torch::cuda::(anonymous namespace)::gather_with_cpp() | CUDACachingAllocator.cpp:?:c10::cuda::CUDACachingAllocator::Native::DeviceCachingAllocator::malloc(signed char, unsigned long, CUstream_st*) | ?:?:c10::cuda::CUDACachingAllocator::Native::NativeCachingAllocator::malloc(void**, signed char, unsigned long, CUstream_st*) | ?:?:c10::cuda::CUDACachingAllocator::Native::NativeCachingAllocator::allocate(unsigned long) | ?:?:at::TensorBase at::detail::_empty_generic<long>(c10::ArrayRef<long>, c10::Allocator*, c10::DispatchKeySet, c10::ScalarType, std::optional<c10::MemoryFormat>) | ??:?:at::detail::empty_generic(c10::ArrayRef<long>, c10::Allocator*, c10::DispatchKeySet, c10::ScalarType, std::optional<c10::MemoryFormat>)"
active_allocated,17039360,0.015869140625,FullRank,0,memlive_3b_fullrank_distopt_offload,DistOpt+offload,post_optimizer_step,"??:?:torch::unwind::unwind() | ??:?:torch::CapturedTraceback::gather(bool, bool, bool) | memory_snapshot.cpp:?:torch::cuda::(anonymous namespace)::gather_with_cpp() | CUDACachingAllocator.cpp:?:c10::cuda::CUDACachingAllocator::Native::DeviceCachingAllocator::malloc(signed char, unsigned long, CUstream_st*) | ?:?:c10::cuda::CUDACachingAllocator::Native::NativeCachingAllocator::malloc(void**, signed char, unsigned long, CUstream_st*) | ?:?:c10::cuda::CUDACachingAllocator::Native::NativeCachingAllocator::allocate(unsigned long) | ?:?:at::cuda::getNewWorkspace() | ??:?:at::cuda::getCurrentCUDABlasHandle()"
active_allocated,1077252,0.0010032691061496735,FullRank,0,memlive_3b_fullrank_distopt_offload,DistOpt+offload,post_optimizer_step,"??:?:torch::unwind::unwind() | ??:?:torch::CapturedTraceback::gather(bool, bool, bool) | memory_snapshot.cpp:?:torch::cuda::(anonymous namespace)::gather_with_cpp() | CUDACachingAllocator.cpp:?:c10::cuda::CUDACachingAllocator::Native::DeviceCachingAllocator::malloc(signed char, unsigned long, CUstream_st*) | ?:?:c10::cuda::CUDACachingAllocator::Native::NativeCachingAllocator::malloc(void**, signed char, unsigned long, CUstream_st*) | ?:?:c10::cuda::CUDACachingAllocator::Native::NativeCachingAllocator::allocate(unsigned long) | ?:?:at::TensorBase at::detail::_empty_strided_generic<c10::ArrayRef<long> >(c10::ArrayRef<long>, c10::ArrayRef<long>, c10::Allocator*, c10::DispatchKeySet, c10::ScalarType) | ??:?:at::detail::empty_strided_generic(c10::ArrayRef<long>, c10::ArrayRef<long>, c10::Allocator*, c10::DispatchKeySet, c10::ScalarType)"
active_allocated,19071917012,17.762106854468584,FullRank,0,memlive_3b_fullrank_distopt_offload,DistOpt+offload,post_optimizer_step,unavailable
active_allocated,67518477,0.06288148183375597,FullRank,0,memlive_3b_fullrank_distopt_offload,DistOpt+offload,post_optimizer_step,"??:?:torch::unwind::unwind() | ??:?:torch::CapturedTraceback::gather(bool, bool, bool) | memory_snapshot.cpp:?:torch::cuda::(anonymous namespace)::gather_with_cpp() | CUDACachingAllocator.cpp:?:c10::cuda::CUDACachingAllocator::Native::DeviceCachingAllocator::malloc(signed char, unsigned long, CUstream_st*) | ?:?:c10::cuda::CUDACachingAllocator::Native::NativeCachingAllocator::malloc(void**, signed char, unsigned long, CUstream_st*) | ?:?:c10::cuda::CUDACachingAllocator::Native::NativeCachingAllocator::allocate(unsigned long) | ?:?:at::TensorBase at::detail::_empty_generic<long>(c10::ArrayRef<long>, c10::Allocator*, c10::DispatchKeySet, c10::ScalarType, std::optional<c10::MemoryFormat>) | ??:?:at::detail::empty_generic(c10::ArrayRef<long>, c10::Allocator*, c10::DispatchKeySet, c10::ScalarType, std::optional<c10::MemoryFormat>)"
active_allocated,17039360,0.015869140625,FullRank,0,memlive_3b_fullrank_distopt_offload,DistOpt+offload,post_optimizer_step,"??:?:torch::unwind::unwind() | ??:?:torch::CapturedTraceback::gather(bool, bool, bool) | memory_snapshot.cpp:?:torch::cuda::(anonymous namespace)::gather_with_cpp() | CUDACachingAllocator.cpp:?:c10::cuda::CUDACachingAllocator::Native::DeviceCachingAllocator::malloc(signed char, unsigned long, CUstream_st*) | ?:?:c10::cuda::CUDACachingAllocator::Native::NativeCachingAllocator::malloc(void**, signed char, unsigned long, CUstream_st*) | ?:?:c10::cuda::CUDACachingAllocator::Native::NativeCachingAllocator::allocate(unsigned long) | ?:?:at::cuda::getNewWorkspace() | ??:?:at::cuda::getCurrentCUDABlasHandle()"
active_allocated,1077252,0.0010032691061496735,FullRank,0,memlive_3b_fullrank_distopt_offload,DistOpt+offload,post_optimizer_step,"??:?:torch::unwind::unwind() | ??:?:torch::CapturedTraceback::gather(bool, bool, bool) | memory_snapshot.cpp:?:torch::cuda::(anonymous namespace)::gather_with_cpp() | CUDACachingAllocator.cpp:?:c10::cuda::CUDACachingAllocator::Native::DeviceCachingAllocator::malloc(signed char, unsigned long, CUstream_st*) | ?:?:c10::cuda::CUDACachingAllocator::Native::NativeCachingAllocator::malloc(void**, signed char, unsigned long, CUstream_st*) | ?:?:c10::cuda::CUDACachingAllocator::Native::NativeCachingAllocator::allocate(unsigned long) | ?:?:at::TensorBase at::detail::_empty_strided_generic<c10::ArrayRef<long> >(c10::ArrayRef<long>, c10::ArrayRef<long>, c10::Allocator*, c10::DispatchKeySet, c10::ScalarType) | ??:?:at::detail::empty_strided_generic(c10::ArrayRef<long>, c10::ArrayRef<long>, c10::Allocator*, c10::DispatchKeySet, c10::ScalarType)"
active_allocated,19071917012,17.762106854468584,FullRank,0,memlive_3b_fullrank_distopt_offload,DistOpt+offload,steady_state_after_iter_10,unavailable
active_allocated,67518469,0.06288147438317537,FullRank,0,memlive_3b_fullrank_distopt_offload,DistOpt+offload,steady_state_after_iter_10,"??:?:torch::unwind::unwind() | ??:?:torch::CapturedTraceback::gather(bool, bool, bool) | memory_snapshot.cpp:?:torch::cuda::(anonymous namespace)::gather_with_cpp() | CUDACachingAllocator.cpp:?:c10::cuda::CUDACachingAllocator::Native::DeviceCachingAllocator::malloc(signed char, unsigned long, CUstream_st*) | ?:?:c10::cuda::CUDACachingAllocator::Native::NativeCachingAllocator::malloc(void**, signed char, unsigned long, CUstream_st*) | ?:?:c10::cuda::CUDACachingAllocator::Native::NativeCachingAllocator::allocate(unsigned long) | ?:?:at::TensorBase at::detail::_empty_generic<long>(c10::ArrayRef<long>, c10::Allocator*, c10::DispatchKeySet, c10::ScalarType, std::optional<c10::MemoryFormat>) | ??:?:at::detail::empty_generic(c10::ArrayRef<long>, c10::Allocator*, c10::DispatchKeySet, c10::ScalarType, std::optional<c10::MemoryFormat>)"
active_allocated,17039360,0.015869140625,FullRank,0,memlive_3b_fullrank_distopt_offload,DistOpt+offload,steady_state_after_iter_10,"??:?:torch::unwind::unwind() | ??:?:torch::CapturedTraceback::gather(bool, bool, bool) | memory_snapshot.cpp:?:torch::cuda::(anonymous namespace)::gather_with_cpp() | CUDACachingAllocator.cpp:?:c10::cuda::CUDACachingAllocator::Native::DeviceCachingAllocator::malloc(signed char, unsigned long, CUstream_st*) | ?:?:c10::cuda::CUDACachingAllocator::Native::NativeCachingAllocator::malloc(void**, signed char, unsigned long, CUstream_st*) | ?:?:c10::cuda::CUDACachingAllocator::Native::NativeCachingAllocator::allocate(unsigned long) | ?:?:at::cuda::getNewWorkspace() | ??:?:at::cuda::getCurrentCUDABlasHandle()"
active_allocated,1077252,0.0010032691061496735,FullRank,0,memlive_3b_fullrank_distopt_offload,DistOpt+offload,steady_state_after_iter_10,"??:?:torch::unwind::unwind() | ??:?:torch::CapturedTraceback::gather(bool, bool, bool) | memory_snapshot.cpp:?:torch::cuda::(anonymous namespace)::gather_with_cpp() | CUDACachingAllocator.cpp:?:c10::cuda::CUDACachingAllocator::Native::DeviceCachingAllocator::malloc(signed char, unsigned long, CUstream_st*) | ?:?:c10::cuda::CUDACachingAllocator::Native::NativeCachingAllocator::malloc(void**, signed char, unsigned long, CUstream_st*) | ?:?:c10::cuda::CUDACachingAllocator::Native::NativeCachingAllocator::allocate(unsigned long) | ?:?:at::TensorBase at::detail::_empty_strided_generic<c10::ArrayRef<long> >(c10::ArrayRef<long>, c10::ArrayRef<long>, c10::Allocator*, c10::DispatchKeySet, c10::ScalarType) | ??:?:at::detail::empty_strided_generic(c10::ArrayRef<long>, c10::ArrayRef<long>, c10::Allocator*, c10::DispatchKeySet, c10::ScalarType)"
active_allocated,7956256216,7.409841023385525,FullRank,0,memlive_3b_fullrank_fsdp,FSDP,post_backward,unavailable
active_allocated,67518473,0.06288147810846567,FullRank,0,memlive_3b_fullrank_fsdp,FSDP,post_backward,"??:?:torch::unwind::unwind() | ??:?:torch::CapturedTraceback::gather(bool, bool, bool) | memory_snapshot.cpp:?:torch::cuda::(anonymous namespace)::gather_with_cpp() | CUDACachingAllocator.cpp:?:c10::cuda::CUDACachingAllocator::Native::DeviceCachingAllocator::malloc(signed char, unsigned long, CUstream_st*) | ?:?:c10::cuda::CUDACachingAllocator::Native::NativeCachingAllocator::malloc(void**, signed char, unsigned long, CUstream_st*) | ?:?:c10::cuda::CUDACachingAllocator::Native::NativeCachingAllocator::allocate(unsigned long) | ?:?:at::TensorBase at::detail::_empty_generic<long>(c10::ArrayRef<long>, c10::Allocator*, c10::DispatchKeySet, c10::ScalarType, std::optional<c10::MemoryFormat>) | ??:?:at::detail::empty_generic(c10::ArrayRef<long>, c10::Allocator*, c10::DispatchKeySet, c10::ScalarType, std::optional<c10::MemoryFormat>)"
active_allocated,17039360,0.015869140625,FullRank,0,memlive_3b_fullrank_fsdp,FSDP,post_backward,"??:?:torch::unwind::unwind() | ??:?:torch::CapturedTraceback::gather(bool, bool, bool) | memory_snapshot.cpp:?:torch::cuda::(anonymous namespace)::gather_with_cpp() | CUDACachingAllocator.cpp:?:c10::cuda::CUDACachingAllocator::Native::DeviceCachingAllocator::malloc(signed char, unsigned long, CUstream_st*) | ?:?:c10::cuda::CUDACachingAllocator::Native::NativeCachingAllocator::malloc(void**, signed char, unsigned long, CUstream_st*) | ?:?:c10::cuda::CUDACachingAllocator::Native::NativeCachingAllocator::allocate(unsigned long) | ?:?:at::cuda::getNewWorkspace() | ??:?:at::cuda::getCurrentCUDABlasHandle()"
active_allocated,1077248,0.001003265380859375,FullRank,0,memlive_3b_fullrank_fsdp,FSDP,post_backward,"??:?:torch::unwind::unwind() | ??:?:torch::CapturedTraceback::gather(bool, bool, bool) | memory_snapshot.cpp:?:torch::cuda::(anonymous namespace)::gather_with_cpp() | CUDACachingAllocator.cpp:?:c10::cuda::CUDACachingAllocator::Native::DeviceCachingAllocator::malloc(signed char, unsigned long, CUstream_st*) | ?:?:c10::cuda::CUDACachingAllocator::Native::NativeCachingAllocator::malloc(void**, signed char, unsigned long, CUstream_st*) | ?:?:c10::cuda::CUDACachingAllocator::Native::NativeCachingAllocator::allocate(unsigned long) | ?:?:at::TensorBase at::detail::_empty_strided_generic<c10::ArrayRef<long> >(c10::ArrayRef<long>, c10::ArrayRef<long>, c10::Allocator*, c10::DispatchKeySet, c10::ScalarType) | ??:?:at::detail::empty_strided_generic(c10::ArrayRef<long>, c10::ArrayRef<long>, c10::Allocator*, c10::DispatchKeySet, c10::ScalarType)"
active_allocated,7956256217,7.409841024316847,FullRank,0,memlive_3b_fullrank_fsdp,FSDP,post_init,unavailable
active_allocated,1752736216,1.6323628053069115,FullRank,0,memlive_3b_fullrank_fsdp_fsdp_4layer,FSDP,post_backward,unavailable
active_allocated,67518473,0.06288147810846567,FullRank,0,memlive_3b_fullrank_fsdp_fsdp_4layer,FSDP,post_backward,"??:?:torch::unwind::unwind() | ??:?:torch::CapturedTraceback::gather(bool, bool, bool) | memory_snapshot.cpp:?:torch::cuda::(anonymous namespace)::gather_with_cpp() | CUDACachingAllocator.cpp:?:c10::cuda::CUDACachingAllocator::Native::DeviceCachingAllocator::malloc(signed char, unsigned long, CUstream_st*) | ?:?:c10::cuda::CUDACachingAllocator::Native::NativeCachingAllocator::malloc(void**, signed char, unsigned long, CUstream_st*) | ?:?:c10::cuda::CUDACachingAllocator::Native::NativeCachingAllocator::allocate(unsigned long) | ?:?:at::TensorBase at::detail::_empty_generic<long>(c10::ArrayRef<long>, c10::Allocator*, c10::DispatchKeySet, c10::ScalarType, std::optional<c10::MemoryFormat>) | ??:?:at::detail::empty_generic(c10::ArrayRef<long>, c10::Allocator*, c10::DispatchKeySet, c10::ScalarType, std::optional<c10::MemoryFormat>)"
active_allocated,17039360,0.015869140625,FullRank,0,memlive_3b_fullrank_fsdp_fsdp_4layer,FSDP,post_backward,"??:?:torch::unwind::unwind() | ??:?:torch::CapturedTraceback::gather(bool, bool, bool) | memory_snapshot.cpp:?:torch::cuda::(anonymous namespace)::gather_with_cpp() | CUDACachingAllocator.cpp:?:c10::cuda::CUDACachingAllocator::Native::DeviceCachingAllocator::malloc(signed char, unsigned long, CUstream_st*) | ?:?:c10::cuda::CUDACachingAllocator::Native::NativeCachingAllocator::malloc(void**, signed char, unsigned long, CUstream_st*) | ?:?:c10::cuda::CUDACachingAllocator::Native::NativeCachingAllocator::allocate(unsigned long) | ?:?:at::cuda::getNewWorkspace() | ??:?:at::cuda::getCurrentCUDABlasHandle()"
active_allocated,1077248,0.001003265380859375,FullRank,0,memlive_3b_fullrank_fsdp_fsdp_4layer,FSDP,post_backward,"??:?:torch::unwind::unwind() | ??:?:torch::CapturedTraceback::gather(bool, bool, bool) | memory_snapshot.cpp:?:torch::cuda::(anonymous namespace)::gather_with_cpp() | CUDACachingAllocator.cpp:?:c10::cuda::CUDACachingAllocator::Native::DeviceCachingAllocator::malloc(signed char, unsigned long, CUstream_st*) | ?:?:c10::cuda::CUDACachingAllocator::Native::NativeCachingAllocator::malloc(void**, signed char, unsigned long, CUstream_st*) | ?:?:c10::cuda::CUDACachingAllocator::Native::NativeCachingAllocator::allocate(unsigned long) | ?:?:at::TensorBase at::detail::_empty_strided_generic<c10::ArrayRef<long> >(c10::ArrayRef<long>, c10::ArrayRef<long>, c10::Allocator*, c10::DispatchKeySet, c10::ScalarType) | ??:?:at::detail::empty_strided_generic(c10::ArrayRef<long>, c10::ArrayRef<long>, c10::Allocator*, c10::DispatchKeySet, c10::ScalarType)"
active_allocated,1752736217,1.632362806238234,FullRank,0,memlive_3b_fullrank_fsdp_fsdp_4layer,FSDP,post_init,unavailable
active_allocated,7956256212,7.4098410196602345,FullRank,0,memlive_3b_fullrank_fsdp_offload,FSDP+offload,post_backward,unavailable
active_allocated,67518473,0.06288147810846567,FullRank,0,memlive_3b_fullrank_fsdp_offload,FSDP+offload,post_backward,"??:?:torch::unwind::unwind() | ??:?:torch::CapturedTraceback::gather(bool, bool, bool) | memory_snapshot.cpp:?:torch::cuda::(anonymous namespace)::gather_with_cpp() | CUDACachingAllocator.cpp:?:c10::cuda::CUDACachingAllocator::Native::DeviceCachingAllocator::malloc(signed char, unsigned long, CUstream_st*) | ?:?:c10::cuda::CUDACachingAllocator::Native::NativeCachingAllocator::malloc(void**, signed char, unsigned long, CUstream_st*) | ?:?:c10::cuda::CUDACachingAllocator::Native::NativeCachingAllocator::allocate(unsigned long) | ?:?:at::TensorBase at::detail::_empty_generic<long>(c10::ArrayRef<long>, c10::Allocator*, c10::DispatchKeySet, c10::ScalarType, std::optional<c10::MemoryFormat>) | ??:?:at::detail::empty_generic(c10::ArrayRef<long>, c10::Allocator*, c10::DispatchKeySet, c10::ScalarType, std::optional<c10::MemoryFormat>)"
active_allocated,17039360,0.015869140625,FullRank,0,memlive_3b_fullrank_fsdp_offload,FSDP+offload,post_backward,"??:?:torch::unwind::unwind() | ??:?:torch::CapturedTraceback::gather(bool, bool, bool) | memory_snapshot.cpp:?:torch::cuda::(anonymous namespace)::gather_with_cpp() | CUDACachingAllocator.cpp:?:c10::cuda::CUDACachingAllocator::Native::DeviceCachingAllocator::malloc(signed char, unsigned long, CUstream_st*) | ?:?:c10::cuda::CUDACachingAllocator::Native::NativeCachingAllocator::malloc(void**, signed char, unsigned long, CUstream_st*) | ?:?:c10::cuda::CUDACachingAllocator::Native::NativeCachingAllocator::allocate(unsigned long) | ?:?:at::cuda::getNewWorkspace() | ??:?:at::cuda::getCurrentCUDABlasHandle()"
active_allocated,1077248,0.001003265380859375,FullRank,0,memlive_3b_fullrank_fsdp_offload,FSDP+offload,post_backward,"??:?:torch::unwind::unwind() | ??:?:torch::CapturedTraceback::gather(bool, bool, bool) | memory_snapshot.cpp:?:torch::cuda::(anonymous namespace)::gather_with_cpp() | CUDACachingAllocator.cpp:?:c10::cuda::CUDACachingAllocator::Native::DeviceCachingAllocator::malloc(signed char, unsigned long, CUstream_st*) | ?:?:c10::cuda::CUDACachingAllocator::Native::NativeCachingAllocator::malloc(void**, signed char, unsigned long, CUstream_st*) | ?:?:c10::cuda::CUDACachingAllocator::Native::NativeCachingAllocator::allocate(unsigned long) | ?:?:at::TensorBase at::detail::_empty_strided_generic<c10::ArrayRef<long> >(c10::ArrayRef<long>, c10::ArrayRef<long>, c10::Allocator*, c10::DispatchKeySet, c10::ScalarType) | ??:?:at::detail::empty_strided_generic(c10::ArrayRef<long>, c10::ArrayRef<long>, c10::Allocator*, c10::DispatchKeySet, c10::ScalarType)"
active_allocated,7956256212,7.4098410196602345,FullRank,0,memlive_3b_fullrank_fsdp_offload,FSDP+offload,post_backward,unavailable
active_allocated,67518481,0.06288148555904627,FullRank,0,memlive_3b_fullrank_fsdp_offload,FSDP+offload,post_backward,"??:?:torch::unwind::unwind() | ??:?:torch::CapturedTraceback::gather(bool, bool, bool) | memory_snapshot.cpp:?:torch::cuda::(anonymous namespace)::gather_with_cpp() | CUDACachingAllocator.cpp:?:c10::cuda::CUDACachingAllocator::Native::DeviceCachingAllocator::malloc(signed char, unsigned long, CUstream_st*) | ?:?:c10::cuda::CUDACachingAllocator::Native::NativeCachingAllocator::malloc(void**, signed char, unsigned long, CUstream_st*) | ?:?:c10::cuda::CUDACachingAllocator::Native::NativeCachingAllocator::allocate(unsigned long) | ?:?:at::TensorBase at::detail::_empty_generic<long>(c10::ArrayRef<long>, c10::Allocator*, c10::DispatchKeySet, c10::ScalarType, std::optional<c10::MemoryFormat>) | ??:?:at::detail::empty_generic(c10::ArrayRef<long>, c10::Allocator*, c10::DispatchKeySet, c10::ScalarType, std::optional<c10::MemoryFormat>)"
active_allocated,17039360,0.015869140625,FullRank,0,memlive_3b_fullrank_fsdp_offload,FSDP+offload,post_backward,"??:?:torch::unwind::unwind() | ??:?:torch::CapturedTraceback::gather(bool, bool, bool) | memory_snapshot.cpp:?:torch::cuda::(anonymous namespace)::gather_with_cpp() | CUDACachingAllocator.cpp:?:c10::cuda::CUDACachingAllocator::Native::DeviceCachingAllocator::malloc(signed char, unsigned long, CUstream_st*) | ?:?:c10::cuda::CUDACachingAllocator::Native::NativeCachingAllocator::malloc(void**, signed char, unsigned long, CUstream_st*) | ?:?:c10::cuda::CUDACachingAllocator::Native::NativeCachingAllocator::allocate(unsigned long) | ?:?:at::cuda::getNewWorkspace() | ??:?:at::cuda::getCurrentCUDABlasHandle()"
active_allocated,1077248,0.001003265380859375,FullRank,0,memlive_3b_fullrank_fsdp_offload,FSDP+offload,post_backward,"??:?:torch::unwind::unwind() | ??:?:torch::CapturedTraceback::gather(bool, bool, bool) | memory_snapshot.cpp:?:torch::cuda::(anonymous namespace)::gather_with_cpp() | CUDACachingAllocator.cpp:?:c10::cuda::CUDACachingAllocator::Native::DeviceCachingAllocator::malloc(signed char, unsigned long, CUstream_st*) | ?:?:c10::cuda::CUDACachingAllocator::Native::NativeCachingAllocator::malloc(void**, signed char, unsigned long, CUstream_st*) | ?:?:c10::cuda::CUDACachingAllocator::Native::NativeCachingAllocator::allocate(unsigned long) | ?:?:at::TensorBase at::detail::_empty_strided_generic<c10::ArrayRef<long> >(c10::ArrayRef<long>, c10::ArrayRef<long>, c10::Allocator*, c10::DispatchKeySet, c10::ScalarType) | ??:?:at::detail::empty_strided_generic(c10::ArrayRef<long>, c10::ArrayRef<long>, c10::Allocator*, c10::DispatchKeySet, c10::ScalarType)"
active_allocated,7956256212,7.4098410196602345,FullRank,0,memlive_3b_fullrank_fsdp_offload,FSDP+offload,post_backward,unavailable
active_allocated,67518477,0.06288148183375597,FullRank,0,memlive_3b_fullrank_fsdp_offload,FSDP+offload,post_backward,"??:?:torch::unwind::unwind() | ??:?:torch::CapturedTraceback::gather(bool, bool, bool) | memory_snapshot.cpp:?:torch::cuda::(anonymous namespace)::gather_with_cpp() | CUDACachingAllocator.cpp:?:c10::cuda::CUDACachingAllocator::Native::DeviceCachingAllocator::malloc(signed char, unsigned long, CUstream_st*) | ?:?:c10::cuda::CUDACachingAllocator::Native::NativeCachingAllocator::malloc(void**, signed char, unsigned long, CUstream_st*) | ?:?:c10::cuda::CUDACachingAllocator::Native::NativeCachingAllocator::allocate(unsigned long) | ?:?:at::TensorBase at::detail::_empty_generic<long>(c10::ArrayRef<long>, c10::Allocator*, c10::DispatchKeySet, c10::ScalarType, std::optional<c10::MemoryFormat>) | ??:?:at::detail::empty_generic(c10::ArrayRef<long>, c10::Allocator*, c10::DispatchKeySet, c10::ScalarType, std::optional<c10::MemoryFormat>)"
active_allocated,17039360,0.015869140625,FullRank,0,memlive_3b_fullrank_fsdp_offload,FSDP+offload,post_backward,"??:?:torch::unwind::unwind() | ??:?:torch::CapturedTraceback::gather(bool, bool, bool) | memory_snapshot.cpp:?:torch::cuda::(anonymous namespace)::gather_with_cpp() | CUDACachingAllocator.cpp:?:c10::cuda::CUDACachingAllocator::Native::DeviceCachingAllocator::malloc(signed char, unsigned long, CUstream_st*) | ?:?:c10::cuda::CUDACachingAllocator::Native::NativeCachingAllocator::malloc(void**, signed char, unsigned long, CUstream_st*) | ?:?:c10::cuda::CUDACachingAllocator::Native::NativeCachingAllocator::allocate(unsigned long) | ?:?:at::cuda::getNewWorkspace() | ??:?:at::cuda::getCurrentCUDABlasHandle()"
active_allocated,1077252,0.0010032691061496735,FullRank,0,memlive_3b_fullrank_fsdp_offload,FSDP+offload,post_backward,"??:?:torch::unwind::unwind() | ??:?:torch::CapturedTraceback::gather(bool, bool, bool) | memory_snapshot.cpp:?:torch::cuda::(anonymous namespace)::gather_with_cpp() | CUDACachingAllocator.cpp:?:c10::cuda::CUDACachingAllocator::Native::DeviceCachingAllocator::malloc(signed char, unsigned long, CUstream_st*) | ?:?:c10::cuda::CUDACachingAllocator::Native::NativeCachingAllocator::malloc(void**, signed char, unsigned long, CUstream_st*) | ?:?:c10::cuda::CUDACachingAllocator::Native::NativeCachingAllocator::allocate(unsigned long) | ?:?:at::TensorBase at::detail::_empty_strided_generic<c10::ArrayRef<long> >(c10::ArrayRef<long>, c10::ArrayRef<long>, c10::Allocator*, c10::DispatchKeySet, c10::ScalarType) | ??:?:at::detail::empty_strided_generic(c10::ArrayRef<long>, c10::ArrayRef<long>, c10::Allocator*, c10::DispatchKeySet, c10::ScalarType)"
active_allocated,7956256212,7.4098410196602345,FullRank,0,memlive_3b_fullrank_fsdp_offload,FSDP+offload,post_backward,unavailable
active_allocated,67518477,0.06288148183375597,FullRank,0,memlive_3b_fullrank_fsdp_offload,FSDP+offload,post_backward,"??:?:torch::unwind::unwind() | ??:?:torch::CapturedTraceback::gather(bool, bool, bool) | memory_snapshot.cpp:?:torch::cuda::(anonymous namespace)::gather_with_cpp() | CUDACachingAllocator.cpp:?:c10::cuda::CUDACachingAllocator::Native::DeviceCachingAllocator::malloc(signed char, unsigned long, CUstream_st*) | ?:?:c10::cuda::CUDACachingAllocator::Native::NativeCachingAllocator::malloc(void**, signed char, unsigned long, CUstream_st*) | ?:?:c10::cuda::CUDACachingAllocator::Native::NativeCachingAllocator::allocate(unsigned long) | ?:?:at::TensorBase at::detail::_empty_generic<long>(c10::ArrayRef<long>, c10::Allocator*, c10::DispatchKeySet, c10::ScalarType, std::optional<c10::MemoryFormat>) | ??:?:at::detail::empty_generic(c10::ArrayRef<long>, c10::Allocator*, c10::DispatchKeySet, c10::ScalarType, std::optional<c10::MemoryFormat>)"
active_allocated,17039360,0.015869140625,FullRank,0,memlive_3b_fullrank_fsdp_offload,FSDP+offload,post_backward,"??:?:torch::unwind::unwind() | ??:?:torch::CapturedTraceback::gather(bool, bool, bool) | memory_snapshot.cpp:?:torch::cuda::(anonymous namespace)::gather_with_cpp() | CUDACachingAllocator.cpp:?:c10::cuda::CUDACachingAllocator::Native::DeviceCachingAllocator::malloc(signed char, unsigned long, CUstream_st*) | ?:?:c10::cuda::CUDACachingAllocator::Native::NativeCachingAllocator::malloc(void**, signed char, unsigned long, CUstream_st*) | ?:?:c10::cuda::CUDACachingAllocator::Native::NativeCachingAllocator::allocate(unsigned long) | ?:?:at::cuda::getNewWorkspace() | ??:?:at::cuda::getCurrentCUDABlasHandle()"
active_allocated,1077252,0.0010032691061496735,FullRank,0,memlive_3b_fullrank_fsdp_offload,FSDP+offload,post_backward,"??:?:torch::unwind::unwind() | ??:?:torch::CapturedTraceback::gather(bool, bool, bool) | memory_snapshot.cpp:?:torch::cuda::(anonymous namespace)::gather_with_cpp() | CUDACachingAllocator.cpp:?:c10::cuda::CUDACachingAllocator::Native::DeviceCachingAllocator::malloc(signed char, unsigned long, CUstream_st*) | ?:?:c10::cuda::CUDACachingAllocator::Native::NativeCachingAllocator::malloc(void**, signed char, unsigned long, CUstream_st*) | ?:?:c10::cuda::CUDACachingAllocator::Native::NativeCachingAllocator::allocate(unsigned long) | ?:?:at::TensorBase at::detail::_empty_strided_generic<c10::ArrayRef<long> >(c10::ArrayRef<long>, c10::ArrayRef<long>, c10::Allocator*, c10::DispatchKeySet, c10::ScalarType) | ??:?:at::detail::empty_strided_generic(c10::ArrayRef<long>, c10::ArrayRef<long>, c10::Allocator*, c10::DispatchKeySet, c10::ScalarType)"
active_allocated,7956256212,7.4098410196602345,FullRank,0,memlive_3b_fullrank_fsdp_offload,FSDP+offload,post_backward,unavailable
active_allocated,67518477,0.06288148183375597,FullRank,0,memlive_3b_fullrank_fsdp_offload,FSDP+offload,post_backward,"??:?:torch::unwind::unwind() | ??:?:torch::CapturedTraceback::gather(bool, bool, bool) | memory_snapshot.cpp:?:torch::cuda::(anonymous namespace)::gather_with_cpp() | CUDACachingAllocator.cpp:?:c10::cuda::CUDACachingAllocator::Native::DeviceCachingAllocator::malloc(signed char, unsigned long, CUstream_st*) | ?:?:c10::cuda::CUDACachingAllocator::Native::NativeCachingAllocator::malloc(void**, signed char, unsigned long, CUstream_st*) | ?:?:c10::cuda::CUDACachingAllocator::Native::NativeCachingAllocator::allocate(unsigned long) | ?:?:at::TensorBase at::detail::_empty_generic<long>(c10::ArrayRef<long>, c10::Allocator*, c10::DispatchKeySet, c10::ScalarType, std::optional<c10::MemoryFormat>) | ??:?:at::detail::empty_generic(c10::ArrayRef<long>, c10::Allocator*, c10::DispatchKeySet, c10::ScalarType, std::optional<c10::MemoryFormat>)"
active_allocated,17039360,0.015869140625,FullRank,0,memlive_3b_fullrank_fsdp_offload,FSDP+offload,post_backward,"??:?:torch::unwind::unwind() | ??:?:torch::CapturedTraceback::gather(bool, bool, bool) | memory_snapshot.cpp:?:torch::cuda::(anonymous namespace)::gather_with_cpp() | CUDACachingAllocator.cpp:?:c10::cuda::CUDACachingAllocator::Native::DeviceCachingAllocator::malloc(signed char, unsigned long, CUstream_st*) | ?:?:c10::cuda::CUDACachingAllocator::Native::NativeCachingAllocator::malloc(void**, signed char, unsigned long, CUstream_st*) | ?:?:c10::cuda::CUDACachingAllocator::Native::NativeCachingAllocator::allocate(unsigned long) | ?:?:at::cuda::getNewWorkspace() | ??:?:at::cuda::getCurrentCUDABlasHandle()"
active_allocated,1077252,0.0010032691061496735,FullRank,0,memlive_3b_fullrank_fsdp_offload,FSDP+offload,post_backward,"??:?:torch::unwind::unwind() | ??:?:torch::CapturedTraceback::gather(bool, bool, bool) | memory_snapshot.cpp:?:torch::cuda::(anonymous namespace)::gather_with_cpp() | CUDACachingAllocator.cpp:?:c10::cuda::CUDACachingAllocator::Native::DeviceCachingAllocator::malloc(signed char, unsigned long, CUstream_st*) | ?:?:c10::cuda::CUDACachingAllocator::Native::NativeCachingAllocator::malloc(void**, signed char, unsigned long, CUstream_st*) | ?:?:c10::cuda::CUDACachingAllocator::Native::NativeCachingAllocator::allocate(unsigned long) | ?:?:at::TensorBase at::detail::_empty_strided_generic<c10::ArrayRef<long> >(c10::ArrayRef<long>, c10::ArrayRef<long>, c10::Allocator*, c10::DispatchKeySet, c10::ScalarType) | ??:?:at::detail::empty_strided_generic(c10::ArrayRef<long>, c10::ArrayRef<long>, c10::Allocator*, c10::DispatchKeySet, c10::ScalarType)"
active_allocated,7956256212,7.4098410196602345,FullRank,0,memlive_3b_fullrank_fsdp_offload,FSDP+offload,post_backward,unavailable
active_allocated,67518477,0.06288148183375597,FullRank,0,memlive_3b_fullrank_fsdp_offload,FSDP+offload,post_backward,"??:?:torch::unwind::unwind() | ??:?:torch::CapturedTraceback::gather(bool, bool, bool) | memory_snapshot.cpp:?:torch::cuda::(anonymous namespace)::gather_with_cpp() | CUDACachingAllocator.cpp:?:c10::cuda::CUDACachingAllocator::Native::DeviceCachingAllocator::malloc(signed char, unsigned long, CUstream_st*) | ?:?:c10::cuda::CUDACachingAllocator::Native::NativeCachingAllocator::malloc(void**, signed char, unsigned long, CUstream_st*) | ?:?:c10::cuda::CUDACachingAllocator::Native::NativeCachingAllocator::allocate(unsigned long) | ?:?:at::TensorBase at::detail::_empty_generic<long>(c10::ArrayRef<long>, c10::Allocator*, c10::DispatchKeySet, c10::ScalarType, std::optional<c10::MemoryFormat>) | ??:?:at::detail::empty_generic(c10::ArrayRef<long>, c10::Allocator*, c10::DispatchKeySet, c10::ScalarType, std::optional<c10::MemoryFormat>)"
active_allocated,17039360,0.015869140625,FullRank,0,memlive_3b_fullrank_fsdp_offload,FSDP+offload,post_backward,"??:?:torch::unwind::unwind() | ??:?:torch::CapturedTraceback::gather(bool, bool, bool) | memory_snapshot.cpp:?:torch::cuda::(anonymous namespace)::gather_with_cpp() | CUDACachingAllocator.cpp:?:c10::cuda::CUDACachingAllocator::Native::DeviceCachingAllocator::malloc(signed char, unsigned long, CUstream_st*) | ?:?:c10::cuda::CUDACachingAllocator::Native::NativeCachingAllocator::malloc(void**, signed char, unsigned long, CUstream_st*) | ?:?:c10::cuda::CUDACachingAllocator::Native::NativeCachingAllocator::allocate(unsigned long) | ?:?:at::cuda::getNewWorkspace() | ??:?:at::cuda::getCurrentCUDABlasHandle()"
active_allocated,1077252,0.0010032691061496735,FullRank,0,memlive_3b_fullrank_fsdp_offload,FSDP+offload,post_backward,"??:?:torch::unwind::unwind() | ??:?:torch::CapturedTraceback::gather(bool, bool, bool) | memory_snapshot.cpp:?:torch::cuda::(anonymous namespace)::gather_with_cpp() | CUDACachingAllocator.cpp:?:c10::cuda::CUDACachingAllocator::Native::DeviceCachingAllocator::malloc(signed char, unsigned long, CUstream_st*) | ?:?:c10::cuda::CUDACachingAllocator::Native::NativeCachingAllocator::malloc(void**, signed char, unsigned long, CUstream_st*) | ?:?:c10::cuda::CUDACachingAllocator::Native::NativeCachingAllocator::allocate(unsigned long) | ?:?:at::TensorBase at::detail::_empty_strided_generic<c10::ArrayRef<long> >(c10::ArrayRef<long>, c10::ArrayRef<long>, c10::Allocator*, c10::DispatchKeySet, c10::ScalarType) | ??:?:at::detail::empty_strided_generic(c10::ArrayRef<long>, c10::ArrayRef<long>, c10::Allocator*, c10::DispatchKeySet, c10::ScalarType)"
active_allocated,7956256212,7.4098410196602345,FullRank,0,memlive_3b_fullrank_fsdp_offload,FSDP+offload,post_backward,unavailable
active_allocated,67518477,0.06288148183375597,FullRank,0,memlive_3b_fullrank_fsdp_offload,FSDP+offload,post_backward,"??:?:torch::unwind::unwind() | ??:?:torch::CapturedTraceback::gather(bool, bool, bool) | memory_snapshot.cpp:?:torch::cuda::(anonymous namespace)::gather_with_cpp() | CUDACachingAllocator.cpp:?:c10::cuda::CUDACachingAllocator::Native::DeviceCachingAllocator::malloc(signed char, unsigned long, CUstream_st*) | ?:?:c10::cuda::CUDACachingAllocator::Native::NativeCachingAllocator::malloc(void**, signed char, unsigned long, CUstream_st*) | ?:?:c10::cuda::CUDACachingAllocator::Native::NativeCachingAllocator::allocate(unsigned long) | ?:?:at::TensorBase at::detail::_empty_generic<long>(c10::ArrayRef<long>, c10::Allocator*, c10::DispatchKeySet, c10::ScalarType, std::optional<c10::MemoryFormat>) | ??:?:at::detail::empty_generic(c10::ArrayRef<long>, c10::Allocator*, c10::DispatchKeySet, c10::ScalarType, std::optional<c10::MemoryFormat>)"
active_allocated,17039360,0.015869140625,FullRank,0,memlive_3b_fullrank_fsdp_offload,FSDP+offload,post_backward,"??:?:torch::unwind::unwind() | ??:?:torch::CapturedTraceback::gather(bool, bool, bool) | memory_snapshot.cpp:?:torch::cuda::(anonymous namespace)::gather_with_cpp() | CUDACachingAllocator.cpp:?:c10::cuda::CUDACachingAllocator::Native::DeviceCachingAllocator::malloc(signed char, unsigned long, CUstream_st*) | ?:?:c10::cuda::CUDACachingAllocator::Native::NativeCachingAllocator::malloc(void**, signed char, unsigned long, CUstream_st*) | ?:?:c10::cuda::CUDACachingAllocator::Native::NativeCachingAllocator::allocate(unsigned long) | ?:?:at::cuda::getNewWorkspace() | ??:?:at::cuda::getCurrentCUDABlasHandle()"
active_allocated,1077252,0.0010032691061496735,FullRank,0,memlive_3b_fullrank_fsdp_offload,FSDP+offload,post_backward,"??:?:torch::unwind::unwind() | ??:?:torch::CapturedTraceback::gather(bool, bool, bool) | memory_snapshot.cpp:?:torch::cuda::(anonymous namespace)::gather_with_cpp() | CUDACachingAllocator.cpp:?:c10::cuda::CUDACachingAllocator::Native::DeviceCachingAllocator::malloc(signed char, unsigned long, CUstream_st*) | ?:?:c10::cuda::CUDACachingAllocator::Native::NativeCachingAllocator::malloc(void**, signed char, unsigned long, CUstream_st*) | ?:?:c10::cuda::CUDACachingAllocator::Native::NativeCachingAllocator::allocate(unsigned long) | ?:?:at::TensorBase at::detail::_empty_strided_generic<c10::ArrayRef<long> >(c10::ArrayRef<long>, c10::ArrayRef<long>, c10::Allocator*, c10::DispatchKeySet, c10::ScalarType) | ??:?:at::detail::empty_strided_generic(c10::ArrayRef<long>, c10::ArrayRef<long>, c10::Allocator*, c10::DispatchKeySet, c10::ScalarType)"
active_allocated,7956256212,7.4098410196602345,FullRank,0,memlive_3b_fullrank_fsdp_offload,FSDP+offload,post_backward,unavailable
active_allocated,67518477,0.06288148183375597,FullRank,0,memlive_3b_fullrank_fsdp_offload,FSDP+offload,post_backward,"??:?:torch::unwind::unwind() | ??:?:torch::CapturedTraceback::gather(bool, bool, bool) | memory_snapshot.cpp:?:torch::cuda::(anonymous namespace)::gather_with_cpp() | CUDACachingAllocator.cpp:?:c10::cuda::CUDACachingAllocator::Native::DeviceCachingAllocator::malloc(signed char, unsigned long, CUstream_st*) | ?:?:c10::cuda::CUDACachingAllocator::Native::NativeCachingAllocator::malloc(void**, signed char, unsigned long, CUstream_st*) | ?:?:c10::cuda::CUDACachingAllocator::Native::NativeCachingAllocator::allocate(unsigned long) | ?:?:at::TensorBase at::detail::_empty_generic<long>(c10::ArrayRef<long>, c10::Allocator*, c10::DispatchKeySet, c10::ScalarType, std::optional<c10::MemoryFormat>) | ??:?:at::detail::empty_generic(c10::ArrayRef<long>, c10::Allocator*, c10::DispatchKeySet, c10::ScalarType, std::optional<c10::MemoryFormat>)"
active_allocated,17039360,0.015869140625,FullRank,0,memlive_3b_fullrank_fsdp_offload,FSDP+offload,post_backward,"??:?:torch::unwind::unwind() | ??:?:torch::CapturedTraceback::gather(bool, bool, bool) | memory_snapshot.cpp:?:torch::cuda::(anonymous namespace)::gather_with_cpp() | CUDACachingAllocator.cpp:?:c10::cuda::CUDACachingAllocator::Native::DeviceCachingAllocator::malloc(signed char, unsigned long, CUstream_st*) | ?:?:c10::cuda::CUDACachingAllocator::Native::NativeCachingAllocator::malloc(void**, signed char, unsigned long, CUstream_st*) | ?:?:c10::cuda::CUDACachingAllocator::Native::NativeCachingAllocator::allocate(unsigned long) | ?:?:at::cuda::getNewWorkspace() | ??:?:at::cuda::getCurrentCUDABlasHandle()"
active_allocated,1077252,0.0010032691061496735,FullRank,0,memlive_3b_fullrank_fsdp_offload,FSDP+offload,post_backward,"??:?:torch::unwind::unwind() | ??:?:torch::CapturedTraceback::gather(bool, bool, bool) | memory_snapshot.cpp:?:torch::cuda::(anonymous namespace)::gather_with_cpp() | CUDACachingAllocator.cpp:?:c10::cuda::CUDACachingAllocator::Native::DeviceCachingAllocator::malloc(signed char, unsigned long, CUstream_st*) | ?:?:c10::cuda::CUDACachingAllocator::Native::NativeCachingAllocator::malloc(void**, signed char, unsigned long, CUstream_st*) | ?:?:c10::cuda::CUDACachingAllocator::Native::NativeCachingAllocator::allocate(unsigned long) | ?:?:at::TensorBase at::detail::_empty_strided_generic<c10::ArrayRef<long> >(c10::ArrayRef<long>, c10::ArrayRef<long>, c10::Allocator*, c10::DispatchKeySet, c10::ScalarType) | ??:?:at::detail::empty_strided_generic(c10::ArrayRef<long>, c10::ArrayRef<long>, c10::Allocator*, c10::DispatchKeySet, c10::ScalarType)"
active_allocated,7956256212,7.4098410196602345,FullRank,0,memlive_3b_fullrank_fsdp_offload,FSDP+offload,post_backward,unavailable
active_allocated,67518477,0.06288148183375597,FullRank,0,memlive_3b_fullrank_fsdp_offload,FSDP+offload,post_backward,"??:?:torch::unwind::unwind() | ??:?:torch::CapturedTraceback::gather(bool, bool, bool) | memory_snapshot.cpp:?:torch::cuda::(anonymous namespace)::gather_with_cpp() | CUDACachingAllocator.cpp:?:c10::cuda::CUDACachingAllocator::Native::DeviceCachingAllocator::malloc(signed char, unsigned long, CUstream_st*) | ?:?:c10::cuda::CUDACachingAllocator::Native::NativeCachingAllocator::malloc(void**, signed char, unsigned long, CUstream_st*) | ?:?:c10::cuda::CUDACachingAllocator::Native::NativeCachingAllocator::allocate(unsigned long) | ?:?:at::TensorBase at::detail::_empty_generic<long>(c10::ArrayRef<long>, c10::Allocator*, c10::DispatchKeySet, c10::ScalarType, std::optional<c10::MemoryFormat>) | ??:?:at::detail::empty_generic(c10::ArrayRef<long>, c10::Allocator*, c10::DispatchKeySet, c10::ScalarType, std::optional<c10::MemoryFormat>)"
active_allocated,17039360,0.015869140625,FullRank,0,memlive_3b_fullrank_fsdp_offload,FSDP+offload,post_backward,"??:?:torch::unwind::unwind() | ??:?:torch::CapturedTraceback::gather(bool, bool, bool) | memory_snapshot.cpp:?:torch::cuda::(anonymous namespace)::gather_with_cpp() | CUDACachingAllocator.cpp:?:c10::cuda::CUDACachingAllocator::Native::DeviceCachingAllocator::malloc(signed char, unsigned long, CUstream_st*) | ?:?:c10::cuda::CUDACachingAllocator::Native::NativeCachingAllocator::malloc(void**, signed char, unsigned long, CUstream_st*) | ?:?:c10::cuda::CUDACachingAllocator::Native::NativeCachingAllocator::allocate(unsigned long) | ?:?:at::cuda::getNewWorkspace() | ??:?:at::cuda::getCurrentCUDABlasHandle()"
active_allocated,1077252,0.0010032691061496735,FullRank,0,memlive_3b_fullrank_fsdp_offload,FSDP+offload,post_backward,"??:?:torch::unwind::unwind() | ??:?:torch::CapturedTraceback::gather(bool, bool, bool) | memory_snapshot.cpp:?:torch::cuda::(anonymous namespace)::gather_with_cpp() | CUDACachingAllocator.cpp:?:c10::cuda::CUDACachingAllocator::Native::DeviceCachingAllocator::malloc(signed char, unsigned long, CUstream_st*) | ?:?:c10::cuda::CUDACachingAllocator::Native::NativeCachingAllocator::malloc(void**, signed char, unsigned long, CUstream_st*) | ?:?:c10::cuda::CUDACachingAllocator::Native::NativeCachingAllocator::allocate(unsigned long) | ?:?:at::TensorBase at::detail::_empty_strided_generic<c10::ArrayRef<long> >(c10::ArrayRef<long>, c10::ArrayRef<long>, c10::Allocator*, c10::DispatchKeySet, c10::ScalarType) | ??:?:at::detail::empty_strided_generic(c10::ArrayRef<long>, c10::ArrayRef<long>, c10::Allocator*, c10::DispatchKeySet, c10::ScalarType)"
active_allocated,7956256212,7.4098410196602345,FullRank,0,memlive_3b_fullrank_fsdp_offload,FSDP+offload,post_backward,unavailable
active_allocated,67518477,0.06288148183375597,FullRank,0,memlive_3b_fullrank_fsdp_offload,FSDP+offload,post_backward,"??:?:torch::unwind::unwind() | ??:?:torch::CapturedTraceback::gather(bool, bool, bool) | memory_snapshot.cpp:?:torch::cuda::(anonymous namespace)::gather_with_cpp() | CUDACachingAllocator.cpp:?:c10::cuda::CUDACachingAllocator::Native::DeviceCachingAllocator::malloc(signed char, unsigned long, CUstream_st*) | ?:?:c10::cuda::CUDACachingAllocator::Native::NativeCachingAllocator::malloc(void**, signed char, unsigned long, CUstream_st*) | ?:?:c10::cuda::CUDACachingAllocator::Native::NativeCachingAllocator::allocate(unsigned long) | ?:?:at::TensorBase at::detail::_empty_generic<long>(c10::ArrayRef<long>, c10::Allocator*, c10::DispatchKeySet, c10::ScalarType, std::optional<c10::MemoryFormat>) | ??:?:at::detail::empty_generic(c10::ArrayRef<long>, c10::Allocator*, c10::DispatchKeySet, c10::ScalarType, std::optional<c10::MemoryFormat>)"
active_allocated,17039360,0.015869140625,FullRank,0,memlive_3b_fullrank_fsdp_offload,FSDP+offload,post_backward,"??:?:torch::unwind::unwind() | ??:?:torch::CapturedTraceback::gather(bool, bool, bool) | memory_snapshot.cpp:?:torch::cuda::(anonymous namespace)::gather_with_cpp() | CUDACachingAllocator.cpp:?:c10::cuda::CUDACachingAllocator::Native::DeviceCachingAllocator::malloc(signed char, unsigned long, CUstream_st*) | ?:?:c10::cuda::CUDACachingAllocator::Native::NativeCachingAllocator::malloc(void**, signed char, unsigned long, CUstream_st*) | ?:?:c10::cuda::CUDACachingAllocator::Native::NativeCachingAllocator::allocate(unsigned long) | ?:?:at::cuda::getNewWorkspace() | ??:?:at::cuda::getCurrentCUDABlasHandle()"
active_allocated,1077252,0.0010032691061496735,FullRank,0,memlive_3b_fullrank_fsdp_offload,FSDP+offload,post_backward,"??:?:torch::unwind::unwind() | ??:?:torch::CapturedTraceback::gather(bool, bool, bool) | memory_snapshot.cpp:?:torch::cuda::(anonymous namespace)::gather_with_cpp() | CUDACachingAllocator.cpp:?:c10::cuda::CUDACachingAllocator::Native::DeviceCachingAllocator::malloc(signed char, unsigned long, CUstream_st*) | ?:?:c10::cuda::CUDACachingAllocator::Native::NativeCachingAllocator::malloc(void**, signed char, unsigned long, CUstream_st*) | ?:?:c10::cuda::CUDACachingAllocator::Native::NativeCachingAllocator::allocate(unsigned long) | ?:?:at::TensorBase at::detail::_empty_strided_generic<c10::ArrayRef<long> >(c10::ArrayRef<long>, c10::ArrayRef<long>, c10::Allocator*, c10::DispatchKeySet, c10::ScalarType) | ??:?:at::detail::empty_strided_generic(c10::ArrayRef<long>, c10::ArrayRef<long>, c10::Allocator*, c10::DispatchKeySet, c10::ScalarType)"
active_allocated,7956256212,7.4098410196602345,FullRank,0,memlive_3b_fullrank_fsdp_offload,FSDP+offload,post_backward,unavailable
active_allocated,67518477,0.06288148183375597,FullRank,0,memlive_3b_fullrank_fsdp_offload,FSDP+offload,post_backward,"??:?:torch::unwind::unwind() | ??:?:torch::CapturedTraceback::gather(bool, bool, bool) | memory_snapshot.cpp:?:torch::cuda::(anonymous namespace)::gather_with_cpp() | CUDACachingAllocator.cpp:?:c10::cuda::CUDACachingAllocator::Native::DeviceCachingAllocator::malloc(signed char, unsigned long, CUstream_st*) | ?:?:c10::cuda::CUDACachingAllocator::Native::NativeCachingAllocator::malloc(void**, signed char, unsigned long, CUstream_st*) | ?:?:c10::cuda::CUDACachingAllocator::Native::NativeCachingAllocator::allocate(unsigned long) | ?:?:at::TensorBase at::detail::_empty_generic<long>(c10::ArrayRef<long>, c10::Allocator*, c10::DispatchKeySet, c10::ScalarType, std::optional<c10::MemoryFormat>) | ??:?:at::detail::empty_generic(c10::ArrayRef<long>, c10::Allocator*, c10::DispatchKeySet, c10::ScalarType, std::optional<c10::MemoryFormat>)"
active_allocated,17039360,0.015869140625,FullRank,0,memlive_3b_fullrank_fsdp_offload,FSDP+offload,post_backward,"??:?:torch::unwind::unwind() | ??:?:torch::CapturedTraceback::gather(bool, bool, bool) | memory_snapshot.cpp:?:torch::cuda::(anonymous namespace)::gather_with_cpp() | CUDACachingAllocator.cpp:?:c10::cuda::CUDACachingAllocator::Native::DeviceCachingAllocator::malloc(signed char, unsigned long, CUstream_st*) | ?:?:c10::cuda::CUDACachingAllocator::Native::NativeCachingAllocator::malloc(void**, signed char, unsigned long, CUstream_st*) | ?:?:c10::cuda::CUDACachingAllocator::Native::NativeCachingAllocator::allocate(unsigned long) | ?:?:at::cuda::getNewWorkspace() | ??:?:at::cuda::getCurrentCUDABlasHandle()"
active_allocated,1077252,0.0010032691061496735,FullRank,0,memlive_3b_fullrank_fsdp_offload,FSDP+offload,post_backward,"??:?:torch::unwind::unwind() | ??:?:torch::CapturedTraceback::gather(bool, bool, bool) | memory_snapshot.cpp:?:torch::cuda::(anonymous namespace)::gather_with_cpp() | CUDACachingAllocator.cpp:?:c10::cuda::CUDACachingAllocator::Native::DeviceCachingAllocator::malloc(signed char, unsigned long, CUstream_st*) | ?:?:c10::cuda::CUDACachingAllocator::Native::NativeCachingAllocator::malloc(void**, signed char, unsigned long, CUstream_st*) | ?:?:c10::cuda::CUDACachingAllocator::Native::NativeCachingAllocator::allocate(unsigned long) | ?:?:at::TensorBase at::detail::_empty_strided_generic<c10::ArrayRef<long> >(c10::ArrayRef<long>, c10::ArrayRef<long>, c10::Allocator*, c10::DispatchKeySet, c10::ScalarType) | ??:?:at::detail::empty_strided_generic(c10::ArrayRef<long>, c10::ArrayRef<long>, c10::Allocator*, c10::DispatchKeySet, c10::ScalarType)"
active_allocated,7956256212,7.4098410196602345,FullRank,0,memlive_3b_fullrank_fsdp_offload,FSDP+offload,post_backward,unavailable
active_allocated,67518477,0.06288148183375597,FullRank,0,memlive_3b_fullrank_fsdp_offload,FSDP+offload,post_backward,"??:?:torch::unwind::unwind() | ??:?:torch::CapturedTraceback::gather(bool, bool, bool) | memory_snapshot.cpp:?:torch::cuda::(anonymous namespace)::gather_with_cpp() | CUDACachingAllocator.cpp:?:c10::cuda::CUDACachingAllocator::Native::DeviceCachingAllocator::malloc(signed char, unsigned long, CUstream_st*) | ?:?:c10::cuda::CUDACachingAllocator::Native::NativeCachingAllocator::malloc(void**, signed char, unsigned long, CUstream_st*) | ?:?:c10::cuda::CUDACachingAllocator::Native::NativeCachingAllocator::allocate(unsigned long) | ?:?:at::TensorBase at::detail::_empty_generic<long>(c10::ArrayRef<long>, c10::Allocator*, c10::DispatchKeySet, c10::ScalarType, std::optional<c10::MemoryFormat>) | ??:?:at::detail::empty_generic(c10::ArrayRef<long>, c10::Allocator*, c10::DispatchKeySet, c10::ScalarType, std::optional<c10::MemoryFormat>)"
active_allocated,17039360,0.015869140625,FullRank,0,memlive_3b_fullrank_fsdp_offload,FSDP+offload,post_backward,"??:?:torch::unwind::unwind() | ??:?:torch::CapturedTraceback::gather(bool, bool, bool) | memory_snapshot.cpp:?:torch::cuda::(anonymous namespace)::gather_with_cpp() | CUDACachingAllocator.cpp:?:c10::cuda::CUDACachingAllocator::Native::DeviceCachingAllocator::malloc(signed char, unsigned long, CUstream_st*) | ?:?:c10::cuda::CUDACachingAllocator::Native::NativeCachingAllocator::malloc(void**, signed char, unsigned long, CUstream_st*) | ?:?:c10::cuda::CUDACachingAllocator::Native::NativeCachingAllocator::allocate(unsigned long) | ?:?:at::cuda::getNewWorkspace() | ??:?:at::cuda::getCurrentCUDABlasHandle()"
active_allocated,1077252,0.0010032691061496735,FullRank,0,memlive_3b_fullrank_fsdp_offload,FSDP+offload,post_backward,"??:?:torch::unwind::unwind() | ??:?:torch::CapturedTraceback::gather(bool, bool, bool) | memory_snapshot.cpp:?:torch::cuda::(anonymous namespace)::gather_with_cpp() | CUDACachingAllocator.cpp:?:c10::cuda::CUDACachingAllocator::Native::DeviceCachingAllocator::malloc(signed char, unsigned long, CUstream_st*) | ?:?:c10::cuda::CUDACachingAllocator::Native::NativeCachingAllocator::malloc(void**, signed char, unsigned long, CUstream_st*) | ?:?:c10::cuda::CUDACachingAllocator::Native::NativeCachingAllocator::allocate(unsigned long) | ?:?:at::TensorBase at::detail::_empty_strided_generic<c10::ArrayRef<long> >(c10::ArrayRef<long>, c10::ArrayRef<long>, c10::Allocator*, c10::DispatchKeySet, c10::ScalarType) | ??:?:at::detail::empty_strided_generic(c10::ArrayRef<long>, c10::ArrayRef<long>, c10::Allocator*, c10::DispatchKeySet, c10::ScalarType)"
active_allocated,7956256213,7.409841020591557,FullRank,0,memlive_3b_fullrank_fsdp_offload,FSDP+offload,post_init,unavailable
active_allocated,7956256212,7.4098410196602345,FullRank,0,memlive_3b_fullrank_fsdp_offload,FSDP+offload,post_optimizer_step,unavailable
active_allocated,1650329600,1.5369892120361328,FullRank,0,memlive_3b_fullrank_fsdp_offload,FSDP+offload,post_optimizer_step,"??:?:torch::unwind::unwind() | ??:?:torch::CapturedTraceback::gather(bool, bool, bool) | memory_snapshot.cpp:?:torch::cuda::(anonymous namespace)::gather_with_cpp() | CUDACachingAllocator.cpp:?:c10::cuda::CUDACachingAllocator::Native::DeviceCachingAllocator::malloc(signed char, unsigned long, CUstream_st*) | ?:?:c10::cuda::CUDACachingAllocator::Native::NativeCachingAllocator::malloc(void**, signed char, unsigned long, CUstream_st*) | ?:?:c10::cuda::CUDACachingAllocator::Native::NativeCachingAllocator::allocate(unsigned long) | ??:?:at::native::resize_bytes_cuda(c10::StorageImpl*, unsigned long) | StorageMethods.cpp:?:THPStorage_resize_(_object*, _object*)"
active_allocated,67518473,0.06288147810846567,FullRank,0,memlive_3b_fullrank_fsdp_offload,FSDP+offload,post_optimizer_step,"??:?:torch::unwind::unwind() | ??:?:torch::CapturedTraceback::gather(bool, bool, bool) | memory_snapshot.cpp:?:torch::cuda::(anonymous namespace)::gather_with_cpp() | CUDACachingAllocator.cpp:?:c10::cuda::CUDACachingAllocator::Native::DeviceCachingAllocator::malloc(signed char, unsigned long, CUstream_st*) | ?:?:c10::cuda::CUDACachingAllocator::Native::NativeCachingAllocator::malloc(void**, signed char, unsigned long, CUstream_st*) | ?:?:c10::cuda::CUDACachingAllocator::Native::NativeCachingAllocator::allocate(unsigned long) | ?:?:at::TensorBase at::detail::_empty_generic<long>(c10::ArrayRef<long>, c10::Allocator*, c10::DispatchKeySet, c10::ScalarType, std::optional<c10::MemoryFormat>) | ??:?:at::detail::empty_generic(c10::ArrayRef<long>, c10::Allocator*, c10::DispatchKeySet, c10::ScalarType, std::optional<c10::MemoryFormat>)"
active_allocated,17039360,0.015869140625,FullRank,0,memlive_3b_fullrank_fsdp_offload,FSDP+offload,post_optimizer_step,"??:?:torch::unwind::unwind() | ??:?:torch::CapturedTraceback::gather(bool, bool, bool) | memory_snapshot.cpp:?:torch::cuda::(anonymous namespace)::gather_with_cpp() | CUDACachingAllocator.cpp:?:c10::cuda::CUDACachingAllocator::Native::DeviceCachingAllocator::malloc(signed char, unsigned long, CUstream_st*) | ?:?:c10::cuda::CUDACachingAllocator::Native::NativeCachingAllocator::malloc(void**, signed char, unsigned long, CUstream_st*) | ?:?:c10::cuda::CUDACachingAllocator::Native::NativeCachingAllocator::allocate(unsigned long) | ?:?:at::cuda::getNewWorkspace() | ??:?:at::cuda::getCurrentCUDABlasHandle()"
active_allocated,1077248,0.001003265380859375,FullRank,0,memlive_3b_fullrank_fsdp_offload,FSDP+offload,post_optimizer_step,"??:?:torch::unwind::unwind() | ??:?:torch::CapturedTraceback::gather(bool, bool, bool) | memory_snapshot.cpp:?:torch::cuda::(anonymous namespace)::gather_with_cpp() | CUDACachingAllocator.cpp:?:c10::cuda::CUDACachingAllocator::Native::DeviceCachingAllocator::malloc(signed char, unsigned long, CUstream_st*) | ?:?:c10::cuda::CUDACachingAllocator::Native::NativeCachingAllocator::malloc(void**, signed char, unsigned long, CUstream_st*) | ?:?:c10::cuda::CUDACachingAllocator::Native::NativeCachingAllocator::allocate(unsigned long) | ?:?:at::TensorBase at::detail::_empty_strided_generic<c10::ArrayRef<long> >(c10::ArrayRef<long>, c10::ArrayRef<long>, c10::Allocator*, c10::DispatchKeySet, c10::ScalarType) | ??:?:at::detail::empty_strided_generic(c10::ArrayRef<long>, c10::ArrayRef<long>, c10::Allocator*, c10::DispatchKeySet, c10::ScalarType)"
active_allocated,7956256212,7.4098410196602345,FullRank,0,memlive_3b_fullrank_fsdp_offload,FSDP+offload,post_optimizer_step,unavailable
active_allocated,1650329600,1.5369892120361328,FullRank,0,memlive_3b_fullrank_fsdp_offload,FSDP+offload,post_optimizer_step,"??:?:torch::unwind::unwind() | ??:?:torch::CapturedTraceback::gather(bool, bool, bool) | memory_snapshot.cpp:?:torch::cuda::(anonymous namespace)::gather_with_cpp() | CUDACachingAllocator.cpp:?:c10::cuda::CUDACachingAllocator::Native::DeviceCachingAllocator::malloc(signed char, unsigned long, CUstream_st*) | ?:?:c10::cuda::CUDACachingAllocator::Native::NativeCachingAllocator::malloc(void**, signed char, unsigned long, CUstream_st*) | ?:?:c10::cuda::CUDACachingAllocator::Native::NativeCachingAllocator::allocate(unsigned long) | ??:?:at::native::resize_bytes_cuda(c10::StorageImpl*, unsigned long) | StorageMethods.cpp:?:THPStorage_resize_(_object*, _object*)"
active_allocated,67518481,0.06288148555904627,FullRank,0,memlive_3b_fullrank_fsdp_offload,FSDP+offload,post_optimizer_step,"??:?:torch::unwind::unwind() | ??:?:torch::CapturedTraceback::gather(bool, bool, bool) | memory_snapshot.cpp:?:torch::cuda::(anonymous namespace)::gather_with_cpp() | CUDACachingAllocator.cpp:?:c10::cuda::CUDACachingAllocator::Native::DeviceCachingAllocator::malloc(signed char, unsigned long, CUstream_st*) | ?:?:c10::cuda::CUDACachingAllocator::Native::NativeCachingAllocator::malloc(void**, signed char, unsigned long, CUstream_st*) | ?:?:c10::cuda::CUDACachingAllocator::Native::NativeCachingAllocator::allocate(unsigned long) | ?:?:at::TensorBase at::detail::_empty_generic<long>(c10::ArrayRef<long>, c10::Allocator*, c10::DispatchKeySet, c10::ScalarType, std::optional<c10::MemoryFormat>) | ??:?:at::detail::empty_generic(c10::ArrayRef<long>, c10::Allocator*, c10::DispatchKeySet, c10::ScalarType, std::optional<c10::MemoryFormat>)"
active_allocated,17039360,0.015869140625,FullRank,0,memlive_3b_fullrank_fsdp_offload,FSDP+offload,post_optimizer_step,"??:?:torch::unwind::unwind() | ??:?:torch::CapturedTraceback::gather(bool, bool, bool) | memory_snapshot.cpp:?:torch::cuda::(anonymous namespace)::gather_with_cpp() | CUDACachingAllocator.cpp:?:c10::cuda::CUDACachingAllocator::Native::DeviceCachingAllocator::malloc(signed char, unsigned long, CUstream_st*) | ?:?:c10::cuda::CUDACachingAllocator::Native::NativeCachingAllocator::malloc(void**, signed char, unsigned long, CUstream_st*) | ?:?:c10::cuda::CUDACachingAllocator::Native::NativeCachingAllocator::allocate(unsigned long) | ?:?:at::cuda::getNewWorkspace() | ??:?:at::cuda::getCurrentCUDABlasHandle()"
active_allocated,1077248,0.001003265380859375,FullRank,0,memlive_3b_fullrank_fsdp_offload,FSDP+offload,post_optimizer_step,"??:?:torch::unwind::unwind() | ??:?:torch::CapturedTraceback::gather(bool, bool, bool) | memory_snapshot.cpp:?:torch::cuda::(anonymous namespace)::gather_with_cpp() | CUDACachingAllocator.cpp:?:c10::cuda::CUDACachingAllocator::Native::DeviceCachingAllocator::malloc(signed char, unsigned long, CUstream_st*) | ?:?:c10::cuda::CUDACachingAllocator::Native::NativeCachingAllocator::malloc(void**, signed char, unsigned long, CUstream_st*) | ?:?:c10::cuda::CUDACachingAllocator::Native::NativeCachingAllocator::allocate(unsigned long) | ?:?:at::TensorBase at::detail::_empty_strided_generic<c10::ArrayRef<long> >(c10::ArrayRef<long>, c10::ArrayRef<long>, c10::Allocator*, c10::DispatchKeySet, c10::ScalarType) | ??:?:at::detail::empty_strided_generic(c10::ArrayRef<long>, c10::ArrayRef<long>, c10::Allocator*, c10::DispatchKeySet, c10::ScalarType)"
active_allocated,7956256212,7.4098410196602345,FullRank,0,memlive_3b_fullrank_fsdp_offload,FSDP+offload,post_optimizer_step,unavailable
active_allocated,1650329600,1.5369892120361328,FullRank,0,memlive_3b_fullrank_fsdp_offload,FSDP+offload,post_optimizer_step,"??:?:torch::unwind::unwind() | ??:?:torch::CapturedTraceback::gather(bool, bool, bool) | memory_snapshot.cpp:?:torch::cuda::(anonymous namespace)::gather_with_cpp() | CUDACachingAllocator.cpp:?:c10::cuda::CUDACachingAllocator::Native::DeviceCachingAllocator::malloc(signed char, unsigned long, CUstream_st*) | ?:?:c10::cuda::CUDACachingAllocator::Native::NativeCachingAllocator::malloc(void**, signed char, unsigned long, CUstream_st*) | ?:?:c10::cuda::CUDACachingAllocator::Native::NativeCachingAllocator::allocate(unsigned long) | ??:?:at::native::resize_bytes_cuda(c10::StorageImpl*, unsigned long) | StorageMethods.cpp:?:THPStorage_resize_(_object*, _object*)"
active_allocated,67518477,0.06288148183375597,FullRank,0,memlive_3b_fullrank_fsdp_offload,FSDP+offload,post_optimizer_step,"??:?:torch::unwind::unwind() | ??:?:torch::CapturedTraceback::gather(bool, bool, bool) | memory_snapshot.cpp:?:torch::cuda::(anonymous namespace)::gather_with_cpp() | CUDACachingAllocator.cpp:?:c10::cuda::CUDACachingAllocator::Native::DeviceCachingAllocator::malloc(signed char, unsigned long, CUstream_st*) | ?:?:c10::cuda::CUDACachingAllocator::Native::NativeCachingAllocator::malloc(void**, signed char, unsigned long, CUstream_st*) | ?:?:c10::cuda::CUDACachingAllocator::Native::NativeCachingAllocator::allocate(unsigned long) | ?:?:at::TensorBase at::detail::_empty_generic<long>(c10::ArrayRef<long>, c10::Allocator*, c10::DispatchKeySet, c10::ScalarType, std::optional<c10::MemoryFormat>) | ??:?:at::detail::empty_generic(c10::ArrayRef<long>, c10::Allocator*, c10::DispatchKeySet, c10::ScalarType, std::optional<c10::MemoryFormat>)"
active_allocated,17039360,0.015869140625,FullRank,0,memlive_3b_fullrank_fsdp_offload,FSDP+offload,post_optimizer_step,"??:?:torch::unwind::unwind() | ??:?:torch::CapturedTraceback::gather(bool, bool, bool) | memory_snapshot.cpp:?:torch::cuda::(anonymous namespace)::gather_with_cpp() | CUDACachingAllocator.cpp:?:c10::cuda::CUDACachingAllocator::Native::DeviceCachingAllocator::malloc(signed char, unsigned long, CUstream_st*) | ?:?:c10::cuda::CUDACachingAllocator::Native::NativeCachingAllocator::malloc(void**, signed char, unsigned long, CUstream_st*) | ?:?:c10::cuda::CUDACachingAllocator::Native::NativeCachingAllocator::allocate(unsigned long) | ?:?:at::cuda::getNewWorkspace() | ??:?:at::cuda::getCurrentCUDABlasHandle()"
active_allocated,1077252,0.0010032691061496735,FullRank,0,memlive_3b_fullrank_fsdp_offload,FSDP+offload,post_optimizer_step,"??:?:torch::unwind::unwind() | ??:?:torch::CapturedTraceback::gather(bool, bool, bool) | memory_snapshot.cpp:?:torch::cuda::(anonymous namespace)::gather_with_cpp() | CUDACachingAllocator.cpp:?:c10::cuda::CUDACachingAllocator::Native::DeviceCachingAllocator::malloc(signed char, unsigned long, CUstream_st*) | ?:?:c10::cuda::CUDACachingAllocator::Native::NativeCachingAllocator::malloc(void**, signed char, unsigned long, CUstream_st*) | ?:?:c10::cuda::CUDACachingAllocator::Native::NativeCachingAllocator::allocate(unsigned long) | ?:?:at::TensorBase at::detail::_empty_strided_generic<c10::ArrayRef<long> >(c10::ArrayRef<long>, c10::ArrayRef<long>, c10::Allocator*, c10::DispatchKeySet, c10::ScalarType) | ??:?:at::detail::empty_strided_generic(c10::ArrayRef<long>, c10::ArrayRef<long>, c10::Allocator*, c10::DispatchKeySet, c10::ScalarType)"
active_allocated,7956256212,7.4098410196602345,FullRank,0,memlive_3b_fullrank_fsdp_offload,FSDP+offload,post_optimizer_step,unavailable
active_allocated,1650329600,1.5369892120361328,FullRank,0,memlive_3b_fullrank_fsdp_offload,FSDP+offload,post_optimizer_step,"??:?:torch::unwind::unwind() | ??:?:torch::CapturedTraceback::gather(bool, bool, bool) | memory_snapshot.cpp:?:torch::cuda::(anonymous namespace)::gather_with_cpp() | CUDACachingAllocator.cpp:?:c10::cuda::CUDACachingAllocator::Native::DeviceCachingAllocator::malloc(signed char, unsigned long, CUstream_st*) | ?:?:c10::cuda::CUDACachingAllocator::Native::NativeCachingAllocator::malloc(void**, signed char, unsigned long, CUstream_st*) | ?:?:c10::cuda::CUDACachingAllocator::Native::NativeCachingAllocator::allocate(unsigned long) | ??:?:at::native::resize_bytes_cuda(c10::StorageImpl*, unsigned long) | StorageMethods.cpp:?:THPStorage_resize_(_object*, _object*)"
active_allocated,67518477,0.06288148183375597,FullRank,0,memlive_3b_fullrank_fsdp_offload,FSDP+offload,post_optimizer_step,"??:?:torch::unwind::unwind() | ??:?:torch::CapturedTraceback::gather(bool, bool, bool) | memory_snapshot.cpp:?:torch::cuda::(anonymous namespace)::gather_with_cpp() | CUDACachingAllocator.cpp:?:c10::cuda::CUDACachingAllocator::Native::DeviceCachingAllocator::malloc(signed char, unsigned long, CUstream_st*) | ?:?:c10::cuda::CUDACachingAllocator::Native::NativeCachingAllocator::malloc(void**, signed char, unsigned long, CUstream_st*) | ?:?:c10::cuda::CUDACachingAllocator::Native::NativeCachingAllocator::allocate(unsigned long) | ?:?:at::TensorBase at::detail::_empty_generic<long>(c10::ArrayRef<long>, c10::Allocator*, c10::DispatchKeySet, c10::ScalarType, std::optional<c10::MemoryFormat>) | ??:?:at::detail::empty_generic(c10::ArrayRef<long>, c10::Allocator*, c10::DispatchKeySet, c10::ScalarType, std::optional<c10::MemoryFormat>)"
active_allocated,17039360,0.015869140625,FullRank,0,memlive_3b_fullrank_fsdp_offload,FSDP+offload,post_optimizer_step,"??:?:torch::unwind::unwind() | ??:?:torch::CapturedTraceback::gather(bool, bool, bool) | memory_snapshot.cpp:?:torch::cuda::(anonymous namespace)::gather_with_cpp() | CUDACachingAllocator.cpp:?:c10::cuda::CUDACachingAllocator::Native::DeviceCachingAllocator::malloc(signed char, unsigned long, CUstream_st*) | ?:?:c10::cuda::CUDACachingAllocator::Native::NativeCachingAllocator::malloc(void**, signed char, unsigned long, CUstream_st*) | ?:?:c10::cuda::CUDACachingAllocator::Native::NativeCachingAllocator::allocate(unsigned long) | ?:?:at::cuda::getNewWorkspace() | ??:?:at::cuda::getCurrentCUDABlasHandle()"
active_allocated,1077252,0.0010032691061496735,FullRank,0,memlive_3b_fullrank_fsdp_offload,FSDP+offload,post_optimizer_step,"??:?:torch::unwind::unwind() | ??:?:torch::CapturedTraceback::gather(bool, bool, bool) | memory_snapshot.cpp:?:torch::cuda::(anonymous namespace)::gather_with_cpp() | CUDACachingAllocator.cpp:?:c10::cuda::CUDACachingAllocator::Native::DeviceCachingAllocator::malloc(signed char, unsigned long, CUstream_st*) | ?:?:c10::cuda::CUDACachingAllocator::Native::NativeCachingAllocator::malloc(void**, signed char, unsigned long, CUstream_st*) | ?:?:c10::cuda::CUDACachingAllocator::Native::NativeCachingAllocator::allocate(unsigned long) | ?:?:at::TensorBase at::detail::_empty_strided_generic<c10::ArrayRef<long> >(c10::ArrayRef<long>, c10::ArrayRef<long>, c10::Allocator*, c10::DispatchKeySet, c10::ScalarType) | ??:?:at::detail::empty_strided_generic(c10::ArrayRef<long>, c10::ArrayRef<long>, c10::Allocator*, c10::DispatchKeySet, c10::ScalarType)"
active_allocated,7956256212,7.4098410196602345,FullRank,0,memlive_3b_fullrank_fsdp_offload,FSDP+offload,post_optimizer_step,unavailable
active_allocated,1650329600,1.5369892120361328,FullRank,0,memlive_3b_fullrank_fsdp_offload,FSDP+offload,post_optimizer_step,"??:?:torch::unwind::unwind() | ??:?:torch::CapturedTraceback::gather(bool, bool, bool) | memory_snapshot.cpp:?:torch::cuda::(anonymous namespace)::gather_with_cpp() | CUDACachingAllocator.cpp:?:c10::cuda::CUDACachingAllocator::Native::DeviceCachingAllocator::malloc(signed char, unsigned long, CUstream_st*) | ?:?:c10::cuda::CUDACachingAllocator::Native::NativeCachingAllocator::malloc(void**, signed char, unsigned long, CUstream_st*) | ?:?:c10::cuda::CUDACachingAllocator::Native::NativeCachingAllocator::allocate(unsigned long) | ??:?:at::native::resize_bytes_cuda(c10::StorageImpl*, unsigned long) | StorageMethods.cpp:?:THPStorage_resize_(_object*, _object*)"
active_allocated,67518477,0.06288148183375597,FullRank,0,memlive_3b_fullrank_fsdp_offload,FSDP+offload,post_optimizer_step,"??:?:torch::unwind::unwind() | ??:?:torch::CapturedTraceback::gather(bool, bool, bool) | memory_snapshot.cpp:?:torch::cuda::(anonymous namespace)::gather_with_cpp() | CUDACachingAllocator.cpp:?:c10::cuda::CUDACachingAllocator::Native::DeviceCachingAllocator::malloc(signed char, unsigned long, CUstream_st*) | ?:?:c10::cuda::CUDACachingAllocator::Native::NativeCachingAllocator::malloc(void**, signed char, unsigned long, CUstream_st*) | ?:?:c10::cuda::CUDACachingAllocator::Native::NativeCachingAllocator::allocate(unsigned long) | ?:?:at::TensorBase at::detail::_empty_generic<long>(c10::ArrayRef<long>, c10::Allocator*, c10::DispatchKeySet, c10::ScalarType, std::optional<c10::MemoryFormat>) | ??:?:at::detail::empty_generic(c10::ArrayRef<long>, c10::Allocator*, c10::DispatchKeySet, c10::ScalarType, std::optional<c10::MemoryFormat>)"
active_allocated,17039360,0.015869140625,FullRank,0,memlive_3b_fullrank_fsdp_offload,FSDP+offload,post_optimizer_step,"??:?:torch::unwind::unwind() | ??:?:torch::CapturedTraceback::gather(bool, bool, bool) | memory_snapshot.cpp:?:torch::cuda::(anonymous namespace)::gather_with_cpp() | CUDACachingAllocator.cpp:?:c10::cuda::CUDACachingAllocator::Native::DeviceCachingAllocator::malloc(signed char, unsigned long, CUstream_st*) | ?:?:c10::cuda::CUDACachingAllocator::Native::NativeCachingAllocator::malloc(void**, signed char, unsigned long, CUstream_st*) | ?:?:c10::cuda::CUDACachingAllocator::Native::NativeCachingAllocator::allocate(unsigned long) | ?:?:at::cuda::getNewWorkspace() | ??:?:at::cuda::getCurrentCUDABlasHandle()"
active_allocated,1077252,0.0010032691061496735,FullRank,0,memlive_3b_fullrank_fsdp_offload,FSDP+offload,post_optimizer_step,"??:?:torch::unwind::unwind() | ??:?:torch::CapturedTraceback::gather(bool, bool, bool) | memory_snapshot.cpp:?:torch::cuda::(anonymous namespace)::gather_with_cpp() | CUDACachingAllocator.cpp:?:c10::cuda::CUDACachingAllocator::Native::DeviceCachingAllocator::malloc(signed char, unsigned long, CUstream_st*) | ?:?:c10::cuda::CUDACachingAllocator::Native::NativeCachingAllocator::malloc(void**, signed char, unsigned long, CUstream_st*) | ?:?:c10::cuda::CUDACachingAllocator::Native::NativeCachingAllocator::allocate(unsigned long) | ?:?:at::TensorBase at::detail::_empty_strided_generic<c10::ArrayRef<long> >(c10::ArrayRef<long>, c10::ArrayRef<long>, c10::Allocator*, c10::DispatchKeySet, c10::ScalarType) | ??:?:at::detail::empty_strided_generic(c10::ArrayRef<long>, c10::ArrayRef<long>, c10::Allocator*, c10::DispatchKeySet, c10::ScalarType)"
active_allocated,7956256212,7.4098410196602345,FullRank,0,memlive_3b_fullrank_fsdp_offload,FSDP+offload,post_optimizer_step,unavailable
active_allocated,1650329600,1.5369892120361328,FullRank,0,memlive_3b_fullrank_fsdp_offload,FSDP+offload,post_optimizer_step,"??:?:torch::unwind::unwind() | ??:?:torch::CapturedTraceback::gather(bool, bool, bool) | memory_snapshot.cpp:?:torch::cuda::(anonymous namespace)::gather_with_cpp() | CUDACachingAllocator.cpp:?:c10::cuda::CUDACachingAllocator::Native::DeviceCachingAllocator::malloc(signed char, unsigned long, CUstream_st*) | ?:?:c10::cuda::CUDACachingAllocator::Native::NativeCachingAllocator::malloc(void**, signed char, unsigned long, CUstream_st*) | ?:?:c10::cuda::CUDACachingAllocator::Native::NativeCachingAllocator::allocate(unsigned long) | ??:?:at::native::resize_bytes_cuda(c10::StorageImpl*, unsigned long) | StorageMethods.cpp:?:THPStorage_resize_(_object*, _object*)"
active_allocated,67518477,0.06288148183375597,FullRank,0,memlive_3b_fullrank_fsdp_offload,FSDP+offload,post_optimizer_step,"??:?:torch::unwind::unwind() | ??:?:torch::CapturedTraceback::gather(bool, bool, bool) | memory_snapshot.cpp:?:torch::cuda::(anonymous namespace)::gather_with_cpp() | CUDACachingAllocator.cpp:?:c10::cuda::CUDACachingAllocator::Native::DeviceCachingAllocator::malloc(signed char, unsigned long, CUstream_st*) | ?:?:c10::cuda::CUDACachingAllocator::Native::NativeCachingAllocator::malloc(void**, signed char, unsigned long, CUstream_st*) | ?:?:c10::cuda::CUDACachingAllocator::Native::NativeCachingAllocator::allocate(unsigned long) | ?:?:at::TensorBase at::detail::_empty_generic<long>(c10::ArrayRef<long>, c10::Allocator*, c10::DispatchKeySet, c10::ScalarType, std::optional<c10::MemoryFormat>) | ??:?:at::detail::empty_generic(c10::ArrayRef<long>, c10::Allocator*, c10::DispatchKeySet, c10::ScalarType, std::optional<c10::MemoryFormat>)"
active_allocated,17039360,0.015869140625,FullRank,0,memlive_3b_fullrank_fsdp_offload,FSDP+offload,post_optimizer_step,"??:?:torch::unwind::unwind() | ??:?:torch::CapturedTraceback::gather(bool, bool, bool) | memory_snapshot.cpp:?:torch::cuda::(anonymous namespace)::gather_with_cpp() | CUDACachingAllocator.cpp:?:c10::cuda::CUDACachingAllocator::Native::DeviceCachingAllocator::malloc(signed char, unsigned long, CUstream_st*) | ?:?:c10::cuda::CUDACachingAllocator::Native::NativeCachingAllocator::malloc(void**, signed char, unsigned long, CUstream_st*) | ?:?:c10::cuda::CUDACachingAllocator::Native::NativeCachingAllocator::allocate(unsigned long) | ?:?:at::cuda::getNewWorkspace() | ??:?:at::cuda::getCurrentCUDABlasHandle()"
active_allocated,1077252,0.0010032691061496735,FullRank,0,memlive_3b_fullrank_fsdp_offload,FSDP+offload,post_optimizer_step,"??:?:torch::unwind::unwind() | ??:?:torch::CapturedTraceback::gather(bool, bool, bool) | memory_snapshot.cpp:?:torch::cuda::(anonymous namespace)::gather_with_cpp() | CUDACachingAllocator.cpp:?:c10::cuda::CUDACachingAllocator::Native::DeviceCachingAllocator::malloc(signed char, unsigned long, CUstream_st*) | ?:?:c10::cuda::CUDACachingAllocator::Native::NativeCachingAllocator::malloc(void**, signed char, unsigned long, CUstream_st*) | ?:?:c10::cuda::CUDACachingAllocator::Native::NativeCachingAllocator::allocate(unsigned long) | ?:?:at::TensorBase at::detail::_empty_strided_generic<c10::ArrayRef<long> >(c10::ArrayRef<long>, c10::ArrayRef<long>, c10::Allocator*, c10::DispatchKeySet, c10::ScalarType) | ??:?:at::detail::empty_strided_generic(c10::ArrayRef<long>, c10::ArrayRef<long>, c10::Allocator*, c10::DispatchKeySet, c10::ScalarType)"
active_allocated,7956256212,7.4098410196602345,FullRank,0,memlive_3b_fullrank_fsdp_offload,FSDP+offload,post_optimizer_step,unavailable
active_allocated,1650329600,1.5369892120361328,FullRank,0,memlive_3b_fullrank_fsdp_offload,FSDP+offload,post_optimizer_step,"??:?:torch::unwind::unwind() | ??:?:torch::CapturedTraceback::gather(bool, bool, bool) | memory_snapshot.cpp:?:torch::cuda::(anonymous namespace)::gather_with_cpp() | CUDACachingAllocator.cpp:?:c10::cuda::CUDACachingAllocator::Native::DeviceCachingAllocator::malloc(signed char, unsigned long, CUstream_st*) | ?:?:c10::cuda::CUDACachingAllocator::Native::NativeCachingAllocator::malloc(void**, signed char, unsigned long, CUstream_st*) | ?:?:c10::cuda::CUDACachingAllocator::Native::NativeCachingAllocator::allocate(unsigned long) | ??:?:at::native::resize_bytes_cuda(c10::StorageImpl*, unsigned long) | StorageMethods.cpp:?:THPStorage_resize_(_object*, _object*)"
active_allocated,67518477,0.06288148183375597,FullRank,0,memlive_3b_fullrank_fsdp_offload,FSDP+offload,post_optimizer_step,"??:?:torch::unwind::unwind() | ??:?:torch::CapturedTraceback::gather(bool, bool, bool) | memory_snapshot.cpp:?:torch::cuda::(anonymous namespace)::gather_with_cpp() | CUDACachingAllocator.cpp:?:c10::cuda::CUDACachingAllocator::Native::DeviceCachingAllocator::malloc(signed char, unsigned long, CUstream_st*) | ?:?:c10::cuda::CUDACachingAllocator::Native::NativeCachingAllocator::malloc(void**, signed char, unsigned long, CUstream_st*) | ?:?:c10::cuda::CUDACachingAllocator::Native::NativeCachingAllocator::allocate(unsigned long) | ?:?:at::TensorBase at::detail::_empty_generic<long>(c10::ArrayRef<long>, c10::Allocator*, c10::DispatchKeySet, c10::ScalarType, std::optional<c10::MemoryFormat>) | ??:?:at::detail::empty_generic(c10::ArrayRef<long>, c10::Allocator*, c10::DispatchKeySet, c10::ScalarType, std::optional<c10::MemoryFormat>)"
active_allocated,17039360,0.015869140625,FullRank,0,memlive_3b_fullrank_fsdp_offload,FSDP+offload,post_optimizer_step,"??:?:torch::unwind::unwind() | ??:?:torch::CapturedTraceback::gather(bool, bool, bool) | memory_snapshot.cpp:?:torch::cuda::(anonymous namespace)::gather_with_cpp() | CUDACachingAllocator.cpp:?:c10::cuda::CUDACachingAllocator::Native::DeviceCachingAllocator::malloc(signed char, unsigned long, CUstream_st*) | ?:?:c10::cuda::CUDACachingAllocator::Native::NativeCachingAllocator::malloc(void**, signed char, unsigned long, CUstream_st*) | ?:?:c10::cuda::CUDACachingAllocator::Native::NativeCachingAllocator::allocate(unsigned long) | ?:?:at::cuda::getNewWorkspace() | ??:?:at::cuda::getCurrentCUDABlasHandle()"
active_allocated,1077252,0.0010032691061496735,FullRank,0,memlive_3b_fullrank_fsdp_offload,FSDP+offload,post_optimizer_step,"??:?:torch::unwind::unwind() | ??:?:torch::CapturedTraceback::gather(bool, bool, bool) | memory_snapshot.cpp:?:torch::cuda::(anonymous namespace)::gather_with_cpp() | CUDACachingAllocator.cpp:?:c10::cuda::CUDACachingAllocator::Native::DeviceCachingAllocator::malloc(signed char, unsigned long, CUstream_st*) | ?:?:c10::cuda::CUDACachingAllocator::Native::NativeCachingAllocator::malloc(void**, signed char, unsigned long, CUstream_st*) | ?:?:c10::cuda::CUDACachingAllocator::Native::NativeCachingAllocator::allocate(unsigned long) | ?:?:at::TensorBase at::detail::_empty_strided_generic<c10::ArrayRef<long> >(c10::ArrayRef<long>, c10::ArrayRef<long>, c10::Allocator*, c10::DispatchKeySet, c10::ScalarType) | ??:?:at::detail::empty_strided_generic(c10::ArrayRef<long>, c10::ArrayRef<long>, c10::Allocator*, c10::DispatchKeySet, c10::ScalarType)"
active_allocated,7956256212,7.4098410196602345,FullRank,0,memlive_3b_fullrank_fsdp_offload,FSDP+offload,post_optimizer_step,unavailable
active_allocated,1650329600,1.5369892120361328,FullRank,0,memlive_3b_fullrank_fsdp_offload,FSDP+offload,post_optimizer_step,"??:?:torch::unwind::unwind() | ??:?:torch::CapturedTraceback::gather(bool, bool, bool) | memory_snapshot.cpp:?:torch::cuda::(anonymous namespace)::gather_with_cpp() | CUDACachingAllocator.cpp:?:c10::cuda::CUDACachingAllocator::Native::DeviceCachingAllocator::malloc(signed char, unsigned long, CUstream_st*) | ?:?:c10::cuda::CUDACachingAllocator::Native::NativeCachingAllocator::malloc(void**, signed char, unsigned long, CUstream_st*) | ?:?:c10::cuda::CUDACachingAllocator::Native::NativeCachingAllocator::allocate(unsigned long) | ??:?:at::native::resize_bytes_cuda(c10::StorageImpl*, unsigned long) | StorageMethods.cpp:?:THPStorage_resize_(_object*, _object*)"
active_allocated,67518477,0.06288148183375597,FullRank,0,memlive_3b_fullrank_fsdp_offload,FSDP+offload,post_optimizer_step,"??:?:torch::unwind::unwind() | ??:?:torch::CapturedTraceback::gather(bool, bool, bool) | memory_snapshot.cpp:?:torch::cuda::(anonymous namespace)::gather_with_cpp() | CUDACachingAllocator.cpp:?:c10::cuda::CUDACachingAllocator::Native::DeviceCachingAllocator::malloc(signed char, unsigned long, CUstream_st*) | ?:?:c10::cuda::CUDACachingAllocator::Native::NativeCachingAllocator::malloc(void**, signed char, unsigned long, CUstream_st*) | ?:?:c10::cuda::CUDACachingAllocator::Native::NativeCachingAllocator::allocate(unsigned long) | ?:?:at::TensorBase at::detail::_empty_generic<long>(c10::ArrayRef<long>, c10::Allocator*, c10::DispatchKeySet, c10::ScalarType, std::optional<c10::MemoryFormat>) | ??:?:at::detail::empty_generic(c10::ArrayRef<long>, c10::Allocator*, c10::DispatchKeySet, c10::ScalarType, std::optional<c10::MemoryFormat>)"
active_allocated,17039360,0.015869140625,FullRank,0,memlive_3b_fullrank_fsdp_offload,FSDP+offload,post_optimizer_step,"??:?:torch::unwind::unwind() | ??:?:torch::CapturedTraceback::gather(bool, bool, bool) | memory_snapshot.cpp:?:torch::cuda::(anonymous namespace)::gather_with_cpp() | CUDACachingAllocator.cpp:?:c10::cuda::CUDACachingAllocator::Native::DeviceCachingAllocator::malloc(signed char, unsigned long, CUstream_st*) | ?:?:c10::cuda::CUDACachingAllocator::Native::NativeCachingAllocator::malloc(void**, signed char, unsigned long, CUstream_st*) | ?:?:c10::cuda::CUDACachingAllocator::Native::NativeCachingAllocator::allocate(unsigned long) | ?:?:at::cuda::getNewWorkspace() | ??:?:at::cuda::getCurrentCUDABlasHandle()"
active_allocated,1077252,0.0010032691061496735,FullRank,0,memlive_3b_fullrank_fsdp_offload,FSDP+offload,post_optimizer_step,"??:?:torch::unwind::unwind() | ??:?:torch::CapturedTraceback::gather(bool, bool, bool) | memory_snapshot.cpp:?:torch::cuda::(anonymous namespace)::gather_with_cpp() | CUDACachingAllocator.cpp:?:c10::cuda::CUDACachingAllocator::Native::DeviceCachingAllocator::malloc(signed char, unsigned long, CUstream_st*) | ?:?:c10::cuda::CUDACachingAllocator::Native::NativeCachingAllocator::malloc(void**, signed char, unsigned long, CUstream_st*) | ?:?:c10::cuda::CUDACachingAllocator::Native::NativeCachingAllocator::allocate(unsigned long) | ?:?:at::TensorBase at::detail::_empty_strided_generic<c10::ArrayRef<long> >(c10::ArrayRef<long>, c10::ArrayRef<long>, c10::Allocator*, c10::DispatchKeySet, c10::ScalarType) | ??:?:at::detail::empty_strided_generic(c10::ArrayRef<long>, c10::ArrayRef<long>, c10::Allocator*, c10::DispatchKeySet, c10::ScalarType)"
active_allocated,7956256212,7.4098410196602345,FullRank,0,memlive_3b_fullrank_fsdp_offload,FSDP+offload,post_optimizer_step,unavailable
active_allocated,1650329600,1.5369892120361328,FullRank,0,memlive_3b_fullrank_fsdp_offload,FSDP+offload,post_optimizer_step,"??:?:torch::unwind::unwind() | ??:?:torch::CapturedTraceback::gather(bool, bool, bool) | memory_snapshot.cpp:?:torch::cuda::(anonymous namespace)::gather_with_cpp() | CUDACachingAllocator.cpp:?:c10::cuda::CUDACachingAllocator::Native::DeviceCachingAllocator::malloc(signed char, unsigned long, CUstream_st*) | ?:?:c10::cuda::CUDACachingAllocator::Native::NativeCachingAllocator::malloc(void**, signed char, unsigned long, CUstream_st*) | ?:?:c10::cuda::CUDACachingAllocator::Native::NativeCachingAllocator::allocate(unsigned long) | ??:?:at::native::resize_bytes_cuda(c10::StorageImpl*, unsigned long) | StorageMethods.cpp:?:THPStorage_resize_(_object*, _object*)"
active_allocated,67518477,0.06288148183375597,FullRank,0,memlive_3b_fullrank_fsdp_offload,FSDP+offload,post_optimizer_step,"??:?:torch::unwind::unwind() | ??:?:torch::CapturedTraceback::gather(bool, bool, bool) | memory_snapshot.cpp:?:torch::cuda::(anonymous namespace)::gather_with_cpp() | CUDACachingAllocator.cpp:?:c10::cuda::CUDACachingAllocator::Native::DeviceCachingAllocator::malloc(signed char, unsigned long, CUstream_st*) | ?:?:c10::cuda::CUDACachingAllocator::Native::NativeCachingAllocator::malloc(void**, signed char, unsigned long, CUstream_st*) | ?:?:c10::cuda::CUDACachingAllocator::Native::NativeCachingAllocator::allocate(unsigned long) | ?:?:at::TensorBase at::detail::_empty_generic<long>(c10::ArrayRef<long>, c10::Allocator*, c10::DispatchKeySet, c10::ScalarType, std::optional<c10::MemoryFormat>) | ??:?:at::detail::empty_generic(c10::ArrayRef<long>, c10::Allocator*, c10::DispatchKeySet, c10::ScalarType, std::optional<c10::MemoryFormat>)"
active_allocated,17039360,0.015869140625,FullRank,0,memlive_3b_fullrank_fsdp_offload,FSDP+offload,post_optimizer_step,"??:?:torch::unwind::unwind() | ??:?:torch::CapturedTraceback::gather(bool, bool, bool) | memory_snapshot.cpp:?:torch::cuda::(anonymous namespace)::gather_with_cpp() | CUDACachingAllocator.cpp:?:c10::cuda::CUDACachingAllocator::Native::DeviceCachingAllocator::malloc(signed char, unsigned long, CUstream_st*) | ?:?:c10::cuda::CUDACachingAllocator::Native::NativeCachingAllocator::malloc(void**, signed char, unsigned long, CUstream_st*) | ?:?:c10::cuda::CUDACachingAllocator::Native::NativeCachingAllocator::allocate(unsigned long) | ?:?:at::cuda::getNewWorkspace() | ??:?:at::cuda::getCurrentCUDABlasHandle()"
active_allocated,1077252,0.0010032691061496735,FullRank,0,memlive_3b_fullrank_fsdp_offload,FSDP+offload,post_optimizer_step,"??:?:torch::unwind::unwind() | ??:?:torch::CapturedTraceback::gather(bool, bool, bool) | memory_snapshot.cpp:?:torch::cuda::(anonymous namespace)::gather_with_cpp() | CUDACachingAllocator.cpp:?:c10::cuda::CUDACachingAllocator::Native::DeviceCachingAllocator::malloc(signed char, unsigned long, CUstream_st*) | ?:?:c10::cuda::CUDACachingAllocator::Native::NativeCachingAllocator::malloc(void**, signed char, unsigned long, CUstream_st*) | ?:?:c10::cuda::CUDACachingAllocator::Native::NativeCachingAllocator::allocate(unsigned long) | ?:?:at::TensorBase at::detail::_empty_strided_generic<c10::ArrayRef<long> >(c10::ArrayRef<long>, c10::ArrayRef<long>, c10::Allocator*, c10::DispatchKeySet, c10::ScalarType) | ??:?:at::detail::empty_strided_generic(c10::ArrayRef<long>, c10::ArrayRef<long>, c10::Allocator*, c10::DispatchKeySet, c10::ScalarType)"
active_allocated,7956256212,7.4098410196602345,FullRank,0,memlive_3b_fullrank_fsdp_offload,FSDP+offload,post_optimizer_step,unavailable
active_allocated,1650329600,1.5369892120361328,FullRank,0,memlive_3b_fullrank_fsdp_offload,FSDP+offload,post_optimizer_step,"??:?:torch::unwind::unwind() | ??:?:torch::CapturedTraceback::gather(bool, bool, bool) | memory_snapshot.cpp:?:torch::cuda::(anonymous namespace)::gather_with_cpp() | CUDACachingAllocator.cpp:?:c10::cuda::CUDACachingAllocator::Native::DeviceCachingAllocator::malloc(signed char, unsigned long, CUstream_st*) | ?:?:c10::cuda::CUDACachingAllocator::Native::NativeCachingAllocator::malloc(void**, signed char, unsigned long, CUstream_st*) | ?:?:c10::cuda::CUDACachingAllocator::Native::NativeCachingAllocator::allocate(unsigned long) | ??:?:at::native::resize_bytes_cuda(c10::StorageImpl*, unsigned long) | StorageMethods.cpp:?:THPStorage_resize_(_object*, _object*)"
active_allocated,67518477,0.06288148183375597,FullRank,0,memlive_3b_fullrank_fsdp_offload,FSDP+offload,post_optimizer_step,"??:?:torch::unwind::unwind() | ??:?:torch::CapturedTraceback::gather(bool, bool, bool) | memory_snapshot.cpp:?:torch::cuda::(anonymous namespace)::gather_with_cpp() | CUDACachingAllocator.cpp:?:c10::cuda::CUDACachingAllocator::Native::DeviceCachingAllocator::malloc(signed char, unsigned long, CUstream_st*) | ?:?:c10::cuda::CUDACachingAllocator::Native::NativeCachingAllocator::malloc(void**, signed char, unsigned long, CUstream_st*) | ?:?:c10::cuda::CUDACachingAllocator::Native::NativeCachingAllocator::allocate(unsigned long) | ?:?:at::TensorBase at::detail::_empty_generic<long>(c10::ArrayRef<long>, c10::Allocator*, c10::DispatchKeySet, c10::ScalarType, std::optional<c10::MemoryFormat>) | ??:?:at::detail::empty_generic(c10::ArrayRef<long>, c10::Allocator*, c10::DispatchKeySet, c10::ScalarType, std::optional<c10::MemoryFormat>)"
active_allocated,17039360,0.015869140625,FullRank,0,memlive_3b_fullrank_fsdp_offload,FSDP+offload,post_optimizer_step,"??:?:torch::unwind::unwind() | ??:?:torch::CapturedTraceback::gather(bool, bool, bool) | memory_snapshot.cpp:?:torch::cuda::(anonymous namespace)::gather_with_cpp() | CUDACachingAllocator.cpp:?:c10::cuda::CUDACachingAllocator::Native::DeviceCachingAllocator::malloc(signed char, unsigned long, CUstream_st*) | ?:?:c10::cuda::CUDACachingAllocator::Native::NativeCachingAllocator::malloc(void**, signed char, unsigned long, CUstream_st*) | ?:?:c10::cuda::CUDACachingAllocator::Native::NativeCachingAllocator::allocate(unsigned long) | ?:?:at::cuda::getNewWorkspace() | ??:?:at::cuda::getCurrentCUDABlasHandle()"
active_allocated,1077252,0.0010032691061496735,FullRank,0,memlive_3b_fullrank_fsdp_offload,FSDP+offload,post_optimizer_step,"??:?:torch::unwind::unwind() | ??:?:torch::CapturedTraceback::gather(bool, bool, bool) | memory_snapshot.cpp:?:torch::cuda::(anonymous namespace)::gather_with_cpp() | CUDACachingAllocator.cpp:?:c10::cuda::CUDACachingAllocator::Native::DeviceCachingAllocator::malloc(signed char, unsigned long, CUstream_st*) | ?:?:c10::cuda::CUDACachingAllocator::Native::NativeCachingAllocator::malloc(void**, signed char, unsigned long, CUstream_st*) | ?:?:c10::cuda::CUDACachingAllocator::Native::NativeCachingAllocator::allocate(unsigned long) | ?:?:at::TensorBase at::detail::_empty_strided_generic<c10::ArrayRef<long> >(c10::ArrayRef<long>, c10::ArrayRef<long>, c10::Allocator*, c10::DispatchKeySet, c10::ScalarType) | ??:?:at::detail::empty_strided_generic(c10::ArrayRef<long>, c10::ArrayRef<long>, c10::Allocator*, c10::DispatchKeySet, c10::ScalarType)"
active_allocated,7956256212,7.4098410196602345,FullRank,0,memlive_3b_fullrank_fsdp_offload,FSDP+offload,post_optimizer_step,unavailable
active_allocated,1650329600,1.5369892120361328,FullRank,0,memlive_3b_fullrank_fsdp_offload,FSDP+offload,post_optimizer_step,"??:?:torch::unwind::unwind() | ??:?:torch::CapturedTraceback::gather(bool, bool, bool) | memory_snapshot.cpp:?:torch::cuda::(anonymous namespace)::gather_with_cpp() | CUDACachingAllocator.cpp:?:c10::cuda::CUDACachingAllocator::Native::DeviceCachingAllocator::malloc(signed char, unsigned long, CUstream_st*) | ?:?:c10::cuda::CUDACachingAllocator::Native::NativeCachingAllocator::malloc(void**, signed char, unsigned long, CUstream_st*) | ?:?:c10::cuda::CUDACachingAllocator::Native::NativeCachingAllocator::allocate(unsigned long) | ??:?:at::native::resize_bytes_cuda(c10::StorageImpl*, unsigned long) | StorageMethods.cpp:?:THPStorage_resize_(_object*, _object*)"
active_allocated,67518477,0.06288148183375597,FullRank,0,memlive_3b_fullrank_fsdp_offload,FSDP+offload,post_optimizer_step,"??:?:torch::unwind::unwind() | ??:?:torch::CapturedTraceback::gather(bool, bool, bool) | memory_snapshot.cpp:?:torch::cuda::(anonymous namespace)::gather_with_cpp() | CUDACachingAllocator.cpp:?:c10::cuda::CUDACachingAllocator::Native::DeviceCachingAllocator::malloc(signed char, unsigned long, CUstream_st*) | ?:?:c10::cuda::CUDACachingAllocator::Native::NativeCachingAllocator::malloc(void**, signed char, unsigned long, CUstream_st*) | ?:?:c10::cuda::CUDACachingAllocator::Native::NativeCachingAllocator::allocate(unsigned long) | ?:?:at::TensorBase at::detail::_empty_generic<long>(c10::ArrayRef<long>, c10::Allocator*, c10::DispatchKeySet, c10::ScalarType, std::optional<c10::MemoryFormat>) | ??:?:at::detail::empty_generic(c10::ArrayRef<long>, c10::Allocator*, c10::DispatchKeySet, c10::ScalarType, std::optional<c10::MemoryFormat>)"
active_allocated,17039360,0.015869140625,FullRank,0,memlive_3b_fullrank_fsdp_offload,FSDP+offload,post_optimizer_step,"??:?:torch::unwind::unwind() | ??:?:torch::CapturedTraceback::gather(bool, bool, bool) | memory_snapshot.cpp:?:torch::cuda::(anonymous namespace)::gather_with_cpp() | CUDACachingAllocator.cpp:?:c10::cuda::CUDACachingAllocator::Native::DeviceCachingAllocator::malloc(signed char, unsigned long, CUstream_st*) | ?:?:c10::cuda::CUDACachingAllocator::Native::NativeCachingAllocator::malloc(void**, signed char, unsigned long, CUstream_st*) | ?:?:c10::cuda::CUDACachingAllocator::Native::NativeCachingAllocator::allocate(unsigned long) | ?:?:at::cuda::getNewWorkspace() | ??:?:at::cuda::getCurrentCUDABlasHandle()"
active_allocated,1077252,0.0010032691061496735,FullRank,0,memlive_3b_fullrank_fsdp_offload,FSDP+offload,post_optimizer_step,"??:?:torch::unwind::unwind() | ??:?:torch::CapturedTraceback::gather(bool, bool, bool) | memory_snapshot.cpp:?:torch::cuda::(anonymous namespace)::gather_with_cpp() | CUDACachingAllocator.cpp:?:c10::cuda::CUDACachingAllocator::Native::DeviceCachingAllocator::malloc(signed char, unsigned long, CUstream_st*) | ?:?:c10::cuda::CUDACachingAllocator::Native::NativeCachingAllocator::malloc(void**, signed char, unsigned long, CUstream_st*) | ?:?:c10::cuda::CUDACachingAllocator::Native::NativeCachingAllocator::allocate(unsigned long) | ?:?:at::TensorBase at::detail::_empty_strided_generic<c10::ArrayRef<long> >(c10::ArrayRef<long>, c10::ArrayRef<long>, c10::Allocator*, c10::DispatchKeySet, c10::ScalarType) | ??:?:at::detail::empty_strided_generic(c10::ArrayRef<long>, c10::ArrayRef<long>, c10::Allocator*, c10::DispatchKeySet, c10::ScalarType)"
active_allocated,7956256212,7.4098410196602345,FullRank,0,memlive_3b_fullrank_fsdp_offload,FSDP+offload,post_optimizer_step,unavailable
active_allocated,1650329600,1.5369892120361328,FullRank,0,memlive_3b_fullrank_fsdp_offload,FSDP+offload,post_optimizer_step,"??:?:torch::unwind::unwind() | ??:?:torch::CapturedTraceback::gather(bool, bool, bool) | memory_snapshot.cpp:?:torch::cuda::(anonymous namespace)::gather_with_cpp() | CUDACachingAllocator.cpp:?:c10::cuda::CUDACachingAllocator::Native::DeviceCachingAllocator::malloc(signed char, unsigned long, CUstream_st*) | ?:?:c10::cuda::CUDACachingAllocator::Native::NativeCachingAllocator::malloc(void**, signed char, unsigned long, CUstream_st*) | ?:?:c10::cuda::CUDACachingAllocator::Native::NativeCachingAllocator::allocate(unsigned long) | ??:?:at::native::resize_bytes_cuda(c10::StorageImpl*, unsigned long) | StorageMethods.cpp:?:THPStorage_resize_(_object*, _object*)"
active_allocated,67518477,0.06288148183375597,FullRank,0,memlive_3b_fullrank_fsdp_offload,FSDP+offload,post_optimizer_step,"??:?:torch::unwind::unwind() | ??:?:torch::CapturedTraceback::gather(bool, bool, bool) | memory_snapshot.cpp:?:torch::cuda::(anonymous namespace)::gather_with_cpp() | CUDACachingAllocator.cpp:?:c10::cuda::CUDACachingAllocator::Native::DeviceCachingAllocator::malloc(signed char, unsigned long, CUstream_st*) | ?:?:c10::cuda::CUDACachingAllocator::Native::NativeCachingAllocator::malloc(void**, signed char, unsigned long, CUstream_st*) | ?:?:c10::cuda::CUDACachingAllocator::Native::NativeCachingAllocator::allocate(unsigned long) | ?:?:at::TensorBase at::detail::_empty_generic<long>(c10::ArrayRef<long>, c10::Allocator*, c10::DispatchKeySet, c10::ScalarType, std::optional<c10::MemoryFormat>) | ??:?:at::detail::empty_generic(c10::ArrayRef<long>, c10::Allocator*, c10::DispatchKeySet, c10::ScalarType, std::optional<c10::MemoryFormat>)"
active_allocated,17039360,0.015869140625,FullRank,0,memlive_3b_fullrank_fsdp_offload,FSDP+offload,post_optimizer_step,"??:?:torch::unwind::unwind() | ??:?:torch::CapturedTraceback::gather(bool, bool, bool) | memory_snapshot.cpp:?:torch::cuda::(anonymous namespace)::gather_with_cpp() | CUDACachingAllocator.cpp:?:c10::cuda::CUDACachingAllocator::Native::DeviceCachingAllocator::malloc(signed char, unsigned long, CUstream_st*) | ?:?:c10::cuda::CUDACachingAllocator::Native::NativeCachingAllocator::malloc(void**, signed char, unsigned long, CUstream_st*) | ?:?:c10::cuda::CUDACachingAllocator::Native::NativeCachingAllocator::allocate(unsigned long) | ?:?:at::cuda::getNewWorkspace() | ??:?:at::cuda::getCurrentCUDABlasHandle()"
active_allocated,1077252,0.0010032691061496735,FullRank,0,memlive_3b_fullrank_fsdp_offload,FSDP+offload,post_optimizer_step,"??:?:torch::unwind::unwind() | ??:?:torch::CapturedTraceback::gather(bool, bool, bool) | memory_snapshot.cpp:?:torch::cuda::(anonymous namespace)::gather_with_cpp() | CUDACachingAllocator.cpp:?:c10::cuda::CUDACachingAllocator::Native::DeviceCachingAllocator::malloc(signed char, unsigned long, CUstream_st*) | ?:?:c10::cuda::CUDACachingAllocator::Native::NativeCachingAllocator::malloc(void**, signed char, unsigned long, CUstream_st*) | ?:?:c10::cuda::CUDACachingAllocator::Native::NativeCachingAllocator::allocate(unsigned long) | ?:?:at::TensorBase at::detail::_empty_strided_generic<c10::ArrayRef<long> >(c10::ArrayRef<long>, c10::ArrayRef<long>, c10::Allocator*, c10::DispatchKeySet, c10::ScalarType) | ??:?:at::detail::empty_strided_generic(c10::ArrayRef<long>, c10::ArrayRef<long>, c10::Allocator*, c10::DispatchKeySet, c10::ScalarType)"
active_allocated,7956256212,7.4098410196602345,FullRank,0,memlive_3b_fullrank_fsdp_offload,FSDP+offload,steady_state_after_iter_10,unavailable
active_allocated,1650329600,1.5369892120361328,FullRank,0,memlive_3b_fullrank_fsdp_offload,FSDP+offload,steady_state_after_iter_10,"??:?:torch::unwind::unwind() | ??:?:torch::CapturedTraceback::gather(bool, bool, bool) | memory_snapshot.cpp:?:torch::cuda::(anonymous namespace)::gather_with_cpp() | CUDACachingAllocator.cpp:?:c10::cuda::CUDACachingAllocator::Native::DeviceCachingAllocator::malloc(signed char, unsigned long, CUstream_st*) | ?:?:c10::cuda::CUDACachingAllocator::Native::NativeCachingAllocator::malloc(void**, signed char, unsigned long, CUstream_st*) | ?:?:c10::cuda::CUDACachingAllocator::Native::NativeCachingAllocator::allocate(unsigned long) | ??:?:at::native::resize_bytes_cuda(c10::StorageImpl*, unsigned long) | StorageMethods.cpp:?:THPStorage_resize_(_object*, _object*)"
active_allocated,67518469,0.06288147438317537,FullRank,0,memlive_3b_fullrank_fsdp_offload,FSDP+offload,steady_state_after_iter_10,"??:?:torch::unwind::unwind() | ??:?:torch::CapturedTraceback::gather(bool, bool, bool) | memory_snapshot.cpp:?:torch::cuda::(anonymous namespace)::gather_with_cpp() | CUDACachingAllocator.cpp:?:c10::cuda::CUDACachingAllocator::Native::DeviceCachingAllocator::malloc(signed char, unsigned long, CUstream_st*) | ?:?:c10::cuda::CUDACachingAllocator::Native::NativeCachingAllocator::malloc(void**, signed char, unsigned long, CUstream_st*) | ?:?:c10::cuda::CUDACachingAllocator::Native::NativeCachingAllocator::allocate(unsigned long) | ?:?:at::TensorBase at::detail::_empty_generic<long>(c10::ArrayRef<long>, c10::Allocator*, c10::DispatchKeySet, c10::ScalarType, std::optional<c10::MemoryFormat>) | ??:?:at::detail::empty_generic(c10::ArrayRef<long>, c10::Allocator*, c10::DispatchKeySet, c10::ScalarType, std::optional<c10::MemoryFormat>)"
active_allocated,17039360,0.015869140625,FullRank,0,memlive_3b_fullrank_fsdp_offload,FSDP+offload,steady_state_after_iter_10,"??:?:torch::unwind::unwind() | ??:?:torch::CapturedTraceback::gather(bool, bool, bool) | memory_snapshot.cpp:?:torch::cuda::(anonymous namespace)::gather_with_cpp() | CUDACachingAllocator.cpp:?:c10::cuda::CUDACachingAllocator::Native::DeviceCachingAllocator::malloc(signed char, unsigned long, CUstream_st*) | ?:?:c10::cuda::CUDACachingAllocator::Native::NativeCachingAllocator::malloc(void**, signed char, unsigned long, CUstream_st*) | ?:?:c10::cuda::CUDACachingAllocator::Native::NativeCachingAllocator::allocate(unsigned long) | ?:?:at::cuda::getNewWorkspace() | ??:?:at::cuda::getCurrentCUDABlasHandle()"
active_allocated,1077252,0.0010032691061496735,FullRank,0,memlive_3b_fullrank_fsdp_offload,FSDP+offload,steady_state_after_iter_10,"??:?:torch::unwind::unwind() | ??:?:torch::CapturedTraceback::gather(bool, bool, bool) | memory_snapshot.cpp:?:torch::cuda::(anonymous namespace)::gather_with_cpp() | CUDACachingAllocator.cpp:?:c10::cuda::CUDACachingAllocator::Native::DeviceCachingAllocator::malloc(signed char, unsigned long, CUstream_st*) | ?:?:c10::cuda::CUDACachingAllocator::Native::NativeCachingAllocator::malloc(void**, signed char, unsigned long, CUstream_st*) | ?:?:c10::cuda::CUDACachingAllocator::Native::NativeCachingAllocator::allocate(unsigned long) | ?:?:at::TensorBase at::detail::_empty_strided_generic<c10::ArrayRef<long> >(c10::ArrayRef<long>, c10::ArrayRef<long>, c10::Allocator*, c10::DispatchKeySet, c10::ScalarType) | ??:?:at::detail::empty_strided_generic(c10::ArrayRef<long>, c10::ArrayRef<long>, c10::Allocator*, c10::DispatchKeySet, c10::ScalarType)"
